PLANT ID,PLANT NAME,REPORTED PRIME MOVER,REPORTED FUEL TYPE CODE,MER FUEL TYPE CODE,NUCLEAR UNIT ID,COMBINED HEAT AND POWER PLANT,YEAR,file,variable,value,MONTH,period,energy_type,prime_mover_type,mer_type,common_name,sensor_name
57657,Avra Valley Solar,PV,SUN,SUN,,N,2012,EIA923_Schedules_2_3_4_5_M_12_2012_Final_Revision.xlsx,ELEC MMBTU DEC,20222,DEC,2012-12-01,Solar,Photovoltaic,Solar,quantity-consumed-electricity,Solar - Photovoltaic - Solar - Quantity Consumed For Electricity
57657,Avra Valley Solar,PV,SUN,SUN,,N,2012,EIA923_Schedules_2_3_4_5_M_12_2012_Final_Revision.xlsx,NETGEN DEC,2125,DEC,2012-12-01,Solar,Photovoltaic,Solar,generation,Solar - Photovoltaic - Solar - Generation
57657,Avra Valley Solar,PV,SUN,SUN,,N,2012,EIA923_Schedules_2_3_4_5_M_12_2012_Final_Revision.xlsx,TOT MMBTU DEC,20222,DEC,2012-12-01,Solar,Photovoltaic,Solar,total-fuel-consumed,Solar - Photovoltaic - Solar - Total Fuel Consumed
57657,Avra Valley Solar,PV,SUN,SUN,,N,2013,EIA923_Schedules_2_3_4_5_2013_Final_Revision.xlsx,ELEC MMBTU JAN,40149,JAN,2013-01-01,Solar,Photovoltaic,Solar,quantity-consumed-electricity,Solar - Photovoltaic - Solar - Quantity Consumed For Electricity
57657,Avra Valley Solar,PV,SUN,SUN,,N,2013,EIA923_Schedules_2_3_4_5_2013_Final_Revision.xlsx,NETGEN JAN,4208,JAN,2013-01-01,Solar,Photovoltaic,Solar,generation,Solar - Photovoltaic - Solar - Generation
57657,Avra Valley Solar,PV,SUN,SUN,,N,2013,EIA923_Schedules_2_3_4_5_2013_Final_Revision.xlsx,TOT MMBTU JAN,40149,JAN,2013-01-01,Solar,Photovoltaic,Solar,total-fuel-consumed,Solar - Photovoltaic - Solar - Total Fuel Consumed
57657,Avra Valley Solar,PV,SUN,SUN,,N,2013,EIA923_Schedules_2_3_4_5_2013_Final_Revision.xlsx,NETGEN FEB,5074,FEB,2013-02-01,Solar,Photovoltaic,Solar,generation,Solar - Photovoltaic - Solar - Generation
57657,Avra Valley Solar,PV,SUN,SUN,,N,2013,EIA923_Schedules_2_3_4_5_2013_Final_Revision.xlsx,TOT MMBTU FEB,48411,FEB,2013-02-01,Solar,Photovoltaic,Solar,total-fuel-consumed,Solar - Photovoltaic - Solar - Total Fuel Consumed
57657,Avra Valley Solar,PV,SUN,SUN,,N,2013,EIA923_Schedules_2_3_4_5_2013_Final_Revision.xlsx,ELEC MMBTU FEB,48411,FEB,2013-02-01,Solar,Photovoltaic,Solar,quantity-consumed-electricity,Solar - Photovoltaic - Solar - Quantity Consumed For Electricity
57657,Avra Valley Solar,PV,SUN,SUN,,N,2013,EIA923_Schedules_2_3_4_5_2013_Final_Revision.xlsx,NETGEN MAR,6694,MAR,2013-03-01,Solar,Photovoltaic,Solar,generation,Solar - Photovoltaic - Solar - Generation
57657,Avra Valley Solar,PV,SUN,SUN,,N,2013,EIA923_Schedules_2_3_4_5_2013_Final_Revision.xlsx,ELEC MMBTU MAR,63867,MAR,2013-03-01,Solar,Photovoltaic,Solar,quantity-consumed-electricity,Solar - Photovoltaic - Solar - Quantity Consumed For Electricity
57657,Avra Valley Solar,PV,SUN,SUN,,N,2013,EIA923_Schedules_2_3_4_5_2013_Final_Revision.xlsx,TOT MMBTU MAR,63867,MAR,2013-03-01,Solar,Photovoltaic,Solar,total-fuel-consumed,Solar - Photovoltaic - Solar - Total Fuel Consumed
57657,Avra Valley Solar,PV,SUN,SUN,,N,2013,EIA923_Schedules_2_3_4_5_2013_Final_Revision.xlsx,ELEC MMBTU APR,75832,APR,2013-04-01,Solar,Photovoltaic,Solar,quantity-consumed-electricity,Solar - Photovoltaic - Solar - Quantity Consumed For Electricity
57657,Avra Valley Solar,PV,SUN,SUN,,N,2013,EIA923_Schedules_2_3_4_5_2013_Final_Revision.xlsx,NETGEN APR,7948,APR,2013-04-01,Solar,Photovoltaic,Solar,generation,Solar - Photovoltaic - Solar - Generation
57657,Avra Valley Solar,PV,SUN,SUN,,N,2013,EIA923_Schedules_2_3_4_5_2013_Final_Revision.xlsx,TOT MMBTU APR,75832,APR,2013-04-01,Solar,Photovoltaic,Solar,total-fuel-consumed,Solar - Photovoltaic - Solar - Total Fuel Consumed
57657,Avra Valley Solar,PV,SUN,SUN,,N,2013,EIA923_Schedules_2_3_4_5_2013_Final_Revision.xlsx,NETGEN MAY,8475,MAY,2013-05-01,Solar,Photovoltaic,Solar,generation,Solar - Photovoltaic - Solar - Generation
57657,Avra Valley Solar,PV,SUN,SUN,,N,2013,EIA923_Schedules_2_3_4_5_2013_Final_Revision.xlsx,ELEC MMBTU MAY,80860,MAY,2013-05-01,Solar,Photovoltaic,Solar,quantity-consumed-electricity,Solar - Photovoltaic - Solar - Quantity Consumed For Electricity
57657,Avra Valley Solar,PV,SUN,SUN,,N,2013,EIA923_Schedules_2_3_4_5_2013_Final_Revision.xlsx,TOT MMBTU MAY,80860,MAY,2013-05-01,Solar,Photovoltaic,Solar,total-fuel-consumed,Solar - Photovoltaic - Solar - Total Fuel Consumed
57657,Avra Valley Solar,PV,SUN,SUN,,N,2013,EIA923_Schedules_2_3_4_5_2013_Final_Revision.xlsx,NETGEN JUN,8847,JUN,2013-06-01,Solar,Photovoltaic,Solar,generation,Solar - Photovoltaic - Solar - Generation
57657,Avra Valley Solar,PV,SUN,SUN,,N,2013,EIA923_Schedules_2_3_4_5_2013_Final_Revision.xlsx,TOT MMBTU JUN,84409,JUN,2013-06-01,Solar,Photovoltaic,Solar,total-fuel-consumed,Solar - Photovoltaic - Solar - Total Fuel Consumed
57657,Avra Valley Solar,PV,SUN,SUN,,N,2013,EIA923_Schedules_2_3_4_5_2013_Final_Revision.xlsx,ELEC MMBTU JUN,84409,JUN,2013-06-01,Solar,Photovoltaic,Solar,quantity-consumed-electricity,Solar - Photovoltaic - Solar - Quantity Consumed For Electricity
57657,Avra Valley Solar,PV,SUN,SUN,,N,2013,EIA923_Schedules_2_3_4_5_2013_Final_Revision.xlsx,ELEC MMBTU JUL,65070,JUL,2013-07-01,Solar,Photovoltaic,Solar,quantity-consumed-electricity,Solar - Photovoltaic - Solar - Quantity Consumed For Electricity
57657,Avra Valley Solar,PV,SUN,SUN,,N,2013,EIA923_Schedules_2_3_4_5_2013_Final_Revision.xlsx,NETGEN JUL,6820,JUL,2013-07-01,Solar,Photovoltaic,Solar,generation,Solar - Photovoltaic - Solar - Generation
57657,Avra Valley Solar,PV,SUN,SUN,,N,2013,EIA923_Schedules_2_3_4_5_2013_Final_Revision.xlsx,TOT MMBTU JUL,65070,JUL,2013-07-01,Solar,Photovoltaic,Solar,total-fuel-consumed,Solar - Photovoltaic - Solar - Total Fuel Consumed
57657,Avra Valley Solar,PV,SUN,SUN,,N,2013,EIA923_Schedules_2_3_4_5_2013_Final_Revision.xlsx,TOT MMBTU AUG,58448,AUG,2013-08-01,Solar,Photovoltaic,Solar,total-fuel-consumed,Solar - Photovoltaic - Solar - Total Fuel Consumed
57657,Avra Valley Solar,PV,SUN,SUN,,N,2013,EIA923_Schedules_2_3_4_5_2013_Final_Revision.xlsx,NETGEN AUG,6126,AUG,2013-08-01,Solar,Photovoltaic,Solar,generation,Solar - Photovoltaic - Solar - Generation
57657,Avra Valley Solar,PV,SUN,SUN,,N,2013,EIA923_Schedules_2_3_4_5_2013_Final_Revision.xlsx,ELEC MMBTU AUG,58448,AUG,2013-08-01,Solar,Photovoltaic,Solar,quantity-consumed-electricity,Solar - Photovoltaic - Solar - Quantity Consumed For Electricity
57657,Avra Valley Solar,PV,SUN,SUN,,N,2013,EIA923_Schedules_2_3_4_5_2013_Final_Revision.xlsx,ELEC MMBTU SEP,62694,SEP,2013-09-01,Solar,Photovoltaic,Solar,quantity-consumed-electricity,Solar - Photovoltaic - Solar - Quantity Consumed For Electricity
57657,Avra Valley Solar,PV,SUN,SUN,,N,2013,EIA923_Schedules_2_3_4_5_2013_Final_Revision.xlsx,TOT MMBTU SEP,62694,SEP,2013-09-01,Solar,Photovoltaic,Solar,total-fuel-consumed,Solar - Photovoltaic - Solar - Total Fuel Consumed
57657,Avra Valley Solar,PV,SUN,SUN,,N,2013,EIA923_Schedules_2_3_4_5_2013_Final_Revision.xlsx,NETGEN SEP,6571,SEP,2013-09-01,Solar,Photovoltaic,Solar,generation,Solar - Photovoltaic - Solar - Generation
57657,Avra Valley Solar,PV,SUN,SUN,,N,2013,EIA923_Schedules_2_3_4_5_2013_Final_Revision.xlsx,ELEC MMBTU OCT,61778,OCT,2013-10-01,Solar,Photovoltaic,Solar,quantity-consumed-electricity,Solar - Photovoltaic - Solar - Quantity Consumed For Electricity
57657,Avra Valley Solar,PV,SUN,SUN,,N,2013,EIA923_Schedules_2_3_4_5_2013_Final_Revision.xlsx,TOT MMBTU OCT,61778,OCT,2013-10-01,Solar,Photovoltaic,Solar,total-fuel-consumed,Solar - Photovoltaic - Solar - Total Fuel Consumed
57657,Avra Valley Solar,PV,SUN,SUN,,N,2013,EIA923_Schedules_2_3_4_5_2013_Final_Revision.xlsx,NETGEN OCT,6475,OCT,2013-10-01,Solar,Photovoltaic,Solar,generation,Solar - Photovoltaic - Solar - Generation
57657,Avra Valley Solar,PV,SUN,SUN,,N,2013,EIA923_Schedules_2_3_4_5_2013_Final_Revision.xlsx,ELEC MMBTU NOV,41799,NOV,2013-11-01,Solar,Photovoltaic,Solar,quantity-consumed-electricity,Solar - Photovoltaic - Solar - Quantity Consumed For Electricity
57657,Avra Valley Solar,PV,SUN,SUN,,N,2013,EIA923_Schedules_2_3_4_5_2013_Final_Revision.xlsx,NETGEN NOV,4381,NOV,2013-11-01,Solar,Photovoltaic,Solar,generation,Solar - Photovoltaic - Solar - Generation
57657,Avra Valley Solar,PV,SUN,SUN,,N,2013,EIA923_Schedules_2_3_4_5_2013_Final_Revision.xlsx,TOT MMBTU NOV,41799,NOV,2013-11-01,Solar,Photovoltaic,Solar,total-fuel-consumed,Solar - Photovoltaic - Solar - Total Fuel Consumed
57657,Avra Valley Solar,PV,SUN,SUN,,N,2013,EIA923_Schedules_2_3_4_5_2013_Final_Revision.xlsx,NETGEN DEC,4193,DEC,2013-12-01,Solar,Photovoltaic,Solar,generation,Solar - Photovoltaic - Solar - Generation
57657,Avra Valley Solar,PV,SUN,SUN,,N,2013,EIA923_Schedules_2_3_4_5_2013_Final_Revision.xlsx,TOT MMBTU DEC,40005,DEC,2013-12-01,Solar,Photovoltaic,Solar,total-fuel-consumed,Solar - Photovoltaic - Solar - Total Fuel Consumed
57657,Avra Valley Solar,PV,SUN,SUN,,N,2013,EIA923_Schedules_2_3_4_5_2013_Final_Revision.xlsx,ELEC MMBTU DEC,40005,DEC,2013-12-01,Solar,Photovoltaic,Solar,quantity-consumed-electricity,Solar - Photovoltaic - Solar - Quantity Consumed For Electricity
57657,Avra Valley Solar,PV,SUN,SUN,,N,2014,EIA923_Schedules_2_3_4_5_M_12_2014_Final_Revision.xlsx,ELEC MMBTU JAN,43166,JAN,2014-01-01,Solar,Photovoltaic,Solar,quantity-consumed-electricity,Solar - Photovoltaic - Solar - Quantity Consumed For Electricity
57657,Avra Valley Solar,PV,SUN,SUN,,N,2014,EIA923_Schedules_2_3_4_5_M_12_2014_Final_Revision.xlsx,TOT MMBTU JAN,43166,JAN,2014-01-01,Solar,Photovoltaic,Solar,total-fuel-consumed,Solar - Photovoltaic - Solar - Total Fuel Consumed
57657,Avra Valley Solar,PV,SUN,SUN,,N,2014,EIA923_Schedules_2_3_4_5_M_12_2014_Final_Revision.xlsx,NETGEN JAN,4539,JAN,2014-01-01,Solar,Photovoltaic,Solar,generation,Solar - Photovoltaic - Solar - Generation
57657,Avra Valley Solar,PV,SUN,SUN,,N,2014,EIA923_Schedules_2_3_4_5_M_12_2014_Final_Revision.xlsx,TOT MMBTU FEB,43765,FEB,2014-02-01,Solar,Photovoltaic,Solar,total-fuel-consumed,Solar - Photovoltaic - Solar - Total Fuel Consumed
57657,Avra Valley Solar,PV,SUN,SUN,,N,2014,EIA923_Schedules_2_3_4_5_M_12_2014_Final_Revision.xlsx,NETGEN FEB,4602,FEB,2014-02-01,Solar,Photovoltaic,Solar,generation,Solar - Photovoltaic - Solar - Generation
57657,Avra Valley Solar,PV,SUN,SUN,,N,2014,EIA923_Schedules_2_3_4_5_M_12_2014_Final_Revision.xlsx,ELEC MMBTU FEB,43765,FEB,2014-02-01,Solar,Photovoltaic,Solar,quantity-consumed-electricity,Solar - Photovoltaic - Solar - Quantity Consumed For Electricity
57657,Avra Valley Solar,PV,SUN,SUN,,N,2014,EIA923_Schedules_2_3_4_5_M_12_2014_Final_Revision.xlsx,NETGEN MAR,6868,MAR,2014-03-01,Solar,Photovoltaic,Solar,generation,Solar - Photovoltaic - Solar - Generation
57657,Avra Valley Solar,PV,SUN,SUN,,N,2014,EIA923_Schedules_2_3_4_5_M_12_2014_Final_Revision.xlsx,TOT MMBTU MAR,65315,MAR,2014-03-01,Solar,Photovoltaic,Solar,total-fuel-consumed,Solar - Photovoltaic - Solar - Total Fuel Consumed
57657,Avra Valley Solar,PV,SUN,SUN,,N,2014,EIA923_Schedules_2_3_4_5_M_12_2014_Final_Revision.xlsx,ELEC MMBTU MAR,65315,MAR,2014-03-01,Solar,Photovoltaic,Solar,quantity-consumed-electricity,Solar - Photovoltaic - Solar - Quantity Consumed For Electricity
57657,Avra Valley Solar,PV,SUN,SUN,,N,2014,EIA923_Schedules_2_3_4_5_M_12_2014_Final_Revision.xlsx,ELEC MMBTU APR,70155,APR,2014-04-01,Solar,Photovoltaic,Solar,quantity-consumed-electricity,Solar - Photovoltaic - Solar - Quantity Consumed For Electricity
57657,Avra Valley Solar,PV,SUN,SUN,,N,2014,EIA923_Schedules_2_3_4_5_M_12_2014_Final_Revision.xlsx,TOT MMBTU APR,70155,APR,2014-04-01,Solar,Photovoltaic,Solar,total-fuel-consumed,Solar - Photovoltaic - Solar - Total Fuel Consumed
57657,Avra Valley Solar,PV,SUN,SUN,,N,2014,EIA923_Schedules_2_3_4_5_M_12_2014_Final_Revision.xlsx,NETGEN APR,7377,APR,2014-04-01,Solar,Photovoltaic,Solar,generation,Solar - Photovoltaic - Solar - Generation
57657,Avra Valley Solar,PV,SUN,SUN,,N,2014,EIA923_Schedules_2_3_4_5_M_12_2014_Final_Revision.xlsx,ELEC MMBTU MAY,79152,MAY,2014-05-01,Solar,Photovoltaic,Solar,quantity-consumed-electricity,Solar - Photovoltaic - Solar - Quantity Consumed For Electricity
57657,Avra Valley Solar,PV,SUN,SUN,,N,2014,EIA923_Schedules_2_3_4_5_M_12_2014_Final_Revision.xlsx,NETGEN MAY,8323,MAY,2014-05-01,Solar,Photovoltaic,Solar,generation,Solar - Photovoltaic - Solar - Generation
57657,Avra Valley Solar,PV,SUN,SUN,,N,2014,EIA923_Schedules_2_3_4_5_M_12_2014_Final_Revision.xlsx,TOT MMBTU MAY,79152,MAY,2014-05-01,Solar,Photovoltaic,Solar,total-fuel-consumed,Solar - Photovoltaic - Solar - Total Fuel Consumed
57657,Avra Valley Solar,PV,SUN,SUN,,N,2014,EIA923_Schedules_2_3_4_5_M_12_2014_Final_Revision.xlsx,NETGEN JUN,8680,JUN,2014-06-01,Solar,Photovoltaic,Solar,generation,Solar - Photovoltaic - Solar - Generation
57657,Avra Valley Solar,PV,SUN,SUN,,N,2014,EIA923_Schedules_2_3_4_5_M_12_2014_Final_Revision.xlsx,TOT MMBTU JUN,82547,JUN,2014-06-01,Solar,Photovoltaic,Solar,total-fuel-consumed,Solar - Photovoltaic - Solar - Total Fuel Consumed
57657,Avra Valley Solar,PV,SUN,SUN,,N,2014,EIA923_Schedules_2_3_4_5_M_12_2014_Final_Revision.xlsx,ELEC MMBTU JUN,82547,JUN,2014-06-01,Solar,Photovoltaic,Solar,quantity-consumed-electricity,Solar - Photovoltaic - Solar - Quantity Consumed For Electricity
57657,Avra Valley Solar,PV,SUN,SUN,,N,2014,EIA923_Schedules_2_3_4_5_M_12_2014_Final_Revision.xlsx,ELEC MMBTU JUL,64782,JUL,2014-07-01,Solar,Photovoltaic,Solar,quantity-consumed-electricity,Solar - Photovoltaic - Solar - Quantity Consumed For Electricity
57657,Avra Valley Solar,PV,SUN,SUN,,N,2014,EIA923_Schedules_2_3_4_5_M_12_2014_Final_Revision.xlsx,NETGEN JUL,6812,JUL,2014-07-01,Solar,Photovoltaic,Solar,generation,Solar - Photovoltaic - Solar - Generation
57657,Avra Valley Solar,PV,SUN,SUN,,N,2014,EIA923_Schedules_2_3_4_5_M_12_2014_Final_Revision.xlsx,TOT MMBTU JUL,64782,JUL,2014-07-01,Solar,Photovoltaic,Solar,total-fuel-consumed,Solar - Photovoltaic - Solar - Total Fuel Consumed
57657,Avra Valley Solar,PV,SUN,SUN,,N,2014,EIA923_Schedules_2_3_4_5_M_12_2014_Final_Revision.xlsx,TOT MMBTU AUG,66969,AUG,2014-08-01,Solar,Photovoltaic,Solar,total-fuel-consumed,Solar - Photovoltaic - Solar - Total Fuel Consumed
57657,Avra Valley Solar,PV,SUN,SUN,,N,2014,EIA923_Schedules_2_3_4_5_M_12_2014_Final_Revision.xlsx,ELEC MMBTU AUG,66969,AUG,2014-08-01,Solar,Photovoltaic,Solar,quantity-consumed-electricity,Solar - Photovoltaic - Solar - Quantity Consumed For Electricity
57657,Avra Valley Solar,PV,SUN,SUN,,N,2014,EIA923_Schedules_2_3_4_5_M_12_2014_Final_Revision.xlsx,NETGEN AUG,7042,AUG,2014-08-01,Solar,Photovoltaic,Solar,generation,Solar - Photovoltaic - Solar - Generation
57657,Avra Valley Solar,PV,SUN,SUN,,N,2014,EIA923_Schedules_2_3_4_5_M_12_2014_Final_Revision.xlsx,TOT MMBTU SEP,56442,SEP,2014-09-01,Solar,Photovoltaic,Solar,total-fuel-consumed,Solar - Photovoltaic - Solar - Total Fuel Consumed
57657,Avra Valley Solar,PV,SUN,SUN,,N,2014,EIA923_Schedules_2_3_4_5_M_12_2014_Final_Revision.xlsx,NETGEN SEP,5935,SEP,2014-09-01,Solar,Photovoltaic,Solar,generation,Solar - Photovoltaic - Solar - Generation
57657,Avra Valley Solar,PV,SUN,SUN,,N,2014,EIA923_Schedules_2_3_4_5_M_12_2014_Final_Revision.xlsx,ELEC MMBTU SEP,56442,SEP,2014-09-01,Solar,Photovoltaic,Solar,quantity-consumed-electricity,Solar - Photovoltaic - Solar - Quantity Consumed For Electricity
57657,Avra Valley Solar,PV,SUN,SUN,,N,2014,EIA923_Schedules_2_3_4_5_M_12_2014_Final_Revision.xlsx,TOT MMBTU OCT,55301,OCT,2014-10-01,Solar,Photovoltaic,Solar,total-fuel-consumed,Solar - Photovoltaic - Solar - Total Fuel Consumed
57657,Avra Valley Solar,PV,SUN,SUN,,N,2014,EIA923_Schedules_2_3_4_5_M_12_2014_Final_Revision.xlsx,ELEC MMBTU OCT,55301,OCT,2014-10-01,Solar,Photovoltaic,Solar,quantity-consumed-electricity,Solar - Photovoltaic - Solar - Quantity Consumed For Electricity
57657,Avra Valley Solar,PV,SUN,SUN,,N,2014,EIA923_Schedules_2_3_4_5_M_12_2014_Final_Revision.xlsx,NETGEN OCT,5815,OCT,2014-10-01,Solar,Photovoltaic,Solar,generation,Solar - Photovoltaic - Solar - Generation
57657,Avra Valley Solar,PV,SUN,SUN,,N,2014,EIA923_Schedules_2_3_4_5_M_12_2014_Final_Revision.xlsx,ELEC MMBTU NOV,44678,NOV,2014-11-01,Solar,Photovoltaic,Solar,quantity-consumed-electricity,Solar - Photovoltaic - Solar - Quantity Consumed For Electricity
57657,Avra Valley Solar,PV,SUN,SUN,,N,2014,EIA923_Schedules_2_3_4_5_M_12_2014_Final_Revision.xlsx,TOT MMBTU NOV,44678,NOV,2014-11-01,Solar,Photovoltaic,Solar,total-fuel-consumed,Solar - Photovoltaic - Solar - Total Fuel Consumed
57657,Avra Valley Solar,PV,SUN,SUN,,N,2014,EIA923_Schedules_2_3_4_5_M_12_2014_Final_Revision.xlsx,NETGEN NOV,4698,NOV,2014-11-01,Solar,Photovoltaic,Solar,generation,Solar - Photovoltaic - Solar - Generation
57657,Avra Valley Solar,PV,SUN,SUN,,N,2014,EIA923_Schedules_2_3_4_5_M_12_2014_Final_Revision.xlsx,TOT MMBTU DEC,32933,DEC,2014-12-01,Solar,Photovoltaic,Solar,total-fuel-consumed,Solar - Photovoltaic - Solar - Total Fuel Consumed
57657,Avra Valley Solar,PV,SUN,SUN,,N,2014,EIA923_Schedules_2_3_4_5_M_12_2014_Final_Revision.xlsx,NETGEN DEC,3463,DEC,2014-12-01,Solar,Photovoltaic,Solar,generation,Solar - Photovoltaic - Solar - Generation
57657,Avra Valley Solar,PV,SUN,SUN,,N,2014,EIA923_Schedules_2_3_4_5_M_12_2014_Final_Revision.xlsx,ELEC MMBTU DEC,32933,DEC,2014-12-01,Solar,Photovoltaic,Solar,quantity-consumed-electricity,Solar - Photovoltaic - Solar - Quantity Consumed For Electricity
57657,Avra Valley Solar,PV,SUN,SUN,,N,2015,EIA923_Schedules_2_3_4_5_M_12_2015_Final_Revision.xlsx,NETGEN JAN,3721,JAN,2015-01-01,Solar,Photovoltaic,Solar,generation,Solar - Photovoltaic - Solar - Generation
57657,Avra Valley Solar,PV,SUN,SUN,,N,2015,EIA923_Schedules_2_3_4_5_M_12_2015_Final_Revision.xlsx,ELEC MMBTU JAN,34676,JAN,2015-01-01,Solar,Photovoltaic,Solar,quantity-consumed-electricity,Solar - Photovoltaic - Solar - Quantity Consumed For Electricity
57657,Avra Valley Solar,PV,SUN,SUN,,N,2015,EIA923_Schedules_2_3_4_5_M_12_2015_Final_Revision.xlsx,TOT MMBTU JAN,34676,JAN,2015-01-01,Solar,Photovoltaic,Solar,total-fuel-consumed,Solar - Photovoltaic - Solar - Total Fuel Consumed
57657,Avra Valley Solar,PV,SUN,SUN,,N,2015,EIA923_Schedules_2_3_4_5_M_12_2015_Final_Revision.xlsx,TOT MMBTU FEB,45933,FEB,2015-02-01,Solar,Photovoltaic,Solar,total-fuel-consumed,Solar - Photovoltaic - Solar - Total Fuel Consumed
57657,Avra Valley Solar,PV,SUN,SUN,,N,2015,EIA923_Schedules_2_3_4_5_M_12_2015_Final_Revision.xlsx,ELEC MMBTU FEB,45933,FEB,2015-02-01,Solar,Photovoltaic,Solar,quantity-consumed-electricity,Solar - Photovoltaic - Solar - Quantity Consumed For Electricity
57657,Avra Valley Solar,PV,SUN,SUN,,N,2015,EIA923_Schedules_2_3_4_5_M_12_2015_Final_Revision.xlsx,NETGEN FEB,4929,FEB,2015-02-01,Solar,Photovoltaic,Solar,generation,Solar - Photovoltaic - Solar - Generation
57657,Avra Valley Solar,PV,SUN,SUN,,N,2015,EIA923_Schedules_2_3_4_5_M_12_2015_Final_Revision.xlsx,TOT MMBTU MAR,61142,MAR,2015-03-01,Solar,Photovoltaic,Solar,total-fuel-consumed,Solar - Photovoltaic - Solar - Total Fuel Consumed
57657,Avra Valley Solar,PV,SUN,SUN,,N,2015,EIA923_Schedules_2_3_4_5_M_12_2015_Final_Revision.xlsx,ELEC MMBTU MAR,61142,MAR,2015-03-01,Solar,Photovoltaic,Solar,quantity-consumed-electricity,Solar - Photovoltaic - Solar - Quantity Consumed For Electricity
57657,Avra Valley Solar,PV,SUN,SUN,,N,2015,EIA923_Schedules_2_3_4_5_M_12_2015_Final_Revision.xlsx,NETGEN MAR,6561,MAR,2015-03-01,Solar,Photovoltaic,Solar,generation,Solar - Photovoltaic - Solar - Generation
57657,Avra Valley Solar,PV,SUN,SUN,,N,2015,EIA923_Schedules_2_3_4_5_M_12_2015_Final_Revision.xlsx,NETGEN APR,7644,APR,2015-04-01,Solar,Photovoltaic,Solar,generation,Solar - Photovoltaic - Solar - Generation
57657,Avra Valley Solar,PV,SUN,SUN,,N,2015,EIA923_Schedules_2_3_4_5_M_12_2015_Final_Revision.xlsx,TOT MMBTU APR,71234,APR,2015-04-01,Solar,Photovoltaic,Solar,total-fuel-consumed,Solar - Photovoltaic - Solar - Total Fuel Consumed
57657,Avra Valley Solar,PV,SUN,SUN,,N,2015,EIA923_Schedules_2_3_4_5_M_12_2015_Final_Revision.xlsx,ELEC MMBTU APR,71234,APR,2015-04-01,Solar,Photovoltaic,Solar,quantity-consumed-electricity,Solar - Photovoltaic - Solar - Quantity Consumed For Electricity
57657,Avra Valley Solar,PV,SUN,SUN,,N,2015,EIA923_Schedules_2_3_4_5_M_12_2015_Final_Revision.xlsx,TOT MMBTU JUN,70843,JUN,2015-06-01,Solar,Photovoltaic,Solar,total-fuel-consumed,Solar - Photovoltaic - Solar - Total Fuel Consumed
57657,Avra Valley Solar,PV,SUN,SUN,,N,2015,EIA923_Schedules_2_3_4_5_M_12_2015_Final_Revision.xlsx,NETGEN JUN,7602,JUN,2015-06-01,Solar,Photovoltaic,Solar,generation,Solar - Photovoltaic - Solar - Generation
57657,Avra Valley Solar,PV,SUN,SUN,,N,2015,EIA923_Schedules_2_3_4_5_M_12_2015_Final_Revision.xlsx,ELEC MMBTU JUN,70843,JUN,2015-06-01,Solar,Photovoltaic,Solar,quantity-consumed-electricity,Solar - Photovoltaic - Solar - Quantity Consumed For Electricity
57657,Avra Valley Solar,PV,SUN,SUN,,N,2015,EIA923_Schedules_2_3_4_5_M_12_2015_Final_Revision.xlsx,ELEC MMBTU JUL,62465,JUL,2015-07-01,Solar,Photovoltaic,Solar,quantity-consumed-electricity,Solar - Photovoltaic - Solar - Quantity Consumed For Electricity
57657,Avra Valley Solar,PV,SUN,SUN,,N,2015,EIA923_Schedules_2_3_4_5_M_12_2015_Final_Revision.xlsx,NETGEN JUL,6703,JUL,2015-07-01,Solar,Photovoltaic,Solar,generation,Solar - Photovoltaic - Solar - Generation
57657,Avra Valley Solar,PV,SUN,SUN,,N,2015,EIA923_Schedules_2_3_4_5_M_12_2015_Final_Revision.xlsx,TOT MMBTU JUL,62465,JUL,2015-07-01,Solar,Photovoltaic,Solar,total-fuel-consumed,Solar - Photovoltaic - Solar - Total Fuel Consumed
57657,Avra Valley Solar,PV,SUN,SUN,,N,2015,EIA923_Schedules_2_3_4_5_M_12_2015_Final_Revision.xlsx,TOT MMBTU AUG,63714,AUG,2015-08-01,Solar,Photovoltaic,Solar,total-fuel-consumed,Solar - Photovoltaic - Solar - Total Fuel Consumed
57657,Avra Valley Solar,PV,SUN,SUN,,N,2015,EIA923_Schedules_2_3_4_5_M_12_2015_Final_Revision.xlsx,ELEC MMBTU AUG,63714,AUG,2015-08-01,Solar,Photovoltaic,Solar,quantity-consumed-electricity,Solar - Photovoltaic - Solar - Quantity Consumed For Electricity
57657,Avra Valley Solar,PV,SUN,SUN,,N,2015,EIA923_Schedules_2_3_4_5_M_12_2015_Final_Revision.xlsx,NETGEN AUG,6837,AUG,2015-08-01,Solar,Photovoltaic,Solar,generation,Solar - Photovoltaic - Solar - Generation
57657,Avra Valley Solar,PV,SUN,SUN,,N,2015,EIA923_Schedules_2_3_4_5_M_12_2015_Final_Revision.xlsx,NETGEN SEP,5591,SEP,2015-09-01,Solar,Photovoltaic,Solar,generation,Solar - Photovoltaic - Solar - Generation
57657,Avra Valley Solar,PV,SUN,SUN,,N,2015,EIA923_Schedules_2_3_4_5_M_12_2015_Final_Revision.xlsx,TOT MMBTU SEP,52103,SEP,2015-09-01,Solar,Photovoltaic,Solar,total-fuel-consumed,Solar - Photovoltaic - Solar - Total Fuel Consumed
57657,Avra Valley Solar,PV,SUN,SUN,,N,2015,EIA923_Schedules_2_3_4_5_M_12_2015_Final_Revision.xlsx,ELEC MMBTU SEP,52103,SEP,2015-09-01,Solar,Photovoltaic,Solar,quantity-consumed-electricity,Solar - Photovoltaic - Solar - Quantity Consumed For Electricity
57657,Avra Valley Solar,PV,SUN,SUN,,N,2015,EIA923_Schedules_2_3_4_5_M_12_2015_Final_Revision.xlsx,NETGEN OCT,5214,OCT,2015-10-01,Solar,Photovoltaic,Solar,generation,Solar - Photovoltaic - Solar - Generation
57657,Avra Valley Solar,PV,SUN,SUN,,N,2015,EIA923_Schedules_2_3_4_5_M_12_2015_Final_Revision.xlsx,ELEC MMBTU OCT,48589,OCT,2015-10-01,Solar,Photovoltaic,Solar,quantity-consumed-electricity,Solar - Photovoltaic - Solar - Quantity Consumed For Electricity
57657,Avra Valley Solar,PV,SUN,SUN,,N,2015,EIA923_Schedules_2_3_4_5_M_12_2015_Final_Revision.xlsx,TOT MMBTU OCT,48589,OCT,2015-10-01,Solar,Photovoltaic,Solar,total-fuel-consumed,Solar - Photovoltaic - Solar - Total Fuel Consumed
57657,Avra Valley Solar,PV,SUN,SUN,,N,2015,EIA923_Schedules_2_3_4_5_M_12_2015_Final_Revision.xlsx,NETGEN DEC,3575,DEC,2015-12-01,Solar,Photovoltaic,Solar,generation,Solar - Photovoltaic - Solar - Generation
57657,Avra Valley Solar,PV,SUN,SUN,,N,2015,EIA923_Schedules_2_3_4_5_M_12_2015_Final_Revision.xlsx,ELEC MMBTU DEC,33315,DEC,2015-12-01,Solar,Photovoltaic,Solar,quantity-consumed-electricity,Solar - Photovoltaic - Solar - Quantity Consumed For Electricity
57657,Avra Valley Solar,PV,SUN,SUN,,N,2015,EIA923_Schedules_2_3_4_5_M_12_2015_Final_Revision.xlsx,TOT MMBTU DEC,33315,DEC,2015-12-01,Solar,Photovoltaic,Solar,total-fuel-consumed,Solar - Photovoltaic - Solar - Total Fuel Consumed
57657,Avra Valley Solar,PV,SUN,SUN,,N,2016,EIA923_Schedules_2_3_4_5_M_12_2016_Final_Revision.xlsx,ELEC MMBTU JAN,38017,JAN,2016-01-01,Solar,Photovoltaic,Solar,quantity-consumed-electricity,Solar - Photovoltaic - Solar - Quantity Consumed For Electricity
57657,Avra Valley Solar,PV,SUN,SUN,,N,2016,EIA923_Schedules_2_3_4_5_M_12_2016_Final_Revision.xlsx,NETGEN JAN,4118,JAN,2016-01-01,Solar,Photovoltaic,Solar,generation,Solar - Photovoltaic - Solar - Generation
57657,Avra Valley Solar,PV,SUN,SUN,,N,2016,EIA923_Schedules_2_3_4_5_M_12_2016_Final_Revision.xlsx,TOT MMBTU JAN,38017,JAN,2016-01-01,Solar,Photovoltaic,Solar,total-fuel-consumed,Solar - Photovoltaic - Solar - Total Fuel Consumed
57657,Avra Valley Solar,PV,SUN,SUN,,N,2016,EIA923_Schedules_2_3_4_5_M_12_2016_Final_Revision.xlsx,ELEC MMBTU FEB,50702,FEB,2016-02-01,Solar,Photovoltaic,Solar,quantity-consumed-electricity,Solar - Photovoltaic - Solar - Quantity Consumed For Electricity
57657,Avra Valley Solar,PV,SUN,SUN,,N,2016,EIA923_Schedules_2_3_4_5_M_12_2016_Final_Revision.xlsx,NETGEN FEB,5492,FEB,2016-02-01,Solar,Photovoltaic,Solar,generation,Solar - Photovoltaic - Solar - Generation
57657,Avra Valley Solar,PV,SUN,SUN,,N,2016,EIA923_Schedules_2_3_4_5_M_12_2016_Final_Revision.xlsx,TOT MMBTU FEB,50702,FEB,2016-02-01,Solar,Photovoltaic,Solar,total-fuel-consumed,Solar - Photovoltaic - Solar - Total Fuel Consumed
57657,Avra Valley Solar,PV,SUN,SUN,,N,2016,EIA923_Schedules_2_3_4_5_M_12_2016_Final_Revision.xlsx,NETGEN MAR,6886,MAR,2016-03-01,Solar,Photovoltaic,Solar,generation,Solar - Photovoltaic - Solar - Generation
57657,Avra Valley Solar,PV,SUN,SUN,,N,2016,EIA923_Schedules_2_3_4_5_M_12_2016_Final_Revision.xlsx,TOT MMBTU MAR,63572,MAR,2016-03-01,Solar,Photovoltaic,Solar,total-fuel-consumed,Solar - Photovoltaic - Solar - Total Fuel Consumed
57657,Avra Valley Solar,PV,SUN,SUN,,N,2016,EIA923_Schedules_2_3_4_5_M_12_2016_Final_Revision.xlsx,ELEC MMBTU MAR,63572,MAR,2016-03-01,Solar,Photovoltaic,Solar,quantity-consumed-electricity,Solar - Photovoltaic - Solar - Quantity Consumed For Electricity
57657,Avra Valley Solar,PV,SUN,SUN,,N,2016,EIA923_Schedules_2_3_4_5_M_12_2016_Final_Revision.xlsx,NETGEN APR,7349,APR,2016-04-01,Solar,Photovoltaic,Solar,generation,Solar - Photovoltaic - Solar - Generation
57657,Avra Valley Solar,PV,SUN,SUN,,N,2016,EIA923_Schedules_2_3_4_5_M_12_2016_Final_Revision.xlsx,ELEC MMBTU APR,67846,APR,2016-04-01,Solar,Photovoltaic,Solar,quantity-consumed-electricity,Solar - Photovoltaic - Solar - Quantity Consumed For Electricity
57657,Avra Valley Solar,PV,SUN,SUN,,N,2016,EIA923_Schedules_2_3_4_5_M_12_2016_Final_Revision.xlsx,TOT MMBTU APR,67846,APR,2016-04-01,Solar,Photovoltaic,Solar,total-fuel-consumed,Solar - Photovoltaic - Solar - Total Fuel Consumed
57657,Avra Valley Solar,PV,SUN,SUN,,N,2016,EIA923_Schedules_2_3_4_5_M_12_2016_Final_Revision.xlsx,ELEC MMBTU MAY,79977,MAY,2016-05-01,Solar,Photovoltaic,Solar,quantity-consumed-electricity,Solar - Photovoltaic - Solar - Quantity Consumed For Electricity
57657,Avra Valley Solar,PV,SUN,SUN,,N,2016,EIA923_Schedules_2_3_4_5_M_12_2016_Final_Revision.xlsx,TOT MMBTU MAY,79977,MAY,2016-05-01,Solar,Photovoltaic,Solar,total-fuel-consumed,Solar - Photovoltaic - Solar - Total Fuel Consumed
57657,Avra Valley Solar,PV,SUN,SUN,,N,2016,EIA923_Schedules_2_3_4_5_M_12_2016_Final_Revision.xlsx,NETGEN MAY,8663,MAY,2016-05-01,Solar,Photovoltaic,Solar,generation,Solar - Photovoltaic - Solar - Generation
57657,Avra Valley Solar,PV,SUN,SUN,,N,2016,EIA923_Schedules_2_3_4_5_M_12_2016_Final_Revision.xlsx,ELEC MMBTU JUN,70154,JUN,2016-06-01,Solar,Photovoltaic,Solar,quantity-consumed-electricity,Solar - Photovoltaic - Solar - Quantity Consumed For Electricity
57657,Avra Valley Solar,PV,SUN,SUN,,N,2016,EIA923_Schedules_2_3_4_5_M_12_2016_Final_Revision.xlsx,TOT MMBTU JUN,70154,JUN,2016-06-01,Solar,Photovoltaic,Solar,total-fuel-consumed,Solar - Photovoltaic - Solar - Total Fuel Consumed
57657,Avra Valley Solar,PV,SUN,SUN,,N,2016,EIA923_Schedules_2_3_4_5_M_12_2016_Final_Revision.xlsx,NETGEN JUN,7599,JUN,2016-06-01,Solar,Photovoltaic,Solar,generation,Solar - Photovoltaic - Solar - Generation
57657,Avra Valley Solar,PV,SUN,SUN,,N,2016,EIA923_Schedules_2_3_4_5_M_12_2016_Final_Revision.xlsx,NETGEN JUL,7953,JUL,2016-07-01,Solar,Photovoltaic,Solar,generation,Solar - Photovoltaic - Solar - Generation
57657,Avra Valley Solar,PV,SUN,SUN,,N,2016,EIA923_Schedules_2_3_4_5_M_12_2016_Final_Revision.xlsx,TOT MMBTU JUL,73422,JUL,2016-07-01,Solar,Photovoltaic,Solar,total-fuel-consumed,Solar - Photovoltaic - Solar - Total Fuel Consumed
57657,Avra Valley Solar,PV,SUN,SUN,,N,2016,EIA923_Schedules_2_3_4_5_M_12_2016_Final_Revision.xlsx,ELEC MMBTU JUL,73422,JUL,2016-07-01,Solar,Photovoltaic,Solar,quantity-consumed-electricity,Solar - Photovoltaic - Solar - Quantity Consumed For Electricity
57657,Avra Valley Solar,PV,SUN,SUN,,N,2016,EIA923_Schedules_2_3_4_5_M_12_2016_Final_Revision.xlsx,NETGEN AUG,7104,AUG,2016-08-01,Solar,Photovoltaic,Solar,generation,Solar - Photovoltaic - Solar - Generation
57657,Avra Valley Solar,PV,SUN,SUN,,N,2016,EIA923_Schedules_2_3_4_5_M_12_2016_Final_Revision.xlsx,ELEC MMBTU AUG,65584,AUG,2016-08-01,Solar,Photovoltaic,Solar,quantity-consumed-electricity,Solar - Photovoltaic - Solar - Quantity Consumed For Electricity
57657,Avra Valley Solar,PV,SUN,SUN,,N,2016,EIA923_Schedules_2_3_4_5_M_12_2016_Final_Revision.xlsx,TOT MMBTU AUG,65584,AUG,2016-08-01,Solar,Photovoltaic,Solar,total-fuel-consumed,Solar - Photovoltaic - Solar - Total Fuel Consumed
57657,Avra Valley Solar,PV,SUN,SUN,,N,2016,EIA923_Schedules_2_3_4_5_M_12_2016_Final_Revision.xlsx,NETGEN SEP,5856,SEP,2016-09-01,Solar,Photovoltaic,Solar,generation,Solar - Photovoltaic - Solar - Generation
57657,Avra Valley Solar,PV,SUN,SUN,,N,2016,EIA923_Schedules_2_3_4_5_M_12_2016_Final_Revision.xlsx,TOT MMBTU SEP,54063,SEP,2016-09-01,Solar,Photovoltaic,Solar,total-fuel-consumed,Solar - Photovoltaic - Solar - Total Fuel Consumed
57657,Avra Valley Solar,PV,SUN,SUN,,N,2016,EIA923_Schedules_2_3_4_5_M_12_2016_Final_Revision.xlsx,ELEC MMBTU SEP,54063,SEP,2016-09-01,Solar,Photovoltaic,Solar,quantity-consumed-electricity,Solar - Photovoltaic - Solar - Quantity Consumed For Electricity
57657,Avra Valley Solar,PV,SUN,SUN,,N,2016,EIA923_Schedules_2_3_4_5_M_12_2016_Final_Revision.xlsx,NETGEN OCT,5798,OCT,2016-10-01,Solar,Photovoltaic,Solar,generation,Solar - Photovoltaic - Solar - Generation
57657,Avra Valley Solar,PV,SUN,SUN,,N,2016,EIA923_Schedules_2_3_4_5_M_12_2016_Final_Revision.xlsx,TOT MMBTU OCT,53527,OCT,2016-10-01,Solar,Photovoltaic,Solar,total-fuel-consumed,Solar - Photovoltaic - Solar - Total Fuel Consumed
57657,Avra Valley Solar,PV,SUN,SUN,,N,2016,EIA923_Schedules_2_3_4_5_M_12_2016_Final_Revision.xlsx,ELEC MMBTU OCT,53527,OCT,2016-10-01,Solar,Photovoltaic,Solar,quantity-consumed-electricity,Solar - Photovoltaic - Solar - Quantity Consumed For Electricity
57657,Avra Valley Solar,PV,SUN,SUN,,N,2016,EIA923_Schedules_2_3_4_5_M_12_2016_Final_Revision.xlsx,TOT MMBTU NOV,41359,NOV,2016-11-01,Solar,Photovoltaic,Solar,total-fuel-consumed,Solar - Photovoltaic - Solar - Total Fuel Consumed
57657,Avra Valley Solar,PV,SUN,SUN,,N,2016,EIA923_Schedules_2_3_4_5_M_12_2016_Final_Revision.xlsx,ELEC MMBTU NOV,41359,NOV,2016-11-01,Solar,Photovoltaic,Solar,quantity-consumed-electricity,Solar - Photovoltaic - Solar - Quantity Consumed For Electricity
57657,Avra Valley Solar,PV,SUN,SUN,,N,2016,EIA923_Schedules_2_3_4_5_M_12_2016_Final_Revision.xlsx,NETGEN NOV,4480,NOV,2016-11-01,Solar,Photovoltaic,Solar,generation,Solar - Photovoltaic - Solar - Generation
57657,Avra Valley Solar,PV,SUN,SUN,,N,2016,EIA923_Schedules_2_3_4_5_M_12_2016_Final_Revision.xlsx,ELEC MMBTU DEC,32755,DEC,2016-12-01,Solar,Photovoltaic,Solar,quantity-consumed-electricity,Solar - Photovoltaic - Solar - Quantity Consumed For Electricity
57657,Avra Valley Solar,PV,SUN,SUN,,N,2016,EIA923_Schedules_2_3_4_5_M_12_2016_Final_Revision.xlsx,TOT MMBTU DEC,32755,DEC,2016-12-01,Solar,Photovoltaic,Solar,total-fuel-consumed,Solar - Photovoltaic - Solar - Total Fuel Consumed
57657,Avra Valley Solar,PV,SUN,SUN,,N,2016,EIA923_Schedules_2_3_4_5_M_12_2016_Final_Revision.xlsx,NETGEN DEC,3548,DEC,2016-12-01,Solar,Photovoltaic,Solar,generation,Solar - Photovoltaic - Solar - Generation
57657,Avra Valley Solar,PV,SUN,SUN,,N,2017,EIA923_Schedules_2_3_4_5_M_12_2017_Final_Revision.xlsx,TOT MMBTU JAN,33370,JAN,2017-01-01,Solar,Photovoltaic,Solar,total-fuel-consumed,Solar - Photovoltaic - Solar - Total Fuel Consumed
57657,Avra Valley Solar,PV,SUN,SUN,,N,2017,EIA923_Schedules_2_3_4_5_M_12_2017_Final_Revision.xlsx,NETGEN JAN,3622.054,JAN,2017-01-01,Solar,Photovoltaic,Solar,generation,Solar - Photovoltaic - Solar - Generation
57657,Avra Valley Solar,PV,SUN,SUN,,N,2017,EIA923_Schedules_2_3_4_5_M_12_2017_Final_Revision.xlsx,ELEC MMBTU JAN,33370,JAN,2017-01-01,Solar,Photovoltaic,Solar,quantity-consumed-electricity,Solar - Photovoltaic - Solar - Quantity Consumed For Electricity
57657,Avra Valley Solar,PV,SUN,SUN,,N,2017,EIA923_Schedules_2_3_4_5_M_12_2017_Final_Revision.xlsx,ELEC MMBTU FEB,38387,FEB,2017-02-01,Solar,Photovoltaic,Solar,quantity-consumed-electricity,Solar - Photovoltaic - Solar - Quantity Consumed For Electricity
57657,Avra Valley Solar,PV,SUN,SUN,,N,2017,EIA923_Schedules_2_3_4_5_M_12_2017_Final_Revision.xlsx,NETGEN FEB,4166.666,FEB,2017-02-01,Solar,Photovoltaic,Solar,generation,Solar - Photovoltaic - Solar - Generation
57657,Avra Valley Solar,PV,SUN,SUN,,N,2017,EIA923_Schedules_2_3_4_5_M_12_2017_Final_Revision.xlsx,TOT MMBTU FEB,38387,FEB,2017-02-01,Solar,Photovoltaic,Solar,total-fuel-consumed,Solar - Photovoltaic - Solar - Total Fuel Consumed
57657,Avra Valley Solar,PV,SUN,SUN,,N,2017,EIA923_Schedules_2_3_4_5_M_12_2017_Final_Revision.xlsx,ELEC MMBTU MAR,66491,MAR,2017-03-01,Solar,Photovoltaic,Solar,quantity-consumed-electricity,Solar - Photovoltaic - Solar - Quantity Consumed For Electricity
57657,Avra Valley Solar,PV,SUN,SUN,,N,2017,EIA923_Schedules_2_3_4_5_M_12_2017_Final_Revision.xlsx,NETGEN MAR,7217.094,MAR,2017-03-01,Solar,Photovoltaic,Solar,generation,Solar - Photovoltaic - Solar - Generation
57657,Avra Valley Solar,PV,SUN,SUN,,N,2017,EIA923_Schedules_2_3_4_5_M_12_2017_Final_Revision.xlsx,TOT MMBTU MAR,66491,MAR,2017-03-01,Solar,Photovoltaic,Solar,total-fuel-consumed,Solar - Photovoltaic - Solar - Total Fuel Consumed
57657,Avra Valley Solar,PV,SUN,SUN,,N,2017,EIA923_Schedules_2_3_4_5_M_12_2017_Final_Revision.xlsx,NETGEN APR,7847.367,APR,2017-04-01,Solar,Photovoltaic,Solar,generation,Solar - Photovoltaic - Solar - Generation
57657,Avra Valley Solar,PV,SUN,SUN,,N,2017,EIA923_Schedules_2_3_4_5_M_12_2017_Final_Revision.xlsx,ELEC MMBTU APR,72298,APR,2017-04-01,Solar,Photovoltaic,Solar,quantity-consumed-electricity,Solar - Photovoltaic - Solar - Quantity Consumed For Electricity
57657,Avra Valley Solar,PV,SUN,SUN,,N,2017,EIA923_Schedules_2_3_4_5_M_12_2017_Final_Revision.xlsx,TOT MMBTU APR,72298,APR,2017-04-01,Solar,Photovoltaic,Solar,total-fuel-consumed,Solar - Photovoltaic - Solar - Total Fuel Consumed
57657,Avra Valley Solar,PV,SUN,SUN,,N,2017,EIA923_Schedules_2_3_4_5_M_12_2017_Final_Revision.xlsx,ELEC MMBTU MAY,74942,MAY,2017-05-01,Solar,Photovoltaic,Solar,quantity-consumed-electricity,Solar - Photovoltaic - Solar - Quantity Consumed For Electricity
57657,Avra Valley Solar,PV,SUN,SUN,,N,2017,EIA923_Schedules_2_3_4_5_M_12_2017_Final_Revision.xlsx,TOT MMBTU MAY,74942,MAY,2017-05-01,Solar,Photovoltaic,Solar,total-fuel-consumed,Solar - Photovoltaic - Solar - Total Fuel Consumed
57657,Avra Valley Solar,PV,SUN,SUN,,N,2017,EIA923_Schedules_2_3_4_5_M_12_2017_Final_Revision.xlsx,NETGEN MAY,8134.358,MAY,2017-05-01,Solar,Photovoltaic,Solar,generation,Solar - Photovoltaic - Solar - Generation
57657,Avra Valley Solar,PV,SUN,SUN,,N,2017,EIA923_Schedules_2_3_4_5_M_12_2017_Final_Revision.xlsx,TOT MMBTU JUN,84817,JUN,2017-06-01,Solar,Photovoltaic,Solar,total-fuel-consumed,Solar - Photovoltaic - Solar - Total Fuel Consumed
57657,Avra Valley Solar,PV,SUN,SUN,,N,2017,EIA923_Schedules_2_3_4_5_M_12_2017_Final_Revision.xlsx,ELEC MMBTU JUN,84817,JUN,2017-06-01,Solar,Photovoltaic,Solar,quantity-consumed-electricity,Solar - Photovoltaic - Solar - Quantity Consumed For Electricity
57657,Avra Valley Solar,PV,SUN,SUN,,N,2017,EIA923_Schedules_2_3_4_5_M_12_2017_Final_Revision.xlsx,NETGEN JUN,9206.238,JUN,2017-06-01,Solar,Photovoltaic,Solar,generation,Solar - Photovoltaic - Solar - Generation
57657,Avra Valley Solar,PV,SUN,SUN,,N,2017,EIA923_Schedules_2_3_4_5_M_12_2017_Final_Revision.xlsx,ELEC MMBTU JUL,50525,JUL,2017-07-01,Solar,Photovoltaic,Solar,quantity-consumed-electricity,Solar - Photovoltaic - Solar - Quantity Consumed For Electricity
57657,Avra Valley Solar,PV,SUN,SUN,,N,2017,EIA923_Schedules_2_3_4_5_M_12_2017_Final_Revision.xlsx,NETGEN JUL,5484.139,JUL,2017-07-01,Solar,Photovoltaic,Solar,generation,Solar - Photovoltaic - Solar - Generation
57657,Avra Valley Solar,PV,SUN,SUN,,N,2017,EIA923_Schedules_2_3_4_5_M_12_2017_Final_Revision.xlsx,TOT MMBTU JUL,50525,JUL,2017-07-01,Solar,Photovoltaic,Solar,total-fuel-consumed,Solar - Photovoltaic - Solar - Total Fuel Consumed
57657,Avra Valley Solar,PV,SUN,SUN,,N,2017,EIA923_Schedules_2_3_4_5_M_12_2017_Final_Revision.xlsx,ELEC MMBTU AUG,63721,AUG,2017-08-01,Solar,Photovoltaic,Solar,quantity-consumed-electricity,Solar - Photovoltaic - Solar - Quantity Consumed For Electricity
57657,Avra Valley Solar,PV,SUN,SUN,,N,2017,EIA923_Schedules_2_3_4_5_M_12_2017_Final_Revision.xlsx,TOT MMBTU AUG,63721,AUG,2017-08-01,Solar,Photovoltaic,Solar,total-fuel-consumed,Solar - Photovoltaic - Solar - Total Fuel Consumed
57657,Avra Valley Solar,PV,SUN,SUN,,N,2017,EIA923_Schedules_2_3_4_5_M_12_2017_Final_Revision.xlsx,NETGEN AUG,6916.42,AUG,2017-08-01,Solar,Photovoltaic,Solar,generation,Solar - Photovoltaic - Solar - Generation
57657,Avra Valley Solar,PV,SUN,SUN,,N,2017,EIA923_Schedules_2_3_4_5_M_12_2017_Final_Revision.xlsx,NETGEN SEP,7162.299,SEP,2017-09-01,Solar,Photovoltaic,Solar,generation,Solar - Photovoltaic - Solar - Generation
57657,Avra Valley Solar,PV,SUN,SUN,,N,2017,EIA923_Schedules_2_3_4_5_M_12_2017_Final_Revision.xlsx,ELEC MMBTU SEP,65986,SEP,2017-09-01,Solar,Photovoltaic,Solar,quantity-consumed-electricity,Solar - Photovoltaic - Solar - Quantity Consumed For Electricity
57657,Avra Valley Solar,PV,SUN,SUN,,N,2017,EIA923_Schedules_2_3_4_5_M_12_2017_Final_Revision.xlsx,TOT MMBTU SEP,65986,SEP,2017-09-01,Solar,Photovoltaic,Solar,total-fuel-consumed,Solar - Photovoltaic - Solar - Total Fuel Consumed
57657,Avra Valley Solar,PV,SUN,SUN,,N,2017,EIA923_Schedules_2_3_4_5_M_12_2017_Final_Revision.xlsx,NETGEN OCT,6549.782,OCT,2017-10-01,Solar,Photovoltaic,Solar,generation,Solar - Photovoltaic - Solar - Generation
57657,Avra Valley Solar,PV,SUN,SUN,,N,2017,EIA923_Schedules_2_3_4_5_M_12_2017_Final_Revision.xlsx,ELEC MMBTU OCT,60343,OCT,2017-10-01,Solar,Photovoltaic,Solar,quantity-consumed-electricity,Solar - Photovoltaic - Solar - Quantity Consumed For Electricity
57657,Avra Valley Solar,PV,SUN,SUN,,N,2017,EIA923_Schedules_2_3_4_5_M_12_2017_Final_Revision.xlsx,TOT MMBTU OCT,60343,OCT,2017-10-01,Solar,Photovoltaic,Solar,total-fuel-consumed,Solar - Photovoltaic - Solar - Total Fuel Consumed
57657,Avra Valley Solar,PV,SUN,SUN,,N,2017,EIA923_Schedules_2_3_4_5_M_12_2017_Final_Revision.xlsx,TOT MMBTU NOV,35560,NOV,2017-11-01,Solar,Photovoltaic,Solar,total-fuel-consumed,Solar - Photovoltaic - Solar - Total Fuel Consumed
57657,Avra Valley Solar,PV,SUN,SUN,,N,2017,EIA923_Schedules_2_3_4_5_M_12_2017_Final_Revision.xlsx,NETGEN NOV,3859.724,NOV,2017-11-01,Solar,Photovoltaic,Solar,generation,Solar - Photovoltaic - Solar - Generation
57657,Avra Valley Solar,PV,SUN,SUN,,N,2017,EIA923_Schedules_2_3_4_5_M_12_2017_Final_Revision.xlsx,ELEC MMBTU NOV,35560,NOV,2017-11-01,Solar,Photovoltaic,Solar,quantity-consumed-electricity,Solar - Photovoltaic - Solar - Quantity Consumed For Electricity
57657,Avra Valley Solar,PV,SUN,SUN,,N,2017,EIA923_Schedules_2_3_4_5_M_12_2017_Final_Revision.xlsx,NETGEN DEC,3558.859,DEC,2017-12-01,Solar,Photovoltaic,Solar,generation,Solar - Photovoltaic - Solar - Generation
57657,Avra Valley Solar,PV,SUN,SUN,,N,2017,EIA923_Schedules_2_3_4_5_M_12_2017_Final_Revision.xlsx,TOT MMBTU DEC,32788,DEC,2017-12-01,Solar,Photovoltaic,Solar,total-fuel-consumed,Solar - Photovoltaic - Solar - Total Fuel Consumed
57657,Avra Valley Solar,PV,SUN,SUN,,N,2017,EIA923_Schedules_2_3_4_5_M_12_2017_Final_Revision.xlsx,ELEC MMBTU DEC,32788,DEC,2017-12-01,Solar,Photovoltaic,Solar,quantity-consumed-electricity,Solar - Photovoltaic - Solar - Quantity Consumed For Electricity
57657,Avra Valley Solar,PV,SUN,SUN,,N,2018,EIA923_Schedules_2_3_4_5_M_12_2018_Final_Revision.xlsx,NETGEN JAN,4103.509,JAN,2018-01-01,Solar,Photovoltaic,Solar,generation,Solar - Photovoltaic - Solar - Generation
57657,Avra Valley Solar,PV,SUN,SUN,,N,2018,EIA923_Schedules_2_3_4_5_M_12_2018_Final_Revision.xlsx,ELEC MMBTU JAN,37358,JAN,2018-01-01,Solar,Photovoltaic,Solar,quantity-consumed-electricity,Solar - Photovoltaic - Solar - Quantity Consumed For Electricity
57657,Avra Valley Solar,PV,SUN,SUN,,N,2018,EIA923_Schedules_2_3_4_5_M_12_2018_Final_Revision.xlsx,TOT MMBTU JAN,37358,JAN,2018-01-01,Solar,Photovoltaic,Solar,total-fuel-consumed,Solar - Photovoltaic - Solar - Total Fuel Consumed
57657,Avra Valley Solar,PV,SUN,SUN,,N,2018,EIA923_Schedules_2_3_4_5_M_12_2018_Final_Revision.xlsx,TOT MMBTU FEB,39948,FEB,2018-02-01,Solar,Photovoltaic,Solar,total-fuel-consumed,Solar - Photovoltaic - Solar - Total Fuel Consumed
57657,Avra Valley Solar,PV,SUN,SUN,,N,2018,EIA923_Schedules_2_3_4_5_M_12_2018_Final_Revision.xlsx,NETGEN FEB,4387.981,FEB,2018-02-01,Solar,Photovoltaic,Solar,generation,Solar - Photovoltaic - Solar - Generation
57657,Avra Valley Solar,PV,SUN,SUN,,N,2018,EIA923_Schedules_2_3_4_5_M_12_2018_Final_Revision.xlsx,ELEC MMBTU FEB,39948,FEB,2018-02-01,Solar,Photovoltaic,Solar,quantity-consumed-electricity,Solar - Photovoltaic - Solar - Quantity Consumed For Electricity
57657,Avra Valley Solar,PV,SUN,SUN,,N,2018,EIA923_Schedules_2_3_4_5_M_12_2018_Final_Revision.xlsx,ELEC MMBTU MAR,51578,MAR,2018-03-01,Solar,Photovoltaic,Solar,quantity-consumed-electricity,Solar - Photovoltaic - Solar - Quantity Consumed For Electricity
57657,Avra Valley Solar,PV,SUN,SUN,,N,2018,EIA923_Schedules_2_3_4_5_M_12_2018_Final_Revision.xlsx,TOT MMBTU MAR,51578,MAR,2018-03-01,Solar,Photovoltaic,Solar,total-fuel-consumed,Solar - Photovoltaic - Solar - Total Fuel Consumed
57657,Avra Valley Solar,PV,SUN,SUN,,N,2018,EIA923_Schedules_2_3_4_5_M_12_2018_Final_Revision.xlsx,NETGEN MAR,5665.377,MAR,2018-03-01,Solar,Photovoltaic,Solar,generation,Solar - Photovoltaic - Solar - Generation
57657,Avra Valley Solar,PV,SUN,SUN,,N,2018,EIA923_Schedules_2_3_4_5_M_12_2018_Final_Revision.xlsx,TOT MMBTU APR,61403,APR,2018-04-01,Solar,Photovoltaic,Solar,total-fuel-consumed,Solar - Photovoltaic - Solar - Total Fuel Consumed
57657,Avra Valley Solar,PV,SUN,SUN,,N,2018,EIA923_Schedules_2_3_4_5_M_12_2018_Final_Revision.xlsx,NETGEN APR,6744.6,APR,2018-04-01,Solar,Photovoltaic,Solar,generation,Solar - Photovoltaic - Solar - Generation
57657,Avra Valley Solar,PV,SUN,SUN,,N,2018,EIA923_Schedules_2_3_4_5_M_12_2018_Final_Revision.xlsx,ELEC MMBTU APR,61403,APR,2018-04-01,Solar,Photovoltaic,Solar,quantity-consumed-electricity,Solar - Photovoltaic - Solar - Quantity Consumed For Electricity
57657,Avra Valley Solar,PV,SUN,SUN,,N,2018,EIA923_Schedules_2_3_4_5_M_12_2018_Final_Revision.xlsx,NETGEN MAY,8507.713,MAY,2018-05-01,Solar,Photovoltaic,Solar,generation,Solar - Photovoltaic - Solar - Generation
57657,Avra Valley Solar,PV,SUN,SUN,,N,2018,EIA923_Schedules_2_3_4_5_M_12_2018_Final_Revision.xlsx,TOT MMBTU MAY,77454,MAY,2018-05-01,Solar,Photovoltaic,Solar,total-fuel-consumed,Solar - Photovoltaic - Solar - Total Fuel Consumed
57657,Avra Valley Solar,PV,SUN,SUN,,N,2018,EIA923_Schedules_2_3_4_5_M_12_2018_Final_Revision.xlsx,ELEC MMBTU MAY,77454,MAY,2018-05-01,Solar,Photovoltaic,Solar,quantity-consumed-electricity,Solar - Photovoltaic - Solar - Quantity Consumed For Electricity
57657,Avra Valley Solar,PV,SUN,SUN,,N,2018,EIA923_Schedules_2_3_4_5_M_12_2018_Final_Revision.xlsx,NETGEN JUN,8307.455,JUN,2018-06-01,Solar,Photovoltaic,Solar,generation,Solar - Photovoltaic - Solar - Generation
57657,Avra Valley Solar,PV,SUN,SUN,,N,2018,EIA923_Schedules_2_3_4_5_M_12_2018_Final_Revision.xlsx,ELEC MMBTU JUN,75631,JUN,2018-06-01,Solar,Photovoltaic,Solar,quantity-consumed-electricity,Solar - Photovoltaic - Solar - Quantity Consumed For Electricity
57657,Avra Valley Solar,PV,SUN,SUN,,N,2018,EIA923_Schedules_2_3_4_5_M_12_2018_Final_Revision.xlsx,TOT MMBTU JUN,75631,JUN,2018-06-01,Solar,Photovoltaic,Solar,total-fuel-consumed,Solar - Photovoltaic - Solar - Total Fuel Consumed
57657,Avra Valley Solar,PV,SUN,SUN,,N,2018,EIA923_Schedules_2_3_4_5_M_12_2018_Final_Revision.xlsx,TOT MMBTU JUL,66811,JUL,2018-07-01,Solar,Photovoltaic,Solar,total-fuel-consumed,Solar - Photovoltaic - Solar - Total Fuel Consumed
57657,Avra Valley Solar,PV,SUN,SUN,,N,2018,EIA923_Schedules_2_3_4_5_M_12_2018_Final_Revision.xlsx,NETGEN JUL,7338.642,JUL,2018-07-01,Solar,Photovoltaic,Solar,generation,Solar - Photovoltaic - Solar - Generation
57657,Avra Valley Solar,PV,SUN,SUN,,N,2018,EIA923_Schedules_2_3_4_5_M_12_2018_Final_Revision.xlsx,ELEC MMBTU JUL,66811,JUL,2018-07-01,Solar,Photovoltaic,Solar,quantity-consumed-electricity,Solar - Photovoltaic - Solar - Quantity Consumed For Electricity
57657,Avra Valley Solar,PV,SUN,SUN,,N,2018,EIA923_Schedules_2_3_4_5_M_12_2018_Final_Revision.xlsx,TOT MMBTU AUG,67620,AUG,2018-08-01,Solar,Photovoltaic,Solar,total-fuel-consumed,Solar - Photovoltaic - Solar - Total Fuel Consumed
57657,Avra Valley Solar,PV,SUN,SUN,,N,2018,EIA923_Schedules_2_3_4_5_M_12_2018_Final_Revision.xlsx,NETGEN AUG,7427.476,AUG,2018-08-01,Solar,Photovoltaic,Solar,generation,Solar - Photovoltaic - Solar - Generation
57657,Avra Valley Solar,PV,SUN,SUN,,N,2018,EIA923_Schedules_2_3_4_5_M_12_2018_Final_Revision.xlsx,ELEC MMBTU AUG,67620,AUG,2018-08-01,Solar,Photovoltaic,Solar,quantity-consumed-electricity,Solar - Photovoltaic - Solar - Quantity Consumed For Electricity
57657,Avra Valley Solar,PV,SUN,SUN,,N,2018,EIA923_Schedules_2_3_4_5_M_12_2018_Final_Revision.xlsx,TOT MMBTU SEP,65075,SEP,2018-09-01,Solar,Photovoltaic,Solar,total-fuel-consumed,Solar - Photovoltaic - Solar - Total Fuel Consumed
57657,Avra Valley Solar,PV,SUN,SUN,,N,2018,EIA923_Schedules_2_3_4_5_M_12_2018_Final_Revision.xlsx,NETGEN SEP,7147.96,SEP,2018-09-01,Solar,Photovoltaic,Solar,generation,Solar - Photovoltaic - Solar - Generation
57657,Avra Valley Solar,PV,SUN,SUN,,N,2018,EIA923_Schedules_2_3_4_5_M_12_2018_Final_Revision.xlsx,ELEC MMBTU SEP,65075,SEP,2018-09-01,Solar,Photovoltaic,Solar,quantity-consumed-electricity,Solar - Photovoltaic - Solar - Quantity Consumed For Electricity
57657,Avra Valley Solar,PV,SUN,SUN,,N,2018,EIA923_Schedules_2_3_4_5_M_12_2018_Final_Revision.xlsx,TOT MMBTU OCT,46554,OCT,2018-10-01,Solar,Photovoltaic,Solar,total-fuel-consumed,Solar - Photovoltaic - Solar - Total Fuel Consumed
57657,Avra Valley Solar,PV,SUN,SUN,,N,2018,EIA923_Schedules_2_3_4_5_M_12_2018_Final_Revision.xlsx,ELEC MMBTU OCT,46554,OCT,2018-10-01,Solar,Photovoltaic,Solar,quantity-consumed-electricity,Solar - Photovoltaic - Solar - Quantity Consumed For Electricity
57657,Avra Valley Solar,PV,SUN,SUN,,N,2018,EIA923_Schedules_2_3_4_5_M_12_2018_Final_Revision.xlsx,NETGEN OCT,5113.528,OCT,2018-10-01,Solar,Photovoltaic,Solar,generation,Solar - Photovoltaic - Solar - Generation
57657,Avra Valley Solar,PV,SUN,SUN,,N,2018,EIA923_Schedules_2_3_4_5_M_12_2018_Final_Revision.xlsx,ELEC MMBTU NOV,40341,NOV,2018-11-01,Solar,Photovoltaic,Solar,quantity-consumed-electricity,Solar - Photovoltaic - Solar - Quantity Consumed For Electricity
57657,Avra Valley Solar,PV,SUN,SUN,,N,2018,EIA923_Schedules_2_3_4_5_M_12_2018_Final_Revision.xlsx,NETGEN NOV,4431.075,NOV,2018-11-01,Solar,Photovoltaic,Solar,generation,Solar - Photovoltaic - Solar - Generation
57657,Avra Valley Solar,PV,SUN,SUN,,N,2018,EIA923_Schedules_2_3_4_5_M_12_2018_Final_Revision.xlsx,TOT MMBTU NOV,40341,NOV,2018-11-01,Solar,Photovoltaic,Solar,total-fuel-consumed,Solar - Photovoltaic - Solar - Total Fuel Consumed
57657,Avra Valley Solar,PV,SUN,SUN,,N,2018,EIA923_Schedules_2_3_4_5_M_12_2018_Final_Revision.xlsx,ELEC MMBTU DEC,27227,DEC,2018-12-01,Solar,Photovoltaic,Solar,quantity-consumed-electricity,Solar - Photovoltaic - Solar - Quantity Consumed For Electricity
57657,Avra Valley Solar,PV,SUN,SUN,,N,2018,EIA923_Schedules_2_3_4_5_M_12_2018_Final_Revision.xlsx,NETGEN DEC,2990.684,DEC,2018-12-01,Solar,Photovoltaic,Solar,generation,Solar - Photovoltaic - Solar - Generation
57657,Avra Valley Solar,PV,SUN,SUN,,N,2018,EIA923_Schedules_2_3_4_5_M_12_2018_Final_Revision.xlsx,TOT MMBTU DEC,27227,DEC,2018-12-01,Solar,Photovoltaic,Solar,total-fuel-consumed,Solar - Photovoltaic - Solar - Total Fuel Consumed
57657,Avra Valley Solar,PV,SUN,SUN,,N,2019,EIA923_Schedules_2_3_4_5_M_12_2019_Final_Revision.xlsx,NETGEN JAN,3612.604,JAN,2019-01-01,Solar,Photovoltaic,Solar,generation,Solar - Photovoltaic - Solar - Generation
57657,Avra Valley Solar,PV,SUN,SUN,,N,2019,EIA923_Schedules_2_3_4_5_M_12_2019_Final_Revision.xlsx,TOT MMBTU JAN,32170,JAN,2019-01-01,Solar,Photovoltaic,Solar,total-fuel-consumed,Solar - Photovoltaic - Solar - Total Fuel Consumed
57657,Avra Valley Solar,PV,SUN,SUN,,N,2019,EIA923_Schedules_2_3_4_5_M_12_2019_Final_Revision.xlsx,ELEC MMBTU JAN,32170,JAN,2019-01-01,Solar,Photovoltaic,Solar,quantity-consumed-electricity,Solar - Photovoltaic - Solar - Quantity Consumed For Electricity
57657,Avra Valley Solar,PV,SUN,SUN,,N,2019,EIA923_Schedules_2_3_4_5_M_12_2019_Final_Revision.xlsx,TOT MMBTU FEB,31715,FEB,2019-02-01,Solar,Photovoltaic,Solar,total-fuel-consumed,Solar - Photovoltaic - Solar - Total Fuel Consumed
57657,Avra Valley Solar,PV,SUN,SUN,,N,2019,EIA923_Schedules_2_3_4_5_M_12_2019_Final_Revision.xlsx,NETGEN FEB,3561.531,FEB,2019-02-01,Solar,Photovoltaic,Solar,generation,Solar - Photovoltaic - Solar - Generation
57657,Avra Valley Solar,PV,SUN,SUN,,N,2019,EIA923_Schedules_2_3_4_5_M_12_2019_Final_Revision.xlsx,ELEC MMBTU FEB,31715,FEB,2019-02-01,Solar,Photovoltaic,Solar,quantity-consumed-electricity,Solar - Photovoltaic - Solar - Quantity Consumed For Electricity
57657,Avra Valley Solar,PV,SUN,SUN,,N,2019,EIA923_Schedules_2_3_4_5_M_12_2019_Final_Revision.xlsx,TOT MMBTU MAR,50593,MAR,2019-03-01,Solar,Photovoltaic,Solar,total-fuel-consumed,Solar - Photovoltaic - Solar - Total Fuel Consumed
57657,Avra Valley Solar,PV,SUN,SUN,,N,2019,EIA923_Schedules_2_3_4_5_M_12_2019_Final_Revision.xlsx,NETGEN MAR,5681.468,MAR,2019-03-01,Solar,Photovoltaic,Solar,generation,Solar - Photovoltaic - Solar - Generation
57657,Avra Valley Solar,PV,SUN,SUN,,N,2019,EIA923_Schedules_2_3_4_5_M_12_2019_Final_Revision.xlsx,ELEC MMBTU MAR,50593,MAR,2019-03-01,Solar,Photovoltaic,Solar,quantity-consumed-electricity,Solar - Photovoltaic - Solar - Quantity Consumed For Electricity
57657,Avra Valley Solar,PV,SUN,SUN,,N,2019,EIA923_Schedules_2_3_4_5_M_12_2019_Final_Revision.xlsx,ELEC MMBTU APR,60162,APR,2019-04-01,Solar,Photovoltaic,Solar,quantity-consumed-electricity,Solar - Photovoltaic - Solar - Quantity Consumed For Electricity
57657,Avra Valley Solar,PV,SUN,SUN,,N,2019,EIA923_Schedules_2_3_4_5_M_12_2019_Final_Revision.xlsx,TOT MMBTU APR,60162,APR,2019-04-01,Solar,Photovoltaic,Solar,total-fuel-consumed,Solar - Photovoltaic - Solar - Total Fuel Consumed
57657,Avra Valley Solar,PV,SUN,SUN,,N,2019,EIA923_Schedules_2_3_4_5_M_12_2019_Final_Revision.xlsx,NETGEN APR,6755.986,APR,2019-04-01,Solar,Photovoltaic,Solar,generation,Solar - Photovoltaic - Solar - Generation
57657,Avra Valley Solar,PV,SUN,SUN,,N,2019,EIA923_Schedules_2_3_4_5_M_12_2019_Final_Revision.xlsx,NETGEN MAY,7080.883,MAY,2019-05-01,Solar,Photovoltaic,Solar,generation,Solar - Photovoltaic - Solar - Generation
57657,Avra Valley Solar,PV,SUN,SUN,,N,2019,EIA923_Schedules_2_3_4_5_M_12_2019_Final_Revision.xlsx,ELEC MMBTU MAY,63055,MAY,2019-05-01,Solar,Photovoltaic,Solar,quantity-consumed-electricity,Solar - Photovoltaic - Solar - Quantity Consumed For Electricity
57657,Avra Valley Solar,PV,SUN,SUN,,N,2019,EIA923_Schedules_2_3_4_5_M_12_2019_Final_Revision.xlsx,TOT MMBTU MAY,63055,MAY,2019-05-01,Solar,Photovoltaic,Solar,total-fuel-consumed,Solar - Photovoltaic - Solar - Total Fuel Consumed
57657,Avra Valley Solar,PV,SUN,SUN,,N,2019,EIA923_Schedules_2_3_4_5_M_12_2019_Final_Revision.xlsx,ELEC MMBTU JUN,71387,JUN,2019-06-01,Solar,Photovoltaic,Solar,quantity-consumed-electricity,Solar - Photovoltaic - Solar - Quantity Consumed For Electricity
57657,Avra Valley Solar,PV,SUN,SUN,,N,2019,EIA923_Schedules_2_3_4_5_M_12_2019_Final_Revision.xlsx,NETGEN JUN,8016.483,JUN,2019-06-01,Solar,Photovoltaic,Solar,generation,Solar - Photovoltaic - Solar - Generation
57657,Avra Valley Solar,PV,SUN,SUN,,N,2019,EIA923_Schedules_2_3_4_5_M_12_2019_Final_Revision.xlsx,TOT MMBTU JUN,71387,JUN,2019-06-01,Solar,Photovoltaic,Solar,total-fuel-consumed,Solar - Photovoltaic - Solar - Total Fuel Consumed
57657,Avra Valley Solar,PV,SUN,SUN,,N,2019,EIA923_Schedules_2_3_4_5_M_12_2019_Final_Revision.xlsx,TOT MMBTU JUL,62956,JUL,2019-07-01,Solar,Photovoltaic,Solar,total-fuel-consumed,Solar - Photovoltaic - Solar - Total Fuel Consumed
57657,Avra Valley Solar,PV,SUN,SUN,,N,2019,EIA923_Schedules_2_3_4_5_M_12_2019_Final_Revision.xlsx,NETGEN JUL,7069.771,JUL,2019-07-01,Solar,Photovoltaic,Solar,generation,Solar - Photovoltaic - Solar - Generation
57657,Avra Valley Solar,PV,SUN,SUN,,N,2019,EIA923_Schedules_2_3_4_5_M_12_2019_Final_Revision.xlsx,ELEC MMBTU JUL,62956,JUL,2019-07-01,Solar,Photovoltaic,Solar,quantity-consumed-electricity,Solar - Photovoltaic - Solar - Quantity Consumed For Electricity
57657,Avra Valley Solar,PV,SUN,SUN,,N,2019,EIA923_Schedules_2_3_4_5_M_12_2019_Final_Revision.xlsx,TOT MMBTU AUG,68188,AUG,2019-08-01,Solar,Photovoltaic,Solar,total-fuel-consumed,Solar - Photovoltaic - Solar - Total Fuel Consumed
57657,Avra Valley Solar,PV,SUN,SUN,,N,2019,EIA923_Schedules_2_3_4_5_M_12_2019_Final_Revision.xlsx,ELEC MMBTU AUG,68188,AUG,2019-08-01,Solar,Photovoltaic,Solar,quantity-consumed-electricity,Solar - Photovoltaic - Solar - Quantity Consumed For Electricity
57657,Avra Valley Solar,PV,SUN,SUN,,N,2019,EIA923_Schedules_2_3_4_5_M_12_2019_Final_Revision.xlsx,NETGEN AUG,7657.231,AUG,2019-08-01,Solar,Photovoltaic,Solar,generation,Solar - Photovoltaic - Solar - Generation
57657,Avra Valley Solar,PV,SUN,SUN,,N,2019,EIA923_Schedules_2_3_4_5_M_12_2019_Final_Revision.xlsx,NETGEN SEP,6169.05,SEP,2019-09-01,Solar,Photovoltaic,Solar,generation,Solar - Photovoltaic - Solar - Generation
57657,Avra Valley Solar,PV,SUN,SUN,,N,2019,EIA923_Schedules_2_3_4_5_M_12_2019_Final_Revision.xlsx,TOT MMBTU SEP,54935,SEP,2019-09-01,Solar,Photovoltaic,Solar,total-fuel-consumed,Solar - Photovoltaic - Solar - Total Fuel Consumed
57657,Avra Valley Solar,PV,SUN,SUN,,N,2019,EIA923_Schedules_2_3_4_5_M_12_2019_Final_Revision.xlsx,ELEC MMBTU SEP,54935,SEP,2019-09-01,Solar,Photovoltaic,Solar,quantity-consumed-electricity,Solar - Photovoltaic - Solar - Quantity Consumed For Electricity
57657,Avra Valley Solar,PV,SUN,SUN,,N,2019,EIA923_Schedules_2_3_4_5_M_12_2019_Final_Revision.xlsx,TOT MMBTU OCT,56546,OCT,2019-10-01,Solar,Photovoltaic,Solar,total-fuel-consumed,Solar - Photovoltaic - Solar - Total Fuel Consumed
57657,Avra Valley Solar,PV,SUN,SUN,,N,2019,EIA923_Schedules_2_3_4_5_M_12_2019_Final_Revision.xlsx,NETGEN OCT,6349.897,OCT,2019-10-01,Solar,Photovoltaic,Solar,generation,Solar - Photovoltaic - Solar - Generation
57657,Avra Valley Solar,PV,SUN,SUN,,N,2019,EIA923_Schedules_2_3_4_5_M_12_2019_Final_Revision.xlsx,ELEC MMBTU OCT,56546,OCT,2019-10-01,Solar,Photovoltaic,Solar,quantity-consumed-electricity,Solar - Photovoltaic - Solar - Quantity Consumed For Electricity
57657,Avra Valley Solar,PV,SUN,SUN,,N,2019,EIA923_Schedules_2_3_4_5_M_12_2019_Final_Revision.xlsx,ELEC MMBTU NOV,31899,NOV,2019-11-01,Solar,Photovoltaic,Solar,quantity-consumed-electricity,Solar - Photovoltaic - Solar - Quantity Consumed For Electricity
57657,Avra Valley Solar,PV,SUN,SUN,,N,2019,EIA923_Schedules_2_3_4_5_M_12_2019_Final_Revision.xlsx,NETGEN NOV,3582.109,NOV,2019-11-01,Solar,Photovoltaic,Solar,generation,Solar - Photovoltaic - Solar - Generation
57657,Avra Valley Solar,PV,SUN,SUN,,N,2019,EIA923_Schedules_2_3_4_5_M_12_2019_Final_Revision.xlsx,TOT MMBTU NOV,31899,NOV,2019-11-01,Solar,Photovoltaic,Solar,total-fuel-consumed,Solar - Photovoltaic - Solar - Total Fuel Consumed
57657,Avra Valley Solar,PV,SUN,SUN,,N,2019,EIA923_Schedules_2_3_4_5_M_12_2019_Final_Revision.xlsx,ELEC MMBTU DEC,25352,DEC,2019-12-01,Solar,Photovoltaic,Solar,quantity-consumed-electricity,Solar - Photovoltaic - Solar - Quantity Consumed For Electricity
57657,Avra Valley Solar,PV,SUN,SUN,,N,2019,EIA923_Schedules_2_3_4_5_M_12_2019_Final_Revision.xlsx,TOT MMBTU DEC,25352,DEC,2019-12-01,Solar,Photovoltaic,Solar,total-fuel-consumed,Solar - Photovoltaic - Solar - Total Fuel Consumed
57657,Avra Valley Solar,PV,SUN,SUN,,N,2019,EIA923_Schedules_2_3_4_5_M_12_2019_Final_Revision.xlsx,NETGEN DEC,2846.987,DEC,2019-12-01,Solar,Photovoltaic,Solar,generation,Solar - Photovoltaic - Solar - Generation
57657,Avra Valley Solar,PV,SUN,SUN,,N,2020,EIA923_Schedules_2_3_4_5_M_12_2020_Final_Revision.xlsx,NETGEN JAN,3800.442,JAN,2020-01-01,Solar,Photovoltaic,Solar,generation,Solar - Photovoltaic - Solar - Generation
57657,Avra Valley Solar,PV,SUN,SUN,,N,2020,EIA923_Schedules_2_3_4_5_M_12_2020_Final_Revision.xlsx,TOT MMBTU JAN,33318,JAN,2020-01-01,Solar,Photovoltaic,Solar,total-fuel-consumed,Solar - Photovoltaic - Solar - Total Fuel Consumed
57657,Avra Valley Solar,PV,SUN,SUN,,N,2020,EIA923_Schedules_2_3_4_5_M_12_2020_Final_Revision.xlsx,ELEC MMBTU JAN,33318,JAN,2020-01-01,Solar,Photovoltaic,Solar,quantity-consumed-electricity,Solar - Photovoltaic - Solar - Quantity Consumed For Electricity
57657,Avra Valley Solar,PV,SUN,SUN,,N,2020,EIA923_Schedules_2_3_4_5_M_12_2020_Final_Revision.xlsx,ELEC MMBTU FEB,38477,FEB,2020-02-01,Solar,Photovoltaic,Solar,quantity-consumed-electricity,Solar - Photovoltaic - Solar - Quantity Consumed For Electricity
57657,Avra Valley Solar,PV,SUN,SUN,,N,2020,EIA923_Schedules_2_3_4_5_M_12_2020_Final_Revision.xlsx,TOT MMBTU FEB,38477,FEB,2020-02-01,Solar,Photovoltaic,Solar,total-fuel-consumed,Solar - Photovoltaic - Solar - Total Fuel Consumed
57657,Avra Valley Solar,PV,SUN,SUN,,N,2020,EIA923_Schedules_2_3_4_5_M_12_2020_Final_Revision.xlsx,NETGEN FEB,4388.817,FEB,2020-02-01,Solar,Photovoltaic,Solar,generation,Solar - Photovoltaic - Solar - Generation
57657,Avra Valley Solar,PV,SUN,SUN,,N,2020,EIA923_Schedules_2_3_4_5_M_12_2020_Final_Revision.xlsx,TOT MMBTU MAR,43414,MAR,2020-03-01,Solar,Photovoltaic,Solar,total-fuel-consumed,Solar - Photovoltaic - Solar - Total Fuel Consumed
57657,Avra Valley Solar,PV,SUN,SUN,,N,2020,EIA923_Schedules_2_3_4_5_M_12_2020_Final_Revision.xlsx,NETGEN MAR,4951.931,MAR,2020-03-01,Solar,Photovoltaic,Solar,generation,Solar - Photovoltaic - Solar - Generation
57657,Avra Valley Solar,PV,SUN,SUN,,N,2020,EIA923_Schedules_2_3_4_5_M_12_2020_Final_Revision.xlsx,ELEC MMBTU MAR,43414,MAR,2020-03-01,Solar,Photovoltaic,Solar,quantity-consumed-electricity,Solar - Photovoltaic - Solar - Quantity Consumed For Electricity
57657,Avra Valley Solar,PV,SUN,SUN,,N,2020,EIA923_Schedules_2_3_4_5_M_12_2020_Final_Revision.xlsx,NETGEN APR,6619.516,APR,2020-04-01,Solar,Photovoltaic,Solar,generation,Solar - Photovoltaic - Solar - Generation
57657,Avra Valley Solar,PV,SUN,SUN,,N,2020,EIA923_Schedules_2_3_4_5_M_12_2020_Final_Revision.xlsx,TOT MMBTU APR,58033,APR,2020-04-01,Solar,Photovoltaic,Solar,total-fuel-consumed,Solar - Photovoltaic - Solar - Total Fuel Consumed
57657,Avra Valley Solar,PV,SUN,SUN,,N,2020,EIA923_Schedules_2_3_4_5_M_12_2020_Final_Revision.xlsx,ELEC MMBTU APR,58033,APR,2020-04-01,Solar,Photovoltaic,Solar,quantity-consumed-electricity,Solar - Photovoltaic - Solar - Quantity Consumed For Electricity
57657,Avra Valley Solar,PV,SUN,SUN,,N,2020,EIA923_Schedules_2_3_4_5_M_12_2020_Final_Revision.xlsx,NETGEN MAY,7170.199,MAY,2020-05-01,Solar,Photovoltaic,Solar,generation,Solar - Photovoltaic - Solar - Generation
57657,Avra Valley Solar,PV,SUN,SUN,,N,2020,EIA923_Schedules_2_3_4_5_M_12_2020_Final_Revision.xlsx,TOT MMBTU MAY,62861,MAY,2020-05-01,Solar,Photovoltaic,Solar,total-fuel-consumed,Solar - Photovoltaic - Solar - Total Fuel Consumed
57657,Avra Valley Solar,PV,SUN,SUN,,N,2020,EIA923_Schedules_2_3_4_5_M_12_2020_Final_Revision.xlsx,ELEC MMBTU MAY,62861,MAY,2020-05-01,Solar,Photovoltaic,Solar,quantity-consumed-electricity,Solar - Photovoltaic - Solar - Quantity Consumed For Electricity
57657,Avra Valley Solar,PV,SUN,SUN,,N,2020,EIA923_Schedules_2_3_4_5_M_12_2020_Final_Revision.xlsx,NETGEN JUN,6850.412,JUN,2020-06-01,Solar,Photovoltaic,Solar,generation,Solar - Photovoltaic - Solar - Generation
57657,Avra Valley Solar,PV,SUN,SUN,,N,2020,EIA923_Schedules_2_3_4_5_M_12_2020_Final_Revision.xlsx,ELEC MMBTU JUN,60058,JUN,2020-06-01,Solar,Photovoltaic,Solar,quantity-consumed-electricity,Solar - Photovoltaic - Solar - Quantity Consumed For Electricity
57657,Avra Valley Solar,PV,SUN,SUN,,N,2020,EIA923_Schedules_2_3_4_5_M_12_2020_Final_Revision.xlsx,TOT MMBTU JUN,60058,JUN,2020-06-01,Solar,Photovoltaic,Solar,total-fuel-consumed,Solar - Photovoltaic - Solar - Total Fuel Consumed
57657,Avra Valley Solar,PV,SUN,SUN,,N,2020,EIA923_Schedules_2_3_4_5_M_12_2020_Final_Revision.xlsx,NETGEN JUL,6864.451,JUL,2020-07-01,Solar,Photovoltaic,Solar,generation,Solar - Photovoltaic - Solar - Generation
57657,Avra Valley Solar,PV,SUN,SUN,,N,2020,EIA923_Schedules_2_3_4_5_M_12_2020_Final_Revision.xlsx,ELEC MMBTU JUL,60181,JUL,2020-07-01,Solar,Photovoltaic,Solar,quantity-consumed-electricity,Solar - Photovoltaic - Solar - Quantity Consumed For Electricity
57657,Avra Valley Solar,PV,SUN,SUN,,N,2020,EIA923_Schedules_2_3_4_5_M_12_2020_Final_Revision.xlsx,TOT MMBTU JUL,60181,JUL,2020-07-01,Solar,Photovoltaic,Solar,total-fuel-consumed,Solar - Photovoltaic - Solar - Total Fuel Consumed
57657,Avra Valley Solar,PV,SUN,SUN,,N,2020,EIA923_Schedules_2_3_4_5_M_12_2020_Final_Revision.xlsx,ELEC MMBTU AUG,55328,AUG,2020-08-01,Solar,Photovoltaic,Solar,quantity-consumed-electricity,Solar - Photovoltaic - Solar - Quantity Consumed For Electricity
57657,Avra Valley Solar,PV,SUN,SUN,,N,2020,EIA923_Schedules_2_3_4_5_M_12_2020_Final_Revision.xlsx,NETGEN AUG,6310.911,AUG,2020-08-01,Solar,Photovoltaic,Solar,generation,Solar - Photovoltaic - Solar - Generation
57657,Avra Valley Solar,PV,SUN,SUN,,N,2020,EIA923_Schedules_2_3_4_5_M_12_2020_Final_Revision.xlsx,TOT MMBTU AUG,55328,AUG,2020-08-01,Solar,Photovoltaic,Solar,total-fuel-consumed,Solar - Photovoltaic - Solar - Total Fuel Consumed
57657,Avra Valley Solar,PV,SUN,SUN,,N,2020,EIA923_Schedules_2_3_4_5_M_12_2020_Final_Revision.xlsx,TOT MMBTU SEP,49990,SEP,2020-09-01,Solar,Photovoltaic,Solar,total-fuel-consumed,Solar - Photovoltaic - Solar - Total Fuel Consumed
57657,Avra Valley Solar,PV,SUN,SUN,,N,2020,EIA923_Schedules_2_3_4_5_M_12_2020_Final_Revision.xlsx,ELEC MMBTU SEP,49990,SEP,2020-09-01,Solar,Photovoltaic,Solar,quantity-consumed-electricity,Solar - Photovoltaic - Solar - Quantity Consumed For Electricity
57657,Avra Valley Solar,PV,SUN,SUN,,N,2020,EIA923_Schedules_2_3_4_5_M_12_2020_Final_Revision.xlsx,NETGEN SEP,5702.064,SEP,2020-09-01,Solar,Photovoltaic,Solar,generation,Solar - Photovoltaic - Solar - Generation
57657,Avra Valley Solar,PV,SUN,SUN,,N,2020,EIA923_Schedules_2_3_4_5_M_12_2020_Final_Revision.xlsx,TOT MMBTU OCT,47127,OCT,2020-10-01,Solar,Photovoltaic,Solar,total-fuel-consumed,Solar - Photovoltaic - Solar - Total Fuel Consumed
57657,Avra Valley Solar,PV,SUN,SUN,,N,2020,EIA923_Schedules_2_3_4_5_M_12_2020_Final_Revision.xlsx,ELEC MMBTU OCT,47127,OCT,2020-10-01,Solar,Photovoltaic,Solar,quantity-consumed-electricity,Solar - Photovoltaic - Solar - Quantity Consumed For Electricity
57657,Avra Valley Solar,PV,SUN,SUN,,N,2020,EIA923_Schedules_2_3_4_5_M_12_2020_Final_Revision.xlsx,NETGEN OCT,5375.502,OCT,2020-10-01,Solar,Photovoltaic,Solar,generation,Solar - Photovoltaic - Solar - Generation
57657,Avra Valley Solar,PV,SUN,SUN,,N,2020,EIA923_Schedules_2_3_4_5_M_12_2020_Final_Revision.xlsx,NETGEN NOV,3838.985,NOV,2020-11-01,Solar,Photovoltaic,Solar,generation,Solar - Photovoltaic - Solar - Generation
57657,Avra Valley Solar,PV,SUN,SUN,,N,2020,EIA923_Schedules_2_3_4_5_M_12_2020_Final_Revision.xlsx,TOT MMBTU NOV,33656,NOV,2020-11-01,Solar,Photovoltaic,Solar,total-fuel-consumed,Solar - Photovoltaic - Solar - Total Fuel Consumed
57657,Avra Valley Solar,PV,SUN,SUN,,N,2020,EIA923_Schedules_2_3_4_5_M_12_2020_Final_Revision.xlsx,ELEC MMBTU NOV,33656,NOV,2020-11-01,Solar,Photovoltaic,Solar,quantity-consumed-electricity,Solar - Photovoltaic - Solar - Quantity Consumed For Electricity
57657,Avra Valley Solar,PV,SUN,SUN,,N,2020,EIA923_Schedules_2_3_4_5_M_12_2020_Final_Revision.xlsx,TOT MMBTU DEC,29876,DEC,2020-12-01,Solar,Photovoltaic,Solar,total-fuel-consumed,Solar - Photovoltaic - Solar - Total Fuel Consumed
57657,Avra Valley Solar,PV,SUN,SUN,,N,2020,EIA923_Schedules_2_3_4_5_M_12_2020_Final_Revision.xlsx,ELEC MMBTU DEC,29876,DEC,2020-12-01,Solar,Photovoltaic,Solar,quantity-consumed-electricity,Solar - Photovoltaic - Solar - Quantity Consumed For Electricity
57657,Avra Valley Solar,PV,SUN,SUN,,N,2020,EIA923_Schedules_2_3_4_5_M_12_2020_Final_Revision.xlsx,NETGEN DEC,3407.77,DEC,2020-12-01,Solar,Photovoltaic,Solar,generation,Solar - Photovoltaic - Solar - Generation
57657,Avra Valley Solar,PV,SUN,SUN,,N,2021,EIA923_Schedules_2_3_4_5_M_12_2021_Final_Revision.xlsx,TOT MMBTU JAN,33731,JAN,2021-01-01,Solar,Photovoltaic,Solar,total-fuel-consumed,Solar - Photovoltaic - Solar - Total Fuel Consumed
57657,Avra Valley Solar,PV,SUN,SUN,,N,2021,EIA923_Schedules_2_3_4_5_M_12_2021_Final_Revision.xlsx,NETGEN JAN,3813.962,JAN,2021-01-01,Solar,Photovoltaic,Solar,generation,Solar - Photovoltaic - Solar - Generation
57657,Avra Valley Solar,PV,SUN,SUN,,N,2021,EIA923_Schedules_2_3_4_5_M_12_2021_Final_Revision.xlsx,ELEC MMBTU JAN,33731,JAN,2021-01-01,Solar,Photovoltaic,Solar,quantity-consumed-electricity,Solar - Photovoltaic - Solar - Quantity Consumed For Electricity
57657,Avra Valley Solar,PV,SUN,SUN,,N,2021,EIA923_Schedules_2_3_4_5_M_12_2021_Final_Revision.xlsx,NETGEN FEB,4842.226,FEB,2021-02-01,Solar,Photovoltaic,Solar,generation,Solar - Photovoltaic - Solar - Generation
57657,Avra Valley Solar,PV,SUN,SUN,,N,2021,EIA923_Schedules_2_3_4_5_M_12_2021_Final_Revision.xlsx,ELEC MMBTU FEB,42825,FEB,2021-02-01,Solar,Photovoltaic,Solar,quantity-consumed-electricity,Solar - Photovoltaic - Solar - Quantity Consumed For Electricity
57657,Avra Valley Solar,PV,SUN,SUN,,N,2021,EIA923_Schedules_2_3_4_5_M_12_2021_Final_Revision.xlsx,TOT MMBTU FEB,42825,FEB,2021-02-01,Solar,Photovoltaic,Solar,total-fuel-consumed,Solar - Photovoltaic - Solar - Total Fuel Consumed
57657,Avra Valley Solar,PV,SUN,SUN,,N,2021,EIA923_Schedules_2_3_4_5_M_12_2021_Final_Revision.xlsx,NETGEN MAR,6004.291,MAR,2021-03-01,Solar,Photovoltaic,Solar,generation,Solar - Photovoltaic - Solar - Generation
57657,Avra Valley Solar,PV,SUN,SUN,,N,2021,EIA923_Schedules_2_3_4_5_M_12_2021_Final_Revision.xlsx,ELEC MMBTU MAR,53102,MAR,2021-03-01,Solar,Photovoltaic,Solar,quantity-consumed-electricity,Solar - Photovoltaic - Solar - Quantity Consumed For Electricity
57657,Avra Valley Solar,PV,SUN,SUN,,N,2021,EIA923_Schedules_2_3_4_5_M_12_2021_Final_Revision.xlsx,TOT MMBTU MAR,53102,MAR,2021-03-01,Solar,Photovoltaic,Solar,total-fuel-consumed,Solar - Photovoltaic - Solar - Total Fuel Consumed
57657,Avra Valley Solar,PV,SUN,SUN,,N,2021,EIA923_Schedules_2_3_4_5_M_12_2021_Final_Revision.xlsx,NETGEN APR,6738.884,APR,2021-04-01,Solar,Photovoltaic,Solar,generation,Solar - Photovoltaic - Solar - Generation
57657,Avra Valley Solar,PV,SUN,SUN,,N,2021,EIA923_Schedules_2_3_4_5_M_12_2021_Final_Revision.xlsx,TOT MMBTU APR,59599,APR,2021-04-01,Solar,Photovoltaic,Solar,total-fuel-consumed,Solar - Photovoltaic - Solar - Total Fuel Consumed
57657,Avra Valley Solar,PV,SUN,SUN,,N,2021,EIA923_Schedules_2_3_4_5_M_12_2021_Final_Revision.xlsx,ELEC MMBTU APR,59599,APR,2021-04-01,Solar,Photovoltaic,Solar,quantity-consumed-electricity,Solar - Photovoltaic - Solar - Quantity Consumed For Electricity
57657,Avra Valley Solar,PV,SUN,SUN,,N,2021,EIA923_Schedules_2_3_4_5_M_12_2021_Final_Revision.xlsx,NETGEN MAY,8001.243,MAY,2021-05-01,Solar,Photovoltaic,Solar,generation,Solar - Photovoltaic - Solar - Generation
57657,Avra Valley Solar,PV,SUN,SUN,,N,2021,EIA923_Schedules_2_3_4_5_M_12_2021_Final_Revision.xlsx,ELEC MMBTU MAY,70763,MAY,2021-05-01,Solar,Photovoltaic,Solar,quantity-consumed-electricity,Solar - Photovoltaic - Solar - Quantity Consumed For Electricity
57657,Avra Valley Solar,PV,SUN,SUN,,N,2021,EIA923_Schedules_2_3_4_5_M_12_2021_Final_Revision.xlsx,TOT MMBTU MAY,70763,MAY,2021-05-01,Solar,Photovoltaic,Solar,total-fuel-consumed,Solar - Photovoltaic - Solar - Total Fuel Consumed
57657,Avra Valley Solar,PV,SUN,SUN,,N,2021,EIA923_Schedules_2_3_4_5_M_12_2021_Final_Revision.xlsx,ELEC MMBTU JUN,63566,JUN,2021-06-01,Solar,Photovoltaic,Solar,quantity-consumed-electricity,Solar - Photovoltaic - Solar - Quantity Consumed For Electricity
57657,Avra Valley Solar,PV,SUN,SUN,,N,2021,EIA923_Schedules_2_3_4_5_M_12_2021_Final_Revision.xlsx,TOT MMBTU JUN,63566,JUN,2021-06-01,Solar,Photovoltaic,Solar,total-fuel-consumed,Solar - Photovoltaic - Solar - Total Fuel Consumed
57657,Avra Valley Solar,PV,SUN,SUN,,N,2021,EIA923_Schedules_2_3_4_5_M_12_2021_Final_Revision.xlsx,NETGEN JUN,7187.454,JUN,2021-06-01,Solar,Photovoltaic,Solar,generation,Solar - Photovoltaic - Solar - Generation
57657,Avra Valley Solar,PV,SUN,SUN,,N,2021,EIA923_Schedules_2_3_4_5_M_12_2021_Final_Revision.xlsx,TOT MMBTU JUL,51549,JUL,2021-07-01,Solar,Photovoltaic,Solar,total-fuel-consumed,Solar - Photovoltaic - Solar - Total Fuel Consumed
57657,Avra Valley Solar,PV,SUN,SUN,,N,2021,EIA923_Schedules_2_3_4_5_M_12_2021_Final_Revision.xlsx,NETGEN JUL,5828.659,JUL,2021-07-01,Solar,Photovoltaic,Solar,generation,Solar - Photovoltaic - Solar - Generation
57657,Avra Valley Solar,PV,SUN,SUN,,N,2021,EIA923_Schedules_2_3_4_5_M_12_2021_Final_Revision.xlsx,ELEC MMBTU JUL,51549,JUL,2021-07-01,Solar,Photovoltaic,Solar,quantity-consumed-electricity,Solar - Photovoltaic - Solar - Quantity Consumed For Electricity
57657,Avra Valley Solar,PV,SUN,SUN,,N,2021,EIA923_Schedules_2_3_4_5_M_12_2021_Final_Revision.xlsx,NETGEN AUG,6460.664,AUG,2021-08-01,Solar,Photovoltaic,Solar,generation,Solar - Photovoltaic - Solar - Generation
57657,Avra Valley Solar,PV,SUN,SUN,,N,2021,EIA923_Schedules_2_3_4_5_M_12_2021_Final_Revision.xlsx,ELEC MMBTU AUG,57138,AUG,2021-08-01,Solar,Photovoltaic,Solar,quantity-consumed-electricity,Solar - Photovoltaic - Solar - Quantity Consumed For Electricity
57657,Avra Valley Solar,PV,SUN,SUN,,N,2021,EIA923_Schedules_2_3_4_5_M_12_2021_Final_Revision.xlsx,TOT MMBTU AUG,57138,AUG,2021-08-01,Solar,Photovoltaic,Solar,total-fuel-consumed,Solar - Photovoltaic - Solar - Total Fuel Consumed
57657,Avra Valley Solar,PV,SUN,SUN,,N,2021,EIA923_Schedules_2_3_4_5_M_12_2021_Final_Revision.xlsx,ELEC MMBTU SEP,50868,SEP,2021-09-01,Solar,Photovoltaic,Solar,quantity-consumed-electricity,Solar - Photovoltaic - Solar - Quantity Consumed For Electricity
57657,Avra Valley Solar,PV,SUN,SUN,,N,2021,EIA923_Schedules_2_3_4_5_M_12_2021_Final_Revision.xlsx,NETGEN SEP,5751.67,SEP,2021-09-01,Solar,Photovoltaic,Solar,generation,Solar - Photovoltaic - Solar - Generation
57657,Avra Valley Solar,PV,SUN,SUN,,N,2021,EIA923_Schedules_2_3_4_5_M_12_2021_Final_Revision.xlsx,TOT MMBTU SEP,50868,SEP,2021-09-01,Solar,Photovoltaic,Solar,total-fuel-consumed,Solar - Photovoltaic - Solar - Total Fuel Consumed
57657,Avra Valley Solar,PV,SUN,SUN,,N,2021,EIA923_Schedules_2_3_4_5_M_12_2021_Final_Revision.xlsx,ELEC MMBTU OCT,48472,OCT,2021-10-01,Solar,Photovoltaic,Solar,quantity-consumed-electricity,Solar - Photovoltaic - Solar - Quantity Consumed For Electricity
57657,Avra Valley Solar,PV,SUN,SUN,,N,2021,EIA923_Schedules_2_3_4_5_M_12_2021_Final_Revision.xlsx,NETGEN OCT,5480.748,OCT,2021-10-01,Solar,Photovoltaic,Solar,generation,Solar - Photovoltaic - Solar - Generation
57657,Avra Valley Solar,PV,SUN,SUN,,N,2021,EIA923_Schedules_2_3_4_5_M_12_2021_Final_Revision.xlsx,TOT MMBTU OCT,48472,OCT,2021-10-01,Solar,Photovoltaic,Solar,total-fuel-consumed,Solar - Photovoltaic - Solar - Total Fuel Consumed
57657,Avra Valley Solar,PV,SUN,SUN,,N,2021,EIA923_Schedules_2_3_4_5_M_12_2021_Final_Revision.xlsx,TOT MMBTU NOV,35789,NOV,2021-11-01,Solar,Photovoltaic,Solar,total-fuel-consumed,Solar - Photovoltaic - Solar - Total Fuel Consumed
57657,Avra Valley Solar,PV,SUN,SUN,,N,2021,EIA923_Schedules_2_3_4_5_M_12_2021_Final_Revision.xlsx,ELEC MMBTU NOV,35789,NOV,2021-11-01,Solar,Photovoltaic,Solar,quantity-consumed-electricity,Solar - Photovoltaic - Solar - Quantity Consumed For Electricity
57657,Avra Valley Solar,PV,SUN,SUN,,N,2021,EIA923_Schedules_2_3_4_5_M_12_2021_Final_Revision.xlsx,NETGEN NOV,4046.685,NOV,2021-11-01,Solar,Photovoltaic,Solar,generation,Solar - Photovoltaic - Solar - Generation
57657,Avra Valley Solar,PV,SUN,SUN,,N,2021,EIA923_Schedules_2_3_4_5_M_12_2021_Final_Revision.xlsx,ELEC MMBTU DEC,27049,DEC,2021-12-01,Solar,Photovoltaic,Solar,quantity-consumed-electricity,Solar - Photovoltaic - Solar - Quantity Consumed For Electricity
57657,Avra Valley Solar,PV,SUN,SUN,,N,2021,EIA923_Schedules_2_3_4_5_M_12_2021_Final_Revision.xlsx,NETGEN DEC,3058.514,DEC,2021-12-01,Solar,Photovoltaic,Solar,generation,Solar - Photovoltaic - Solar - Generation
57657,Avra Valley Solar,PV,SUN,SUN,,N,2021,EIA923_Schedules_2_3_4_5_M_12_2021_Final_Revision.xlsx,TOT MMBTU DEC,27049,DEC,2021-12-01,Solar,Photovoltaic,Solar,total-fuel-consumed,Solar - Photovoltaic - Solar - Total Fuel Consumed
57657,Avra Valley Solar,PV,SUN,SUN,,N,2022,EIA923_Schedules_2_3_4_5_M_12_2022_Final_Revision.xlsx,NETGEN JAN,3816.307,JAN,2022-01-01,Solar,Photovoltaic,Solar,generation,Solar - Photovoltaic - Solar - Generation
57657,Avra Valley Solar,PV,SUN,SUN,,N,2022,EIA923_Schedules_2_3_4_5_M_12_2022_Final_Revision.xlsx,TOT MMBTU JAN,13021,JAN,2022-01-01,Solar,Photovoltaic,Solar,total-fuel-consumed,Solar - Photovoltaic - Solar - Total Fuel Consumed
57657,Avra Valley Solar,PV,SUN,SUN,,N,2022,EIA923_Schedules_2_3_4_5_M_12_2022_Final_Revision.xlsx,ELEC MMBTU JAN,13021,JAN,2022-01-01,Solar,Photovoltaic,Solar,quantity-consumed-electricity,Solar - Photovoltaic - Solar - Quantity Consumed For Electricity
57657,Avra Valley Solar,PV,SUN,SUN,,N,2022,EIA923_Schedules_2_3_4_5_M_12_2022_Final_Revision.xlsx,NETGEN FEB,4405.807,FEB,2022-02-01,Solar,Photovoltaic,Solar,generation,Solar - Photovoltaic - Solar - Generation
57657,Avra Valley Solar,PV,SUN,SUN,,N,2022,EIA923_Schedules_2_3_4_5_M_12_2022_Final_Revision.xlsx,TOT MMBTU FEB,15033,FEB,2022-02-01,Solar,Photovoltaic,Solar,total-fuel-consumed,Solar - Photovoltaic - Solar - Total Fuel Consumed
57657,Avra Valley Solar,PV,SUN,SUN,,N,2022,EIA923_Schedules_2_3_4_5_M_12_2022_Final_Revision.xlsx,ELEC MMBTU FEB,15033,FEB,2022-02-01,Solar,Photovoltaic,Solar,quantity-consumed-electricity,Solar - Photovoltaic - Solar - Quantity Consumed For Electricity
57657,Avra Valley Solar,PV,SUN,SUN,,N,2022,EIA923_Schedules_2_3_4_5_M_12_2022_Final_Revision.xlsx,NETGEN MAR,5533.41,MAR,2022-03-01,Solar,Photovoltaic,Solar,generation,Solar - Photovoltaic - Solar - Generation
57657,Avra Valley Solar,PV,SUN,SUN,,N,2022,EIA923_Schedules_2_3_4_5_M_12_2022_Final_Revision.xlsx,TOT MMBTU MAR,18880,MAR,2022-03-01,Solar,Photovoltaic,Solar,total-fuel-consumed,Solar - Photovoltaic - Solar - Total Fuel Consumed
57657,Avra Valley Solar,PV,SUN,SUN,,N,2022,EIA923_Schedules_2_3_4_5_M_12_2022_Final_Revision.xlsx,ELEC MMBTU MAR,18880,MAR,2022-03-01,Solar,Photovoltaic,Solar,quantity-consumed-electricity,Solar - Photovoltaic - Solar - Quantity Consumed For Electricity
57657,Avra Valley Solar,PV,SUN,SUN,,N,2022,EIA923_Schedules_2_3_4_5_M_12_2022_Final_Revision.xlsx,NETGEN APR,6217.551,APR,2022-04-01,Solar,Photovoltaic,Solar,generation,Solar - Photovoltaic - Solar - Generation
57657,Avra Valley Solar,PV,SUN,SUN,,N,2022,EIA923_Schedules_2_3_4_5_M_12_2022_Final_Revision.xlsx,TOT MMBTU APR,21214,APR,2022-04-01,Solar,Photovoltaic,Solar,total-fuel-consumed,Solar - Photovoltaic - Solar - Total Fuel Consumed
57657,Avra Valley Solar,PV,SUN,SUN,,N,2022,EIA923_Schedules_2_3_4_5_M_12_2022_Final_Revision.xlsx,ELEC MMBTU APR,21214,APR,2022-04-01,Solar,Photovoltaic,Solar,quantity-consumed-electricity,Solar - Photovoltaic - Solar - Quantity Consumed For Electricity
57657,Avra Valley Solar,PV,SUN,SUN,,N,2022,EIA923_Schedules_2_3_4_5_M_12_2022_Final_Revision.xlsx,TOT MMBTU MAY,24574,MAY,2022-05-01,Solar,Photovoltaic,Solar,total-fuel-consumed,Solar - Photovoltaic - Solar - Total Fuel Consumed
57657,Avra Valley Solar,PV,SUN,SUN,,N,2022,EIA923_Schedules_2_3_4_5_M_12_2022_Final_Revision.xlsx,NETGEN MAY,7202.09,MAY,2022-05-01,Solar,Photovoltaic,Solar,generation,Solar - Photovoltaic - Solar - Generation
57657,Avra Valley Solar,PV,SUN,SUN,,N,2022,EIA923_Schedules_2_3_4_5_M_12_2022_Final_Revision.xlsx,ELEC MMBTU MAY,24574,MAY,2022-05-01,Solar,Photovoltaic,Solar,quantity-consumed-electricity,Solar - Photovoltaic - Solar - Quantity Consumed For Electricity
57657,Avra Valley Solar,PV,SUN,SUN,,N,2022,EIA923_Schedules_2_3_4_5_M_12_2022_Final_Revision.xlsx,ELEC MMBTU JUN,23472,JUN,2022-06-01,Solar,Photovoltaic,Solar,quantity-consumed-electricity,Solar - Photovoltaic - Solar - Quantity Consumed For Electricity
57657,Avra Valley Solar,PV,SUN,SUN,,N,2022,EIA923_Schedules_2_3_4_5_M_12_2022_Final_Revision.xlsx,TOT MMBTU JUN,23472,JUN,2022-06-01,Solar,Photovoltaic,Solar,total-fuel-consumed,Solar - Photovoltaic - Solar - Total Fuel Consumed
57657,Avra Valley Solar,PV,SUN,SUN,,N,2022,EIA923_Schedules_2_3_4_5_M_12_2022_Final_Revision.xlsx,NETGEN JUN,6879.291,JUN,2022-06-01,Solar,Photovoltaic,Solar,generation,Solar - Photovoltaic - Solar - Generation
57657,Avra Valley Solar,PV,SUN,SUN,,N,2022,EIA923_Schedules_2_3_4_5_M_12_2022_Final_Revision.xlsx,TOT MMBTU JUL,21036,JUL,2022-07-01,Solar,Photovoltaic,Solar,total-fuel-consumed,Solar - Photovoltaic - Solar - Total Fuel Consumed
57657,Avra Valley Solar,PV,SUN,SUN,,N,2022,EIA923_Schedules_2_3_4_5_M_12_2022_Final_Revision.xlsx,ELEC MMBTU JUL,21036,JUL,2022-07-01,Solar,Photovoltaic,Solar,quantity-consumed-electricity,Solar - Photovoltaic - Solar - Quantity Consumed For Electricity
57657,Avra Valley Solar,PV,SUN,SUN,,N,2022,EIA923_Schedules_2_3_4_5_M_12_2022_Final_Revision.xlsx,NETGEN JUL,6165.303,JUL,2022-07-01,Solar,Photovoltaic,Solar,generation,Solar - Photovoltaic - Solar - Generation
57657,Avra Valley Solar,PV,SUN,SUN,,N,2022,EIA923_Schedules_2_3_4_5_M_12_2022_Final_Revision.xlsx,ELEC MMBTU AUG,20165,AUG,2022-08-01,Solar,Photovoltaic,Solar,quantity-consumed-electricity,Solar - Photovoltaic - Solar - Quantity Consumed For Electricity
57657,Avra Valley Solar,PV,SUN,SUN,,N,2022,EIA923_Schedules_2_3_4_5_M_12_2022_Final_Revision.xlsx,TOT MMBTU AUG,20165,AUG,2022-08-01,Solar,Photovoltaic,Solar,total-fuel-consumed,Solar - Photovoltaic - Solar - Total Fuel Consumed
57657,Avra Valley Solar,PV,SUN,SUN,,N,2022,EIA923_Schedules_2_3_4_5_M_12_2022_Final_Revision.xlsx,NETGEN AUG,5910.071,AUG,2022-08-01,Solar,Photovoltaic,Solar,generation,Solar - Photovoltaic - Solar - Generation
57657,Avra Valley Solar,PV,SUN,SUN,,N,2022,EIA923_Schedules_2_3_4_5_M_12_2022_Final_Revision.xlsx,ELEC MMBTU SEP,18573,SEP,2022-09-01,Solar,Photovoltaic,Solar,quantity-consumed-electricity,Solar - Photovoltaic - Solar - Quantity Consumed For Electricity
57657,Avra Valley Solar,PV,SUN,SUN,,N,2022,EIA923_Schedules_2_3_4_5_M_12_2022_Final_Revision.xlsx,NETGEN SEP,5443.557,SEP,2022-09-01,Solar,Photovoltaic,Solar,generation,Solar - Photovoltaic - Solar - Generation
57657,Avra Valley Solar,PV,SUN,SUN,,N,2022,EIA923_Schedules_2_3_4_5_M_12_2022_Final_Revision.xlsx,TOT MMBTU SEP,18573,SEP,2022-09-01,Solar,Photovoltaic,Solar,total-fuel-consumed,Solar - Photovoltaic - Solar - Total Fuel Consumed
57657,Avra Valley Solar,PV,SUN,SUN,,N,2022,EIA923_Schedules_2_3_4_5_M_12_2022_Final_Revision.xlsx,NETGEN OCT,5322.057,OCT,2022-10-01,Solar,Photovoltaic,Solar,generation,Solar - Photovoltaic - Solar - Generation
57657,Avra Valley Solar,PV,SUN,SUN,,N,2022,EIA923_Schedules_2_3_4_5_M_12_2022_Final_Revision.xlsx,TOT MMBTU OCT,18159,OCT,2022-10-01,Solar,Photovoltaic,Solar,total-fuel-consumed,Solar - Photovoltaic - Solar - Total Fuel Consumed
57657,Avra Valley Solar,PV,SUN,SUN,,N,2022,EIA923_Schedules_2_3_4_5_M_12_2022_Final_Revision.xlsx,ELEC MMBTU OCT,18159,OCT,2022-10-01,Solar,Photovoltaic,Solar,quantity-consumed-electricity,Solar - Photovoltaic - Solar - Quantity Consumed For Electricity
57657,Avra Valley Solar,PV,SUN,SUN,,N,2022,EIA923_Schedules_2_3_4_5_M_12_2022_Final_Revision.xlsx,NETGEN NOV,3926.025,NOV,2022-11-01,Solar,Photovoltaic,Solar,generation,Solar - Photovoltaic - Solar - Generation
57657,Avra Valley Solar,PV,SUN,SUN,,N,2022,EIA923_Schedules_2_3_4_5_M_12_2022_Final_Revision.xlsx,ELEC MMBTU NOV,13396,NOV,2022-11-01,Solar,Photovoltaic,Solar,quantity-consumed-electricity,Solar - Photovoltaic - Solar - Quantity Consumed For Electricity
57657,Avra Valley Solar,PV,SUN,SUN,,N,2022,EIA923_Schedules_2_3_4_5_M_12_2022_Final_Revision.xlsx,TOT MMBTU NOV,13396,NOV,2022-11-01,Solar,Photovoltaic,Solar,total-fuel-consumed,Solar - Photovoltaic - Solar - Total Fuel Consumed
57657,Avra Valley Solar,PV,SUN,SUN,,N,2022,EIA923_Schedules_2_3_4_5_M_12_2022_Final_Revision.xlsx,ELEC MMBTU DEC,10248,DEC,2022-12-01,Solar,Photovoltaic,Solar,quantity-consumed-electricity,Solar - Photovoltaic - Solar - Quantity Consumed For Electricity
57657,Avra Valley Solar,PV,SUN,SUN,,N,2022,EIA923_Schedules_2_3_4_5_M_12_2022_Final_Revision.xlsx,NETGEN DEC,3003.531,DEC,2022-12-01,Solar,Photovoltaic,Solar,generation,Solar - Photovoltaic - Solar - Generation
57657,Avra Valley Solar,PV,SUN,SUN,,N,2022,EIA923_Schedules_2_3_4_5_M_12_2022_Final_Revision.xlsx,TOT MMBTU DEC,10248,DEC,2022-12-01,Solar,Photovoltaic,Solar,total-fuel-consumed,Solar - Photovoltaic - Solar - Total Fuel Consumed
57657,Avra Valley Solar,PV,SUN,SUN,,N,2023,EIA923_Schedules_2_3_4_5_M_12_2023_Final_Revision.xlsx,TOT MMBTU JAN,12215,JAN,2023-01-01,Solar,Photovoltaic,Solar,total-fuel-consumed,Solar - Photovoltaic - Solar - Total Fuel Consumed
57657,Avra Valley Solar,PV,SUN,SUN,,N,2023,EIA923_Schedules_2_3_4_5_M_12_2023_Final_Revision.xlsx,ELEC MMBTU JAN,12215,JAN,2023-01-01,Solar,Photovoltaic,Solar,quantity-consumed-electricity,Solar - Photovoltaic - Solar - Quantity Consumed For Electricity
57657,Avra Valley Solar,PV,SUN,SUN,,N,2023,EIA923_Schedules_2_3_4_5_M_12_2023_Final_Revision.xlsx,NETGEN JAN,3580,JAN,2023-01-01,Solar,Photovoltaic,Solar,generation,Solar - Photovoltaic - Solar - Generation
57657,Avra Valley Solar,PV,SUN,SUN,,N,2023,EIA923_Schedules_2_3_4_5_M_12_2023_Final_Revision.xlsx,TOT MMBTU FEB,14286,FEB,2023-02-01,Solar,Photovoltaic,Solar,total-fuel-consumed,Solar - Photovoltaic - Solar - Total Fuel Consumed
57657,Avra Valley Solar,PV,SUN,SUN,,N,2023,EIA923_Schedules_2_3_4_5_M_12_2023_Final_Revision.xlsx,ELEC MMBTU FEB,14286,FEB,2023-02-01,Solar,Photovoltaic,Solar,quantity-consumed-electricity,Solar - Photovoltaic - Solar - Quantity Consumed For Electricity
57657,Avra Valley Solar,PV,SUN,SUN,,N,2023,EIA923_Schedules_2_3_4_5_M_12_2023_Final_Revision.xlsx,NETGEN FEB,4187,FEB,2023-02-01,Solar,Photovoltaic,Solar,generation,Solar - Photovoltaic - Solar - Generation
57657,Avra Valley Solar,PV,SUN,SUN,,N,2023,EIA923_Schedules_2_3_4_5_M_12_2023_Final_Revision.xlsx,NETGEN MAR,5254,MAR,2023-03-01,Solar,Photovoltaic,Solar,generation,Solar - Photovoltaic - Solar - Generation
57657,Avra Valley Solar,PV,SUN,SUN,,N,2023,EIA923_Schedules_2_3_4_5_M_12_2023_Final_Revision.xlsx,ELEC MMBTU MAR,17927,MAR,2023-03-01,Solar,Photovoltaic,Solar,quantity-consumed-electricity,Solar - Photovoltaic - Solar - Quantity Consumed For Electricity
57657,Avra Valley Solar,PV,SUN,SUN,,N,2023,EIA923_Schedules_2_3_4_5_M_12_2023_Final_Revision.xlsx,TOT MMBTU MAR,17927,MAR,2023-03-01,Solar,Photovoltaic,Solar,total-fuel-consumed,Solar - Photovoltaic - Solar - Total Fuel Consumed
57657,Avra Valley Solar,PV,SUN,SUN,,N,2023,EIA923_Schedules_2_3_4_5_M_12_2023_Final_Revision.xlsx,ELEC MMBTU APR,24041,APR,2023-04-01,Solar,Photovoltaic,Solar,quantity-consumed-electricity,Solar - Photovoltaic - Solar - Quantity Consumed For Electricity
57657,Avra Valley Solar,PV,SUN,SUN,,N,2023,EIA923_Schedules_2_3_4_5_M_12_2023_Final_Revision.xlsx,TOT MMBTU APR,24041,APR,2023-04-01,Solar,Photovoltaic,Solar,total-fuel-consumed,Solar - Photovoltaic - Solar - Total Fuel Consumed
57657,Avra Valley Solar,PV,SUN,SUN,,N,2023,EIA923_Schedules_2_3_4_5_M_12_2023_Final_Revision.xlsx,NETGEN APR,7046,APR,2023-04-01,Solar,Photovoltaic,Solar,generation,Solar - Photovoltaic - Solar - Generation
57657,Avra Valley Solar,PV,SUN,SUN,,N,2023,EIA923_Schedules_2_3_4_5_M_12_2023_Final_Revision.xlsx,NETGEN MAY,7934,MAY,2023-05-01,Solar,Photovoltaic,Solar,generation,Solar - Photovoltaic - Solar - Generation
57657,Avra Valley Solar,PV,SUN,SUN,,N,2023,EIA923_Schedules_2_3_4_5_M_12_2023_Final_Revision.xlsx,TOT MMBTU MAY,27071,MAY,2023-05-01,Solar,Photovoltaic,Solar,total-fuel-consumed,Solar - Photovoltaic - Solar - Total Fuel Consumed
57657,Avra Valley Solar,PV,SUN,SUN,,N,2023,EIA923_Schedules_2_3_4_5_M_12_2023_Final_Revision.xlsx,ELEC MMBTU MAY,27071,MAY,2023-05-01,Solar,Photovoltaic,Solar,quantity-consumed-electricity,Solar - Photovoltaic - Solar - Quantity Consumed For Electricity
57657,Avra Valley Solar,PV,SUN,SUN,,N,2023,EIA923_Schedules_2_3_4_5_M_12_2023_Final_Revision.xlsx,TOT MMBTU JUN,27088,JUN,2023-06-01,Solar,Photovoltaic,Solar,total-fuel-consumed,Solar - Photovoltaic - Solar - Total Fuel Consumed
57657,Avra Valley Solar,PV,SUN,SUN,,N,2023,EIA923_Schedules_2_3_4_5_M_12_2023_Final_Revision.xlsx,NETGEN JUN,7939,JUN,2023-06-01,Solar,Photovoltaic,Solar,generation,Solar - Photovoltaic - Solar - Generation
57657,Avra Valley Solar,PV,SUN,SUN,,N,2023,EIA923_Schedules_2_3_4_5_M_12_2023_Final_Revision.xlsx,ELEC MMBTU JUN,27088,JUN,2023-06-01,Solar,Photovoltaic,Solar,quantity-consumed-electricity,Solar - Photovoltaic - Solar - Quantity Consumed For Electricity
57657,Avra Valley Solar,PV,SUN,SUN,,N,2023,EIA923_Schedules_2_3_4_5_M_12_2023_Final_Revision.xlsx,ELEC MMBTU JUL,24699,JUL,2023-07-01,Solar,Photovoltaic,Solar,quantity-consumed-electricity,Solar - Photovoltaic - Solar - Quantity Consumed For Electricity
57657,Avra Valley Solar,PV,SUN,SUN,,N,2023,EIA923_Schedules_2_3_4_5_M_12_2023_Final_Revision.xlsx,TOT MMBTU JUL,24699,JUL,2023-07-01,Solar,Photovoltaic,Solar,total-fuel-consumed,Solar - Photovoltaic - Solar - Total Fuel Consumed
57657,Avra Valley Solar,PV,SUN,SUN,,N,2023,EIA923_Schedules_2_3_4_5_M_12_2023_Final_Revision.xlsx,NETGEN JUL,7239,JUL,2023-07-01,Solar,Photovoltaic,Solar,generation,Solar - Photovoltaic - Solar - Generation
57657,Avra Valley Solar,PV,SUN,SUN,,N,2023,EIA923_Schedules_2_3_4_5_M_12_2023_Final_Revision.xlsx,NETGEN AUG,5261,AUG,2023-08-01,Solar,Photovoltaic,Solar,generation,Solar - Photovoltaic - Solar - Generation
57657,Avra Valley Solar,PV,SUN,SUN,,N,2023,EIA923_Schedules_2_3_4_5_M_12_2023_Final_Revision.xlsx,TOT MMBTU AUG,17951,AUG,2023-08-01,Solar,Photovoltaic,Solar,total-fuel-consumed,Solar - Photovoltaic - Solar - Total Fuel Consumed
57657,Avra Valley Solar,PV,SUN,SUN,,N,2023,EIA923_Schedules_2_3_4_5_M_12_2023_Final_Revision.xlsx,ELEC MMBTU AUG,17951,AUG,2023-08-01,Solar,Photovoltaic,Solar,quantity-consumed-electricity,Solar - Photovoltaic - Solar - Quantity Consumed For Electricity
57657,Avra Valley Solar,PV,SUN,SUN,,N,2023,EIA923_Schedules_2_3_4_5_M_12_2023_Final_Revision.xlsx,NETGEN SEP,4792,SEP,2023-09-01,Solar,Photovoltaic,Solar,generation,Solar - Photovoltaic - Solar - Generation
57657,Avra Valley Solar,PV,SUN,SUN,,N,2023,EIA923_Schedules_2_3_4_5_M_12_2023_Final_Revision.xlsx,ELEC MMBTU SEP,16350,SEP,2023-09-01,Solar,Photovoltaic,Solar,quantity-consumed-electricity,Solar - Photovoltaic - Solar - Quantity Consumed For Electricity
57657,Avra Valley Solar,PV,SUN,SUN,,N,2023,EIA923_Schedules_2_3_4_5_M_12_2023_Final_Revision.xlsx,TOT MMBTU SEP,16350,SEP,2023-09-01,Solar,Photovoltaic,Solar,total-fuel-consumed,Solar - Photovoltaic - Solar - Total Fuel Consumed
57657,Avra Valley Solar,PV,SUN,SUN,,N,2023,EIA923_Schedules_2_3_4_5_M_12_2023_Final_Revision.xlsx,ELEC MMBTU OCT,16685,OCT,2023-10-01,Solar,Photovoltaic,Solar,quantity-consumed-electricity,Solar - Photovoltaic - Solar - Quantity Consumed For Electricity
57657,Avra Valley Solar,PV,SUN,SUN,,N,2023,EIA923_Schedules_2_3_4_5_M_12_2023_Final_Revision.xlsx,TOT MMBTU OCT,16685,OCT,2023-10-01,Solar,Photovoltaic,Solar,total-fuel-consumed,Solar - Photovoltaic - Solar - Total Fuel Consumed
57657,Avra Valley Solar,PV,SUN,SUN,,N,2023,EIA923_Schedules_2_3_4_5_M_12_2023_Final_Revision.xlsx,NETGEN OCT,4890,OCT,2023-10-01,Solar,Photovoltaic,Solar,generation,Solar - Photovoltaic - Solar - Generation
57657,Avra Valley Solar,PV,SUN,SUN,,N,2023,EIA923_Schedules_2_3_4_5_M_12_2023_Final_Revision.xlsx,ELEC MMBTU NOV,11956,NOV,2023-11-01,Solar,Photovoltaic,Solar,quantity-consumed-electricity,Solar - Photovoltaic - Solar - Quantity Consumed For Electricity
57657,Avra Valley Solar,PV,SUN,SUN,,N,2023,EIA923_Schedules_2_3_4_5_M_12_2023_Final_Revision.xlsx,TOT MMBTU NOV,11956,NOV,2023-11-01,Solar,Photovoltaic,Solar,total-fuel-consumed,Solar - Photovoltaic - Solar - Total Fuel Consumed
57657,Avra Valley Solar,PV,SUN,SUN,,N,2023,EIA923_Schedules_2_3_4_5_M_12_2023_Final_Revision.xlsx,NETGEN NOV,3504,NOV,2023-11-01,Solar,Photovoltaic,Solar,generation,Solar - Photovoltaic - Solar - Generation
57657,Avra Valley Solar,PV,SUN,SUN,,N,2023,EIA923_Schedules_2_3_4_5_M_12_2023_Final_Revision.xlsx,NETGEN DEC,3132,DEC,2023-12-01,Solar,Photovoltaic,Solar,generation,Solar - Photovoltaic - Solar - Generation
57657,Avra Valley Solar,PV,SUN,SUN,,N,2023,EIA923_Schedules_2_3_4_5_M_12_2023_Final_Revision.xlsx,ELEC MMBTU DEC,10686,DEC,2023-12-01,Solar,Photovoltaic,Solar,quantity-consumed-electricity,Solar - Photovoltaic - Solar - Quantity Consumed For Electricity
57657,Avra Valley Solar,PV,SUN,SUN,,N,2023,EIA923_Schedules_2_3_4_5_M_12_2023_Final_Revision.xlsx,TOT MMBTU DEC,10686,DEC,2023-12-01,Solar,Photovoltaic,Solar,total-fuel-consumed,Solar - Photovoltaic - Solar - Total Fuel Consumed
57657,Avra Valley Solar,PV,SUN,SUN,,N,2024,EIA923_Schedules_2_3_4_5_M_12_2024_Final.xlsx,TOT MMBTU JAN,7332,JAN,2024-01-01,Solar,Photovoltaic,Solar,total-fuel-consumed,Solar - Photovoltaic - Solar - Total Fuel Consumed
57657,Avra Valley Solar,PV,SUN,SUN,,N,2024,EIA923_Schedules_2_3_4_5_M_12_2024_Final.xlsx,NETGEN JAN,2149,JAN,2024-01-01,Solar,Photovoltaic,Solar,generation,Solar - Photovoltaic - Solar - Generation
57657,Avra Valley Solar,PV,SUN,SUN,,N,2024,EIA923_Schedules_2_3_4_5_M_12_2024_Final.xlsx,ELEC MMBTU JAN,7332,JAN,2024-01-01,Solar,Photovoltaic,Solar,quantity-consumed-electricity,Solar - Photovoltaic - Solar - Quantity Consumed For Electricity
57657,Avra Valley Solar,PV,SUN,SUN,,N,2024,EIA923_Schedules_2_3_4_5_M_12_2024_Final.xlsx,TOT MMBTU FEB,8742,FEB,2024-02-01,Solar,Photovoltaic,Solar,total-fuel-consumed,Solar - Photovoltaic - Solar - Total Fuel Consumed
57657,Avra Valley Solar,PV,SUN,SUN,,N,2024,EIA923_Schedules_2_3_4_5_M_12_2024_Final.xlsx,ELEC MMBTU FEB,8742,FEB,2024-02-01,Solar,Photovoltaic,Solar,quantity-consumed-electricity,Solar - Photovoltaic - Solar - Quantity Consumed For Electricity
57657,Avra Valley Solar,PV,SUN,SUN,,N,2024,EIA923_Schedules_2_3_4_5_M_12_2024_Final.xlsx,NETGEN FEB,2562,FEB,2024-02-01,Solar,Photovoltaic,Solar,generation,Solar - Photovoltaic - Solar - Generation
57657,Avra Valley Solar,PV,SUN,SUN,,N,2024,EIA923_Schedules_2_3_4_5_M_12_2024_Final.xlsx,ELEC MMBTU MAR,17534,MAR,2024-03-01,Solar,Photovoltaic,Solar,quantity-consumed-electricity,Solar - Photovoltaic - Solar - Quantity Consumed For Electricity
57657,Avra Valley Solar,PV,SUN,SUN,,N,2024,EIA923_Schedules_2_3_4_5_M_12_2024_Final.xlsx,TOT MMBTU MAR,17534,MAR,2024-03-01,Solar,Photovoltaic,Solar,total-fuel-consumed,Solar - Photovoltaic - Solar - Total Fuel Consumed
57657,Avra Valley Solar,PV,SUN,SUN,,N,2024,EIA923_Schedules_2_3_4_5_M_12_2024_Final.xlsx,NETGEN MAR,5139,MAR,2024-03-01,Solar,Photovoltaic,Solar,generation,Solar - Photovoltaic - Solar - Generation
57657,Avra Valley Solar,PV,SUN,SUN,,N,2024,EIA923_Schedules_2_3_4_5_M_12_2024_Final.xlsx,ELEC MMBTU APR,23788,APR,2024-04-01,Solar,Photovoltaic,Solar,quantity-consumed-electricity,Solar - Photovoltaic - Solar - Quantity Consumed For Electricity
57657,Avra Valley Solar,PV,SUN,SUN,,N,2024,EIA923_Schedules_2_3_4_5_M_12_2024_Final.xlsx,NETGEN APR,6972,APR,2024-04-01,Solar,Photovoltaic,Solar,generation,Solar - Photovoltaic - Solar - Generation
57657,Avra Valley Solar,PV,SUN,SUN,,N,2024,EIA923_Schedules_2_3_4_5_M_12_2024_Final.xlsx,TOT MMBTU APR,23788,APR,2024-04-01,Solar,Photovoltaic,Solar,total-fuel-consumed,Solar - Photovoltaic - Solar - Total Fuel Consumed
57657,Avra Valley Solar,PV,SUN,SUN,,N,2024,EIA923_Schedules_2_3_4_5_M_12_2024_Final.xlsx,NETGEN MAY,7836,MAY,2024-05-01,Solar,Photovoltaic,Solar,generation,Solar - Photovoltaic - Solar - Generation
57657,Avra Valley Solar,PV,SUN,SUN,,N,2024,EIA923_Schedules_2_3_4_5_M_12_2024_Final.xlsx,ELEC MMBTU MAY,26736,MAY,2024-05-01,Solar,Photovoltaic,Solar,quantity-consumed-electricity,Solar - Photovoltaic - Solar - Quantity Consumed For Electricity
57657,Avra Valley Solar,PV,SUN,SUN,,N,2024,EIA923_Schedules_2_3_4_5_M_12_2024_Final.xlsx,TOT MMBTU MAY,26736,MAY,2024-05-01,Solar,Photovoltaic,Solar,total-fuel-consumed,Solar - Photovoltaic - Solar - Total Fuel Consumed
57657,Avra Valley Solar,PV,SUN,SUN,,N,2024,EIA923_Schedules_2_3_4_5_M_12_2024_Final.xlsx,NETGEN JUN,6776,JUN,2024-06-01,Solar,Photovoltaic,Solar,generation,Solar - Photovoltaic - Solar - Generation
57657,Avra Valley Solar,PV,SUN,SUN,,N,2024,EIA923_Schedules_2_3_4_5_M_12_2024_Final.xlsx,ELEC MMBTU JUN,23120,JUN,2024-06-01,Solar,Photovoltaic,Solar,quantity-consumed-electricity,Solar - Photovoltaic - Solar - Quantity Consumed For Electricity
57657,Avra Valley Solar,PV,SUN,SUN,,N,2024,EIA923_Schedules_2_3_4_5_M_12_2024_Final.xlsx,TOT MMBTU JUN,23120,JUN,2024-06-01,Solar,Photovoltaic,Solar,total-fuel-consumed,Solar - Photovoltaic - Solar - Total Fuel Consumed
57657,Avra Valley Solar,PV,SUN,SUN,,N,2024,EIA923_Schedules_2_3_4_5_M_12_2024_Final.xlsx,NETGEN JUL,7040,JUL,2024-07-01,Solar,Photovoltaic,Solar,generation,Solar - Photovoltaic - Solar - Generation
57657,Avra Valley Solar,PV,SUN,SUN,,N,2024,EIA923_Schedules_2_3_4_5_M_12_2024_Final.xlsx,ELEC MMBTU JUL,24020,JUL,2024-07-01,Solar,Photovoltaic,Solar,quantity-consumed-electricity,Solar - Photovoltaic - Solar - Quantity Consumed For Electricity
57657,Avra Valley Solar,PV,SUN,SUN,,N,2024,EIA923_Schedules_2_3_4_5_M_12_2024_Final.xlsx,TOT MMBTU JUL,24020,JUL,2024-07-01,Solar,Photovoltaic,Solar,total-fuel-consumed,Solar - Photovoltaic - Solar - Total Fuel Consumed
57657,Avra Valley Solar,PV,SUN,SUN,,N,2024,EIA923_Schedules_2_3_4_5_M_12_2024_Final.xlsx,TOT MMBTU AUG,20933,AUG,2024-08-01,Solar,Photovoltaic,Solar,total-fuel-consumed,Solar - Photovoltaic - Solar - Total Fuel Consumed
57657,Avra Valley Solar,PV,SUN,SUN,,N,2024,EIA923_Schedules_2_3_4_5_M_12_2024_Final.xlsx,ELEC MMBTU AUG,20933,AUG,2024-08-01,Solar,Photovoltaic,Solar,quantity-consumed-electricity,Solar - Photovoltaic - Solar - Quantity Consumed For Electricity
57657,Avra Valley Solar,PV,SUN,SUN,,N,2024,EIA923_Schedules_2_3_4_5_M_12_2024_Final.xlsx,NETGEN AUG,6135,AUG,2024-08-01,Solar,Photovoltaic,Solar,generation,Solar - Photovoltaic - Solar - Generation
57657,Avra Valley Solar,PV,SUN,SUN,,N,2024,EIA923_Schedules_2_3_4_5_M_12_2024_Final.xlsx,ELEC MMBTU SEP,20492,SEP,2024-09-01,Solar,Photovoltaic,Solar,quantity-consumed-electricity,Solar - Photovoltaic - Solar - Quantity Consumed For Electricity
57657,Avra Valley Solar,PV,SUN,SUN,,N,2024,EIA923_Schedules_2_3_4_5_M_12_2024_Final.xlsx,TOT MMBTU SEP,20492,SEP,2024-09-01,Solar,Photovoltaic,Solar,total-fuel-consumed,Solar - Photovoltaic - Solar - Total Fuel Consumed
57657,Avra Valley Solar,PV,SUN,SUN,,N,2024,EIA923_Schedules_2_3_4_5_M_12_2024_Final.xlsx,NETGEN SEP,6006,SEP,2024-09-01,Solar,Photovoltaic,Solar,generation,Solar - Photovoltaic - Solar - Generation
57657,Avra Valley Solar,PV,SUN,SUN,,N,2024,EIA923_Schedules_2_3_4_5_M_12_2024_Final.xlsx,ELEC MMBTU OCT,16780,OCT,2024-10-01,Solar,Photovoltaic,Solar,quantity-consumed-electricity,Solar - Photovoltaic - Solar - Quantity Consumed For Electricity
57657,Avra Valley Solar,PV,SUN,SUN,,N,2024,EIA923_Schedules_2_3_4_5_M_12_2024_Final.xlsx,TOT MMBTU OCT,16780,OCT,2024-10-01,Solar,Photovoltaic,Solar,total-fuel-consumed,Solar - Photovoltaic - Solar - Total Fuel Consumed
57657,Avra Valley Solar,PV,SUN,SUN,,N,2024,EIA923_Schedules_2_3_4_5_M_12_2024_Final.xlsx,NETGEN OCT,4918,OCT,2024-10-01,Solar,Photovoltaic,Solar,generation,Solar - Photovoltaic - Solar - Generation
57657,Avra Valley Solar,PV,SUN,SUN,,N,2024,EIA923_Schedules_2_3_4_5_M_12_2024_Final.xlsx,TOT MMBTU NOV,12208,NOV,2024-11-01,Solar,Photovoltaic,Solar,total-fuel-consumed,Solar - Photovoltaic - Solar - Total Fuel Consumed
57657,Avra Valley Solar,PV,SUN,SUN,,N,2024,EIA923_Schedules_2_3_4_5_M_12_2024_Final.xlsx,NETGEN NOV,3578,NOV,2024-11-01,Solar,Photovoltaic,Solar,generation,Solar - Photovoltaic - Solar - Generation
57657,Avra Valley Solar,PV,SUN,SUN,,N,2024,EIA923_Schedules_2_3_4_5_M_12_2024_Final.xlsx,ELEC MMBTU NOV,12208,NOV,2024-11-01,Solar,Photovoltaic,Solar,quantity-consumed-electricity,Solar - Photovoltaic - Solar - Quantity Consumed For Electricity
57657,Avra Valley Solar,PV,SUN,SUN,,N,2024,EIA923_Schedules_2_3_4_5_M_12_2024_Final.xlsx,NETGEN DEC,3422,DEC,2024-12-01,Solar,Photovoltaic,Solar,generation,Solar - Photovoltaic - Solar - Generation
57657,Avra Valley Solar,PV,SUN,SUN,,N,2024,EIA923_Schedules_2_3_4_5_M_12_2024_Final.xlsx,ELEC MMBTU DEC,11676,DEC,2024-12-01,Solar,Photovoltaic,Solar,quantity-consumed-electricity,Solar - Photovoltaic - Solar - Quantity Consumed For Electricity
57657,Avra Valley Solar,PV,SUN,SUN,,N,2024,EIA923_Schedules_2_3_4_5_M_12_2024_Final.xlsx,TOT MMBTU DEC,11676,DEC,2024-12-01,Solar,Photovoltaic,Solar,total-fuel-consumed,Solar - Photovoltaic - Solar - Total Fuel Consumed
