PLANT ID,PLANT NAME,REPORTED PRIME MOVER,REPORTED FUEL TYPE CODE,MER FUEL TYPE CODE,NUCLEAR UNIT ID,COMBINED HEAT AND POWER PLANT,YEAR,file,variable,value,MONTH,period,energy_type,prime_mover_type,mer_type,common_name,sensor_name
58539,Lake Pleasant WTP,PV,SUN,SUN,,N,2013,EIA923_Schedules_2_3_4_5_2013_Final_Revision.xlsx,TOT MMBTU JAN,4733,JAN,2013-01-01,Solar,Photovoltaic,Solar,total-fuel-consumed,Solar - Photovoltaic - Solar - Total Fuel Consumed
58539,Lake Pleasant WTP,PV,SUN,SUN,,N,2013,EIA923_Schedules_2_3_4_5_2013_Final_Revision.xlsx,NETGEN JAN,496.018,JAN,2013-01-01,Solar,Photovoltaic,Solar,generation,Solar - Photovoltaic - Solar - Generation
58539,Lake Pleasant WTP,PV,SUN,SUN,,N,2013,EIA923_Schedules_2_3_4_5_2013_Final_Revision.xlsx,ELEC MMBTU JAN,4733,JAN,2013-01-01,Solar,Photovoltaic,Solar,quantity-consumed-electricity,Solar - Photovoltaic - Solar - Quantity Consumed For Electricity
58539,Lake Pleasant WTP,PV,SUN,SUN,,N,2013,EIA923_Schedules_2_3_4_5_2013_Final_Revision.xlsx,TOT MMBTU FEB,5923,FEB,2013-02-01,Solar,Photovoltaic,Solar,total-fuel-consumed,Solar - Photovoltaic - Solar - Total Fuel Consumed
58539,Lake Pleasant WTP,PV,SUN,SUN,,N,2013,EIA923_Schedules_2_3_4_5_2013_Final_Revision.xlsx,ELEC MMBTU FEB,5923,FEB,2013-02-01,Solar,Photovoltaic,Solar,quantity-consumed-electricity,Solar - Photovoltaic - Solar - Quantity Consumed For Electricity
58539,Lake Pleasant WTP,PV,SUN,SUN,,N,2013,EIA923_Schedules_2_3_4_5_2013_Final_Revision.xlsx,NETGEN FEB,620.764,FEB,2013-02-01,Solar,Photovoltaic,Solar,generation,Solar - Photovoltaic - Solar - Generation
58539,Lake Pleasant WTP,PV,SUN,SUN,,N,2013,EIA923_Schedules_2_3_4_5_2013_Final_Revision.xlsx,ELEC MMBTU MAR,6976,MAR,2013-03-01,Solar,Photovoltaic,Solar,quantity-consumed-electricity,Solar - Photovoltaic - Solar - Quantity Consumed For Electricity
58539,Lake Pleasant WTP,PV,SUN,SUN,,N,2013,EIA923_Schedules_2_3_4_5_2013_Final_Revision.xlsx,NETGEN MAR,731.129,MAR,2013-03-01,Solar,Photovoltaic,Solar,generation,Solar - Photovoltaic - Solar - Generation
58539,Lake Pleasant WTP,PV,SUN,SUN,,N,2013,EIA923_Schedules_2_3_4_5_2013_Final_Revision.xlsx,TOT MMBTU MAR,6976,MAR,2013-03-01,Solar,Photovoltaic,Solar,total-fuel-consumed,Solar - Photovoltaic - Solar - Total Fuel Consumed
58539,Lake Pleasant WTP,PV,SUN,SUN,,N,2013,EIA923_Schedules_2_3_4_5_2013_Final_Revision.xlsx,NETGEN APR,832.9,APR,2013-04-01,Solar,Photovoltaic,Solar,generation,Solar - Photovoltaic - Solar - Generation
58539,Lake Pleasant WTP,PV,SUN,SUN,,N,2013,EIA923_Schedules_2_3_4_5_2013_Final_Revision.xlsx,ELEC MMBTU APR,7947,APR,2013-04-01,Solar,Photovoltaic,Solar,quantity-consumed-electricity,Solar - Photovoltaic - Solar - Quantity Consumed For Electricity
58539,Lake Pleasant WTP,PV,SUN,SUN,,N,2013,EIA923_Schedules_2_3_4_5_2013_Final_Revision.xlsx,TOT MMBTU APR,7947,APR,2013-04-01,Solar,Photovoltaic,Solar,total-fuel-consumed,Solar - Photovoltaic - Solar - Total Fuel Consumed
58539,Lake Pleasant WTP,PV,SUN,SUN,,N,2013,EIA923_Schedules_2_3_4_5_2013_Final_Revision.xlsx,ELEC MMBTU MAY,8997,MAY,2013-05-01,Solar,Photovoltaic,Solar,quantity-consumed-electricity,Solar - Photovoltaic - Solar - Quantity Consumed For Electricity
58539,Lake Pleasant WTP,PV,SUN,SUN,,N,2013,EIA923_Schedules_2_3_4_5_2013_Final_Revision.xlsx,TOT MMBTU MAY,8997,MAY,2013-05-01,Solar,Photovoltaic,Solar,total-fuel-consumed,Solar - Photovoltaic - Solar - Total Fuel Consumed
58539,Lake Pleasant WTP,PV,SUN,SUN,,N,2013,EIA923_Schedules_2_3_4_5_2013_Final_Revision.xlsx,NETGEN MAY,942.938,MAY,2013-05-01,Solar,Photovoltaic,Solar,generation,Solar - Photovoltaic - Solar - Generation
58539,Lake Pleasant WTP,PV,SUN,SUN,,N,2013,EIA923_Schedules_2_3_4_5_2013_Final_Revision.xlsx,ELEC MMBTU JUN,9947,JUN,2013-06-01,Solar,Photovoltaic,Solar,quantity-consumed-electricity,Solar - Photovoltaic - Solar - Quantity Consumed For Electricity
58539,Lake Pleasant WTP,PV,SUN,SUN,,N,2013,EIA923_Schedules_2_3_4_5_2013_Final_Revision.xlsx,NETGEN JUN,1042.572,JUN,2013-06-01,Solar,Photovoltaic,Solar,generation,Solar - Photovoltaic - Solar - Generation
58539,Lake Pleasant WTP,PV,SUN,SUN,,N,2013,EIA923_Schedules_2_3_4_5_2013_Final_Revision.xlsx,TOT MMBTU JUN,9947,JUN,2013-06-01,Solar,Photovoltaic,Solar,total-fuel-consumed,Solar - Photovoltaic - Solar - Total Fuel Consumed
58539,Lake Pleasant WTP,PV,SUN,SUN,,N,2013,EIA923_Schedules_2_3_4_5_2013_Final_Revision.xlsx,TOT MMBTU JUL,9654,JUL,2013-07-01,Solar,Photovoltaic,Solar,total-fuel-consumed,Solar - Photovoltaic - Solar - Total Fuel Consumed
58539,Lake Pleasant WTP,PV,SUN,SUN,,N,2013,EIA923_Schedules_2_3_4_5_2013_Final_Revision.xlsx,NETGEN JUL,1011.833,JUL,2013-07-01,Solar,Photovoltaic,Solar,generation,Solar - Photovoltaic - Solar - Generation
58539,Lake Pleasant WTP,PV,SUN,SUN,,N,2013,EIA923_Schedules_2_3_4_5_2013_Final_Revision.xlsx,ELEC MMBTU JUL,9654,JUL,2013-07-01,Solar,Photovoltaic,Solar,quantity-consumed-electricity,Solar - Photovoltaic - Solar - Quantity Consumed For Electricity
58539,Lake Pleasant WTP,PV,SUN,SUN,,N,2013,EIA923_Schedules_2_3_4_5_2013_Final_Revision.xlsx,TOT MMBTU AUG,9481,AUG,2013-08-01,Solar,Photovoltaic,Solar,total-fuel-consumed,Solar - Photovoltaic - Solar - Total Fuel Consumed
58539,Lake Pleasant WTP,PV,SUN,SUN,,N,2013,EIA923_Schedules_2_3_4_5_2013_Final_Revision.xlsx,ELEC MMBTU AUG,9481,AUG,2013-08-01,Solar,Photovoltaic,Solar,quantity-consumed-electricity,Solar - Photovoltaic - Solar - Quantity Consumed For Electricity
58539,Lake Pleasant WTP,PV,SUN,SUN,,N,2013,EIA923_Schedules_2_3_4_5_2013_Final_Revision.xlsx,NETGEN AUG,993.668,AUG,2013-08-01,Solar,Photovoltaic,Solar,generation,Solar - Photovoltaic - Solar - Generation
58539,Lake Pleasant WTP,PV,SUN,SUN,,N,2013,EIA923_Schedules_2_3_4_5_2013_Final_Revision.xlsx,NETGEN SEP,1059.297,SEP,2013-09-01,Solar,Photovoltaic,Solar,generation,Solar - Photovoltaic - Solar - Generation
58539,Lake Pleasant WTP,PV,SUN,SUN,,N,2013,EIA923_Schedules_2_3_4_5_2013_Final_Revision.xlsx,TOT MMBTU SEP,10107,SEP,2013-09-01,Solar,Photovoltaic,Solar,total-fuel-consumed,Solar - Photovoltaic - Solar - Total Fuel Consumed
58539,Lake Pleasant WTP,PV,SUN,SUN,,N,2013,EIA923_Schedules_2_3_4_5_2013_Final_Revision.xlsx,ELEC MMBTU SEP,10107,SEP,2013-09-01,Solar,Photovoltaic,Solar,quantity-consumed-electricity,Solar - Photovoltaic - Solar - Quantity Consumed For Electricity
58539,Lake Pleasant WTP,PV,SUN,SUN,,N,2013,EIA923_Schedules_2_3_4_5_2013_Final_Revision.xlsx,NETGEN OCT,1473.544,OCT,2013-10-01,Solar,Photovoltaic,Solar,generation,Solar - Photovoltaic - Solar - Generation
58539,Lake Pleasant WTP,PV,SUN,SUN,,N,2013,EIA923_Schedules_2_3_4_5_2013_Final_Revision.xlsx,TOT MMBTU OCT,14059,OCT,2013-10-01,Solar,Photovoltaic,Solar,total-fuel-consumed,Solar - Photovoltaic - Solar - Total Fuel Consumed
58539,Lake Pleasant WTP,PV,SUN,SUN,,N,2013,EIA923_Schedules_2_3_4_5_2013_Final_Revision.xlsx,ELEC MMBTU OCT,14059,OCT,2013-10-01,Solar,Photovoltaic,Solar,quantity-consumed-electricity,Solar - Photovoltaic - Solar - Quantity Consumed For Electricity
58539,Lake Pleasant WTP,PV,SUN,SUN,,N,2013,EIA923_Schedules_2_3_4_5_2013_Final_Revision.xlsx,TOT MMBTU NOV,9306,NOV,2013-11-01,Solar,Photovoltaic,Solar,total-fuel-consumed,Solar - Photovoltaic - Solar - Total Fuel Consumed
58539,Lake Pleasant WTP,PV,SUN,SUN,,N,2013,EIA923_Schedules_2_3_4_5_2013_Final_Revision.xlsx,ELEC MMBTU NOV,9306,NOV,2013-11-01,Solar,Photovoltaic,Solar,quantity-consumed-electricity,Solar - Photovoltaic - Solar - Quantity Consumed For Electricity
58539,Lake Pleasant WTP,PV,SUN,SUN,,N,2013,EIA923_Schedules_2_3_4_5_2013_Final_Revision.xlsx,NETGEN NOV,975.399,NOV,2013-11-01,Solar,Photovoltaic,Solar,generation,Solar - Photovoltaic - Solar - Generation
58539,Lake Pleasant WTP,PV,SUN,SUN,,N,2013,EIA923_Schedules_2_3_4_5_2013_Final_Revision.xlsx,NETGEN DEC,937.938,DEC,2013-12-01,Solar,Photovoltaic,Solar,generation,Solar - Photovoltaic - Solar - Generation
58539,Lake Pleasant WTP,PV,SUN,SUN,,N,2013,EIA923_Schedules_2_3_4_5_2013_Final_Revision.xlsx,ELEC MMBTU DEC,8949,DEC,2013-12-01,Solar,Photovoltaic,Solar,quantity-consumed-electricity,Solar - Photovoltaic - Solar - Quantity Consumed For Electricity
58539,Lake Pleasant WTP,PV,SUN,SUN,,N,2013,EIA923_Schedules_2_3_4_5_2013_Final_Revision.xlsx,TOT MMBTU DEC,8949,DEC,2013-12-01,Solar,Photovoltaic,Solar,total-fuel-consumed,Solar - Photovoltaic - Solar - Total Fuel Consumed
58539,Lake Pleasant WTP,PV,SUN,SUN,,N,2014,EIA923_Schedules_2_3_4_5_M_12_2014_Final_Revision.xlsx,NETGEN JAN,921.749,JAN,2014-01-01,Solar,Photovoltaic,Solar,generation,Solar - Photovoltaic - Solar - Generation
58539,Lake Pleasant WTP,PV,SUN,SUN,,N,2014,EIA923_Schedules_2_3_4_5_M_12_2014_Final_Revision.xlsx,ELEC MMBTU JAN,8766,JAN,2014-01-01,Solar,Photovoltaic,Solar,quantity-consumed-electricity,Solar - Photovoltaic - Solar - Quantity Consumed For Electricity
58539,Lake Pleasant WTP,PV,SUN,SUN,,N,2014,EIA923_Schedules_2_3_4_5_M_12_2014_Final_Revision.xlsx,TOT MMBTU JAN,8766,JAN,2014-01-01,Solar,Photovoltaic,Solar,total-fuel-consumed,Solar - Photovoltaic - Solar - Total Fuel Consumed
58539,Lake Pleasant WTP,PV,SUN,SUN,,N,2014,EIA923_Schedules_2_3_4_5_M_12_2014_Final_Revision.xlsx,NETGEN FEB,928.323,FEB,2014-02-01,Solar,Photovoltaic,Solar,generation,Solar - Photovoltaic - Solar - Generation
58539,Lake Pleasant WTP,PV,SUN,SUN,,N,2014,EIA923_Schedules_2_3_4_5_M_12_2014_Final_Revision.xlsx,TOT MMBTU FEB,8828,FEB,2014-02-01,Solar,Photovoltaic,Solar,total-fuel-consumed,Solar - Photovoltaic - Solar - Total Fuel Consumed
58539,Lake Pleasant WTP,PV,SUN,SUN,,N,2014,EIA923_Schedules_2_3_4_5_M_12_2014_Final_Revision.xlsx,ELEC MMBTU FEB,8828,FEB,2014-02-01,Solar,Photovoltaic,Solar,quantity-consumed-electricity,Solar - Photovoltaic - Solar - Quantity Consumed For Electricity
58539,Lake Pleasant WTP,PV,SUN,SUN,,N,2014,EIA923_Schedules_2_3_4_5_M_12_2014_Final_Revision.xlsx,NETGEN MAR,1317.63,MAR,2014-03-01,Solar,Photovoltaic,Solar,generation,Solar - Photovoltaic - Solar - Generation
58539,Lake Pleasant WTP,PV,SUN,SUN,,N,2014,EIA923_Schedules_2_3_4_5_M_12_2014_Final_Revision.xlsx,TOT MMBTU MAR,12531,MAR,2014-03-01,Solar,Photovoltaic,Solar,total-fuel-consumed,Solar - Photovoltaic - Solar - Total Fuel Consumed
58539,Lake Pleasant WTP,PV,SUN,SUN,,N,2014,EIA923_Schedules_2_3_4_5_M_12_2014_Final_Revision.xlsx,ELEC MMBTU MAR,12531,MAR,2014-03-01,Solar,Photovoltaic,Solar,quantity-consumed-electricity,Solar - Photovoltaic - Solar - Quantity Consumed For Electricity
58539,Lake Pleasant WTP,PV,SUN,SUN,,N,2014,EIA923_Schedules_2_3_4_5_M_12_2014_Final_Revision.xlsx,NETGEN APR,1378.346,APR,2014-04-01,Solar,Photovoltaic,Solar,generation,Solar - Photovoltaic - Solar - Generation
58539,Lake Pleasant WTP,PV,SUN,SUN,,N,2014,EIA923_Schedules_2_3_4_5_M_12_2014_Final_Revision.xlsx,TOT MMBTU APR,13108,APR,2014-04-01,Solar,Photovoltaic,Solar,total-fuel-consumed,Solar - Photovoltaic - Solar - Total Fuel Consumed
58539,Lake Pleasant WTP,PV,SUN,SUN,,N,2014,EIA923_Schedules_2_3_4_5_M_12_2014_Final_Revision.xlsx,ELEC MMBTU APR,13108,APR,2014-04-01,Solar,Photovoltaic,Solar,quantity-consumed-electricity,Solar - Photovoltaic - Solar - Quantity Consumed For Electricity
58539,Lake Pleasant WTP,PV,SUN,SUN,,N,2014,EIA923_Schedules_2_3_4_5_M_12_2014_Final_Revision.xlsx,TOT MMBTU MAY,15362,MAY,2014-05-01,Solar,Photovoltaic,Solar,total-fuel-consumed,Solar - Photovoltaic - Solar - Total Fuel Consumed
58539,Lake Pleasant WTP,PV,SUN,SUN,,N,2014,EIA923_Schedules_2_3_4_5_M_12_2014_Final_Revision.xlsx,NETGEN MAY,1615.394,MAY,2014-05-01,Solar,Photovoltaic,Solar,generation,Solar - Photovoltaic - Solar - Generation
58539,Lake Pleasant WTP,PV,SUN,SUN,,N,2014,EIA923_Schedules_2_3_4_5_M_12_2014_Final_Revision.xlsx,ELEC MMBTU MAY,15362,MAY,2014-05-01,Solar,Photovoltaic,Solar,quantity-consumed-electricity,Solar - Photovoltaic - Solar - Quantity Consumed For Electricity
58539,Lake Pleasant WTP,PV,SUN,SUN,,N,2014,EIA923_Schedules_2_3_4_5_M_12_2014_Final_Revision.xlsx,TOT MMBTU JUN,15556,JUN,2014-06-01,Solar,Photovoltaic,Solar,total-fuel-consumed,Solar - Photovoltaic - Solar - Total Fuel Consumed
58539,Lake Pleasant WTP,PV,SUN,SUN,,N,2014,EIA923_Schedules_2_3_4_5_M_12_2014_Final_Revision.xlsx,NETGEN JUN,1635.716,JUN,2014-06-01,Solar,Photovoltaic,Solar,generation,Solar - Photovoltaic - Solar - Generation
58539,Lake Pleasant WTP,PV,SUN,SUN,,N,2014,EIA923_Schedules_2_3_4_5_M_12_2014_Final_Revision.xlsx,ELEC MMBTU JUN,15556,JUN,2014-06-01,Solar,Photovoltaic,Solar,quantity-consumed-electricity,Solar - Photovoltaic - Solar - Quantity Consumed For Electricity
58539,Lake Pleasant WTP,PV,SUN,SUN,,N,2014,EIA923_Schedules_2_3_4_5_M_12_2014_Final_Revision.xlsx,NETGEN JUL,1506.312,JUL,2014-07-01,Solar,Photovoltaic,Solar,generation,Solar - Photovoltaic - Solar - Generation
58539,Lake Pleasant WTP,PV,SUN,SUN,,N,2014,EIA923_Schedules_2_3_4_5_M_12_2014_Final_Revision.xlsx,ELEC MMBTU JUL,14325,JUL,2014-07-01,Solar,Photovoltaic,Solar,quantity-consumed-electricity,Solar - Photovoltaic - Solar - Quantity Consumed For Electricity
58539,Lake Pleasant WTP,PV,SUN,SUN,,N,2014,EIA923_Schedules_2_3_4_5_M_12_2014_Final_Revision.xlsx,TOT MMBTU JUL,14325,JUL,2014-07-01,Solar,Photovoltaic,Solar,total-fuel-consumed,Solar - Photovoltaic - Solar - Total Fuel Consumed
58539,Lake Pleasant WTP,PV,SUN,SUN,,N,2014,EIA923_Schedules_2_3_4_5_M_12_2014_Final_Revision.xlsx,NETGEN AUG,1328.223,AUG,2014-08-01,Solar,Photovoltaic,Solar,generation,Solar - Photovoltaic - Solar - Generation
58539,Lake Pleasant WTP,PV,SUN,SUN,,N,2014,EIA923_Schedules_2_3_4_5_M_12_2014_Final_Revision.xlsx,TOT MMBTU AUG,12631,AUG,2014-08-01,Solar,Photovoltaic,Solar,total-fuel-consumed,Solar - Photovoltaic - Solar - Total Fuel Consumed
58539,Lake Pleasant WTP,PV,SUN,SUN,,N,2014,EIA923_Schedules_2_3_4_5_M_12_2014_Final_Revision.xlsx,ELEC MMBTU AUG,12631,AUG,2014-08-01,Solar,Photovoltaic,Solar,quantity-consumed-electricity,Solar - Photovoltaic - Solar - Quantity Consumed For Electricity
58539,Lake Pleasant WTP,PV,SUN,SUN,,N,2014,EIA923_Schedules_2_3_4_5_M_12_2014_Final_Revision.xlsx,TOT MMBTU SEP,13331,SEP,2014-09-01,Solar,Photovoltaic,Solar,total-fuel-consumed,Solar - Photovoltaic - Solar - Total Fuel Consumed
58539,Lake Pleasant WTP,PV,SUN,SUN,,N,2014,EIA923_Schedules_2_3_4_5_M_12_2014_Final_Revision.xlsx,NETGEN SEP,1401.789,SEP,2014-09-01,Solar,Photovoltaic,Solar,generation,Solar - Photovoltaic - Solar - Generation
58539,Lake Pleasant WTP,PV,SUN,SUN,,N,2014,EIA923_Schedules_2_3_4_5_M_12_2014_Final_Revision.xlsx,ELEC MMBTU SEP,13331,SEP,2014-09-01,Solar,Photovoltaic,Solar,quantity-consumed-electricity,Solar - Photovoltaic - Solar - Quantity Consumed For Electricity
58539,Lake Pleasant WTP,PV,SUN,SUN,,N,2014,EIA923_Schedules_2_3_4_5_M_12_2014_Final_Revision.xlsx,NETGEN OCT,1271.491,OCT,2014-10-01,Solar,Photovoltaic,Solar,generation,Solar - Photovoltaic - Solar - Generation
58539,Lake Pleasant WTP,PV,SUN,SUN,,N,2014,EIA923_Schedules_2_3_4_5_M_12_2014_Final_Revision.xlsx,ELEC MMBTU OCT,12092,OCT,2014-10-01,Solar,Photovoltaic,Solar,quantity-consumed-electricity,Solar - Photovoltaic - Solar - Quantity Consumed For Electricity
58539,Lake Pleasant WTP,PV,SUN,SUN,,N,2014,EIA923_Schedules_2_3_4_5_M_12_2014_Final_Revision.xlsx,TOT MMBTU OCT,12092,OCT,2014-10-01,Solar,Photovoltaic,Solar,total-fuel-consumed,Solar - Photovoltaic - Solar - Total Fuel Consumed
58539,Lake Pleasant WTP,PV,SUN,SUN,,N,2014,EIA923_Schedules_2_3_4_5_M_12_2014_Final_Revision.xlsx,ELEC MMBTU NOV,9443,NOV,2014-11-01,Solar,Photovoltaic,Solar,quantity-consumed-electricity,Solar - Photovoltaic - Solar - Quantity Consumed For Electricity
58539,Lake Pleasant WTP,PV,SUN,SUN,,N,2014,EIA923_Schedules_2_3_4_5_M_12_2014_Final_Revision.xlsx,TOT MMBTU NOV,9443,NOV,2014-11-01,Solar,Photovoltaic,Solar,total-fuel-consumed,Solar - Photovoltaic - Solar - Total Fuel Consumed
58539,Lake Pleasant WTP,PV,SUN,SUN,,N,2014,EIA923_Schedules_2_3_4_5_M_12_2014_Final_Revision.xlsx,NETGEN NOV,992.973,NOV,2014-11-01,Solar,Photovoltaic,Solar,generation,Solar - Photovoltaic - Solar - Generation
58539,Lake Pleasant WTP,PV,SUN,SUN,,N,2014,EIA923_Schedules_2_3_4_5_M_12_2014_Final_Revision.xlsx,TOT MMBTU DEC,6391,DEC,2014-12-01,Solar,Photovoltaic,Solar,total-fuel-consumed,Solar - Photovoltaic - Solar - Total Fuel Consumed
58539,Lake Pleasant WTP,PV,SUN,SUN,,N,2014,EIA923_Schedules_2_3_4_5_M_12_2014_Final_Revision.xlsx,NETGEN DEC,672.054,DEC,2014-12-01,Solar,Photovoltaic,Solar,generation,Solar - Photovoltaic - Solar - Generation
58539,Lake Pleasant WTP,PV,SUN,SUN,,N,2014,EIA923_Schedules_2_3_4_5_M_12_2014_Final_Revision.xlsx,ELEC MMBTU DEC,6391,DEC,2014-12-01,Solar,Photovoltaic,Solar,quantity-consumed-electricity,Solar - Photovoltaic - Solar - Quantity Consumed For Electricity
58539,Lake Pleasant WTP,PV,SUN,SUN,,N,2015,EIA923_Schedules_2_3_4_5_M_12_2015_Final_Revision.xlsx,NETGEN JAN,582.613,JAN,2015-01-01,Solar,Photovoltaic,Solar,generation,Solar - Photovoltaic - Solar - Generation
58539,Lake Pleasant WTP,PV,SUN,SUN,,N,2015,EIA923_Schedules_2_3_4_5_M_12_2015_Final_Revision.xlsx,TOT MMBTU JAN,5429,JAN,2015-01-01,Solar,Photovoltaic,Solar,total-fuel-consumed,Solar - Photovoltaic - Solar - Total Fuel Consumed
58539,Lake Pleasant WTP,PV,SUN,SUN,,N,2015,EIA923_Schedules_2_3_4_5_M_12_2015_Final_Revision.xlsx,ELEC MMBTU JAN,5429,JAN,2015-01-01,Solar,Photovoltaic,Solar,quantity-consumed-electricity,Solar - Photovoltaic - Solar - Quantity Consumed For Electricity
58539,Lake Pleasant WTP,PV,SUN,SUN,,N,2015,EIA923_Schedules_2_3_4_5_M_12_2015_Final_Revision.xlsx,NETGEN FEB,820.22,FEB,2015-02-01,Solar,Photovoltaic,Solar,generation,Solar - Photovoltaic - Solar - Generation
58539,Lake Pleasant WTP,PV,SUN,SUN,,N,2015,EIA923_Schedules_2_3_4_5_M_12_2015_Final_Revision.xlsx,TOT MMBTU FEB,7644,FEB,2015-02-01,Solar,Photovoltaic,Solar,total-fuel-consumed,Solar - Photovoltaic - Solar - Total Fuel Consumed
58539,Lake Pleasant WTP,PV,SUN,SUN,,N,2015,EIA923_Schedules_2_3_4_5_M_12_2015_Final_Revision.xlsx,ELEC MMBTU FEB,7644,FEB,2015-02-01,Solar,Photovoltaic,Solar,quantity-consumed-electricity,Solar - Photovoltaic - Solar - Quantity Consumed For Electricity
58539,Lake Pleasant WTP,PV,SUN,SUN,,N,2015,EIA923_Schedules_2_3_4_5_M_12_2015_Final_Revision.xlsx,ELEC MMBTU MAR,10359,MAR,2015-03-01,Solar,Photovoltaic,Solar,quantity-consumed-electricity,Solar - Photovoltaic - Solar - Quantity Consumed For Electricity
58539,Lake Pleasant WTP,PV,SUN,SUN,,N,2015,EIA923_Schedules_2_3_4_5_M_12_2015_Final_Revision.xlsx,NETGEN MAR,1111.643,MAR,2015-03-01,Solar,Photovoltaic,Solar,generation,Solar - Photovoltaic - Solar - Generation
58539,Lake Pleasant WTP,PV,SUN,SUN,,N,2015,EIA923_Schedules_2_3_4_5_M_12_2015_Final_Revision.xlsx,TOT MMBTU MAR,10359,MAR,2015-03-01,Solar,Photovoltaic,Solar,total-fuel-consumed,Solar - Photovoltaic - Solar - Total Fuel Consumed
58539,Lake Pleasant WTP,PV,SUN,SUN,,N,2015,EIA923_Schedules_2_3_4_5_M_12_2015_Final_Revision.xlsx,ELEC MMBTU APR,12682,APR,2015-04-01,Solar,Photovoltaic,Solar,quantity-consumed-electricity,Solar - Photovoltaic - Solar - Quantity Consumed For Electricity
58539,Lake Pleasant WTP,PV,SUN,SUN,,N,2015,EIA923_Schedules_2_3_4_5_M_12_2015_Final_Revision.xlsx,TOT MMBTU APR,12682,APR,2015-04-01,Solar,Photovoltaic,Solar,total-fuel-consumed,Solar - Photovoltaic - Solar - Total Fuel Consumed
58539,Lake Pleasant WTP,PV,SUN,SUN,,N,2015,EIA923_Schedules_2_3_4_5_M_12_2015_Final_Revision.xlsx,NETGEN APR,1360.901,APR,2015-04-01,Solar,Photovoltaic,Solar,generation,Solar - Photovoltaic - Solar - Generation
58539,Lake Pleasant WTP,PV,SUN,SUN,,N,2015,EIA923_Schedules_2_3_4_5_M_12_2015_Final_Revision.xlsx,TOT MMBTU MAY,12796,MAY,2015-05-01,Solar,Photovoltaic,Solar,total-fuel-consumed,Solar - Photovoltaic - Solar - Total Fuel Consumed
58539,Lake Pleasant WTP,PV,SUN,SUN,,N,2015,EIA923_Schedules_2_3_4_5_M_12_2015_Final_Revision.xlsx,NETGEN MAY,1373.125,MAY,2015-05-01,Solar,Photovoltaic,Solar,generation,Solar - Photovoltaic - Solar - Generation
58539,Lake Pleasant WTP,PV,SUN,SUN,,N,2015,EIA923_Schedules_2_3_4_5_M_12_2015_Final_Revision.xlsx,ELEC MMBTU MAY,12796,MAY,2015-05-01,Solar,Photovoltaic,Solar,quantity-consumed-electricity,Solar - Photovoltaic - Solar - Quantity Consumed For Electricity
58539,Lake Pleasant WTP,PV,SUN,SUN,,N,2015,EIA923_Schedules_2_3_4_5_M_12_2015_Final_Revision.xlsx,TOT MMBTU JUN,13017,JUN,2015-06-01,Solar,Photovoltaic,Solar,total-fuel-consumed,Solar - Photovoltaic - Solar - Total Fuel Consumed
58539,Lake Pleasant WTP,PV,SUN,SUN,,N,2015,EIA923_Schedules_2_3_4_5_M_12_2015_Final_Revision.xlsx,ELEC MMBTU JUN,13017,JUN,2015-06-01,Solar,Photovoltaic,Solar,quantity-consumed-electricity,Solar - Photovoltaic - Solar - Quantity Consumed For Electricity
58539,Lake Pleasant WTP,PV,SUN,SUN,,N,2015,EIA923_Schedules_2_3_4_5_M_12_2015_Final_Revision.xlsx,NETGEN JUN,1396.84,JUN,2015-06-01,Solar,Photovoltaic,Solar,generation,Solar - Photovoltaic - Solar - Generation
58539,Lake Pleasant WTP,PV,SUN,SUN,,N,2015,EIA923_Schedules_2_3_4_5_M_12_2015_Final_Revision.xlsx,TOT MMBTU JUL,12484,JUL,2015-07-01,Solar,Photovoltaic,Solar,total-fuel-consumed,Solar - Photovoltaic - Solar - Total Fuel Consumed
58539,Lake Pleasant WTP,PV,SUN,SUN,,N,2015,EIA923_Schedules_2_3_4_5_M_12_2015_Final_Revision.xlsx,NETGEN JUL,1339.579,JUL,2015-07-01,Solar,Photovoltaic,Solar,generation,Solar - Photovoltaic - Solar - Generation
58539,Lake Pleasant WTP,PV,SUN,SUN,,N,2015,EIA923_Schedules_2_3_4_5_M_12_2015_Final_Revision.xlsx,ELEC MMBTU JUL,12484,JUL,2015-07-01,Solar,Photovoltaic,Solar,quantity-consumed-electricity,Solar - Photovoltaic - Solar - Quantity Consumed For Electricity
58539,Lake Pleasant WTP,PV,SUN,SUN,,N,2015,EIA923_Schedules_2_3_4_5_M_12_2015_Final_Revision.xlsx,TOT MMBTU AUG,13376,AUG,2015-08-01,Solar,Photovoltaic,Solar,total-fuel-consumed,Solar - Photovoltaic - Solar - Total Fuel Consumed
58539,Lake Pleasant WTP,PV,SUN,SUN,,N,2015,EIA923_Schedules_2_3_4_5_M_12_2015_Final_Revision.xlsx,NETGEN AUG,1435.381,AUG,2015-08-01,Solar,Photovoltaic,Solar,generation,Solar - Photovoltaic - Solar - Generation
58539,Lake Pleasant WTP,PV,SUN,SUN,,N,2015,EIA923_Schedules_2_3_4_5_M_12_2015_Final_Revision.xlsx,ELEC MMBTU AUG,13376,AUG,2015-08-01,Solar,Photovoltaic,Solar,quantity-consumed-electricity,Solar - Photovoltaic - Solar - Quantity Consumed For Electricity
58539,Lake Pleasant WTP,PV,SUN,SUN,,N,2015,EIA923_Schedules_2_3_4_5_M_12_2015_Final_Revision.xlsx,NETGEN SEP,1144.937,SEP,2015-09-01,Solar,Photovoltaic,Solar,generation,Solar - Photovoltaic - Solar - Generation
58539,Lake Pleasant WTP,PV,SUN,SUN,,N,2015,EIA923_Schedules_2_3_4_5_M_12_2015_Final_Revision.xlsx,ELEC MMBTU SEP,10670,SEP,2015-09-01,Solar,Photovoltaic,Solar,quantity-consumed-electricity,Solar - Photovoltaic - Solar - Quantity Consumed For Electricity
58539,Lake Pleasant WTP,PV,SUN,SUN,,N,2015,EIA923_Schedules_2_3_4_5_M_12_2015_Final_Revision.xlsx,TOT MMBTU SEP,10670,SEP,2015-09-01,Solar,Photovoltaic,Solar,total-fuel-consumed,Solar - Photovoltaic - Solar - Total Fuel Consumed
58539,Lake Pleasant WTP,PV,SUN,SUN,,N,2015,EIA923_Schedules_2_3_4_5_M_12_2015_Final_Revision.xlsx,NETGEN OCT,1016.093,OCT,2015-10-01,Solar,Photovoltaic,Solar,generation,Solar - Photovoltaic - Solar - Generation
58539,Lake Pleasant WTP,PV,SUN,SUN,,N,2015,EIA923_Schedules_2_3_4_5_M_12_2015_Final_Revision.xlsx,TOT MMBTU OCT,9469,OCT,2015-10-01,Solar,Photovoltaic,Solar,total-fuel-consumed,Solar - Photovoltaic - Solar - Total Fuel Consumed
58539,Lake Pleasant WTP,PV,SUN,SUN,,N,2015,EIA923_Schedules_2_3_4_5_M_12_2015_Final_Revision.xlsx,ELEC MMBTU OCT,9469,OCT,2015-10-01,Solar,Photovoltaic,Solar,quantity-consumed-electricity,Solar - Photovoltaic - Solar - Quantity Consumed For Electricity
58539,Lake Pleasant WTP,PV,SUN,SUN,,N,2015,EIA923_Schedules_2_3_4_5_M_12_2015_Final_Revision.xlsx,ELEC MMBTU NOV,8577,NOV,2015-11-01,Solar,Photovoltaic,Solar,quantity-consumed-electricity,Solar - Photovoltaic - Solar - Quantity Consumed For Electricity
58539,Lake Pleasant WTP,PV,SUN,SUN,,N,2015,EIA923_Schedules_2_3_4_5_M_12_2015_Final_Revision.xlsx,NETGEN NOV,920.426,NOV,2015-11-01,Solar,Photovoltaic,Solar,generation,Solar - Photovoltaic - Solar - Generation
58539,Lake Pleasant WTP,PV,SUN,SUN,,N,2015,EIA923_Schedules_2_3_4_5_M_12_2015_Final_Revision.xlsx,TOT MMBTU NOV,8577,NOV,2015-11-01,Solar,Photovoltaic,Solar,total-fuel-consumed,Solar - Photovoltaic - Solar - Total Fuel Consumed
58539,Lake Pleasant WTP,PV,SUN,SUN,,N,2015,EIA923_Schedules_2_3_4_5_M_12_2015_Final_Revision.xlsx,ELEC MMBTU DEC,7215,DEC,2015-12-01,Solar,Photovoltaic,Solar,quantity-consumed-electricity,Solar - Photovoltaic - Solar - Quantity Consumed For Electricity
58539,Lake Pleasant WTP,PV,SUN,SUN,,N,2015,EIA923_Schedules_2_3_4_5_M_12_2015_Final_Revision.xlsx,TOT MMBTU DEC,7215,DEC,2015-12-01,Solar,Photovoltaic,Solar,total-fuel-consumed,Solar - Photovoltaic - Solar - Total Fuel Consumed
58539,Lake Pleasant WTP,PV,SUN,SUN,,N,2015,EIA923_Schedules_2_3_4_5_M_12_2015_Final_Revision.xlsx,NETGEN DEC,774.242,DEC,2015-12-01,Solar,Photovoltaic,Solar,generation,Solar - Photovoltaic - Solar - Generation
58539,Lake Pleasant WTP,PV,SUN,SUN,,N,2016,EIA923_Schedules_2_3_4_5_M_12_2016_Final_Revision.xlsx,NETGEN JAN,878.611,JAN,2016-01-01,Solar,Photovoltaic,Solar,generation,Solar - Photovoltaic - Solar - Generation
58539,Lake Pleasant WTP,PV,SUN,SUN,,N,2016,EIA923_Schedules_2_3_4_5_M_12_2016_Final_Revision.xlsx,ELEC MMBTU JAN,8111,JAN,2016-01-01,Solar,Photovoltaic,Solar,quantity-consumed-electricity,Solar - Photovoltaic - Solar - Quantity Consumed For Electricity
58539,Lake Pleasant WTP,PV,SUN,SUN,,N,2016,EIA923_Schedules_2_3_4_5_M_12_2016_Final_Revision.xlsx,TOT MMBTU JAN,8111,JAN,2016-01-01,Solar,Photovoltaic,Solar,total-fuel-consumed,Solar - Photovoltaic - Solar - Total Fuel Consumed
58539,Lake Pleasant WTP,PV,SUN,SUN,,N,2016,EIA923_Schedules_2_3_4_5_M_12_2016_Final_Revision.xlsx,TOT MMBTU FEB,9942,FEB,2016-02-01,Solar,Photovoltaic,Solar,total-fuel-consumed,Solar - Photovoltaic - Solar - Total Fuel Consumed
58539,Lake Pleasant WTP,PV,SUN,SUN,,N,2016,EIA923_Schedules_2_3_4_5_M_12_2016_Final_Revision.xlsx,NETGEN FEB,1076.863,FEB,2016-02-01,Solar,Photovoltaic,Solar,generation,Solar - Photovoltaic - Solar - Generation
58539,Lake Pleasant WTP,PV,SUN,SUN,,N,2016,EIA923_Schedules_2_3_4_5_M_12_2016_Final_Revision.xlsx,ELEC MMBTU FEB,9942,FEB,2016-02-01,Solar,Photovoltaic,Solar,quantity-consumed-electricity,Solar - Photovoltaic - Solar - Quantity Consumed For Electricity
58539,Lake Pleasant WTP,PV,SUN,SUN,,N,2016,EIA923_Schedules_2_3_4_5_M_12_2016_Final_Revision.xlsx,TOT MMBTU MAR,11609,MAR,2016-03-01,Solar,Photovoltaic,Solar,total-fuel-consumed,Solar - Photovoltaic - Solar - Total Fuel Consumed
58539,Lake Pleasant WTP,PV,SUN,SUN,,N,2016,EIA923_Schedules_2_3_4_5_M_12_2016_Final_Revision.xlsx,ELEC MMBTU MAR,11609,MAR,2016-03-01,Solar,Photovoltaic,Solar,quantity-consumed-electricity,Solar - Photovoltaic - Solar - Quantity Consumed For Electricity
58539,Lake Pleasant WTP,PV,SUN,SUN,,N,2016,EIA923_Schedules_2_3_4_5_M_12_2016_Final_Revision.xlsx,NETGEN MAR,1257.486,MAR,2016-03-01,Solar,Photovoltaic,Solar,generation,Solar - Photovoltaic - Solar - Generation
58539,Lake Pleasant WTP,PV,SUN,SUN,,N,2016,EIA923_Schedules_2_3_4_5_M_12_2016_Final_Revision.xlsx,ELEC MMBTU APR,12521,APR,2016-04-01,Solar,Photovoltaic,Solar,quantity-consumed-electricity,Solar - Photovoltaic - Solar - Quantity Consumed For Electricity
58539,Lake Pleasant WTP,PV,SUN,SUN,,N,2016,EIA923_Schedules_2_3_4_5_M_12_2016_Final_Revision.xlsx,NETGEN APR,1356.237,APR,2016-04-01,Solar,Photovoltaic,Solar,generation,Solar - Photovoltaic - Solar - Generation
58539,Lake Pleasant WTP,PV,SUN,SUN,,N,2016,EIA923_Schedules_2_3_4_5_M_12_2016_Final_Revision.xlsx,TOT MMBTU APR,12521,APR,2016-04-01,Solar,Photovoltaic,Solar,total-fuel-consumed,Solar - Photovoltaic - Solar - Total Fuel Consumed
58539,Lake Pleasant WTP,PV,SUN,SUN,,N,2016,EIA923_Schedules_2_3_4_5_M_12_2016_Final_Revision.xlsx,TOT MMBTU MAY,15325,MAY,2016-05-01,Solar,Photovoltaic,Solar,total-fuel-consumed,Solar - Photovoltaic - Solar - Total Fuel Consumed
58539,Lake Pleasant WTP,PV,SUN,SUN,,N,2016,EIA923_Schedules_2_3_4_5_M_12_2016_Final_Revision.xlsx,ELEC MMBTU MAY,15325,MAY,2016-05-01,Solar,Photovoltaic,Solar,quantity-consumed-electricity,Solar - Photovoltaic - Solar - Quantity Consumed For Electricity
58539,Lake Pleasant WTP,PV,SUN,SUN,,N,2016,EIA923_Schedules_2_3_4_5_M_12_2016_Final_Revision.xlsx,NETGEN MAY,1659.95,MAY,2016-05-01,Solar,Photovoltaic,Solar,generation,Solar - Photovoltaic - Solar - Generation
58539,Lake Pleasant WTP,PV,SUN,SUN,,N,2016,EIA923_Schedules_2_3_4_5_M_12_2016_Final_Revision.xlsx,NETGEN JUN,1613.732,JUN,2016-06-01,Solar,Photovoltaic,Solar,generation,Solar - Photovoltaic - Solar - Generation
58539,Lake Pleasant WTP,PV,SUN,SUN,,N,2016,EIA923_Schedules_2_3_4_5_M_12_2016_Final_Revision.xlsx,TOT MMBTU JUN,14898,JUN,2016-06-01,Solar,Photovoltaic,Solar,total-fuel-consumed,Solar - Photovoltaic - Solar - Total Fuel Consumed
58539,Lake Pleasant WTP,PV,SUN,SUN,,N,2016,EIA923_Schedules_2_3_4_5_M_12_2016_Final_Revision.xlsx,ELEC MMBTU JUN,14898,JUN,2016-06-01,Solar,Photovoltaic,Solar,quantity-consumed-electricity,Solar - Photovoltaic - Solar - Quantity Consumed For Electricity
58539,Lake Pleasant WTP,PV,SUN,SUN,,N,2016,EIA923_Schedules_2_3_4_5_M_12_2016_Final_Revision.xlsx,NETGEN JUL,1670.657,JUL,2016-07-01,Solar,Photovoltaic,Solar,generation,Solar - Photovoltaic - Solar - Generation
58539,Lake Pleasant WTP,PV,SUN,SUN,,N,2016,EIA923_Schedules_2_3_4_5_M_12_2016_Final_Revision.xlsx,TOT MMBTU JUL,15424,JUL,2016-07-01,Solar,Photovoltaic,Solar,total-fuel-consumed,Solar - Photovoltaic - Solar - Total Fuel Consumed
58539,Lake Pleasant WTP,PV,SUN,SUN,,N,2016,EIA923_Schedules_2_3_4_5_M_12_2016_Final_Revision.xlsx,ELEC MMBTU JUL,15424,JUL,2016-07-01,Solar,Photovoltaic,Solar,quantity-consumed-electricity,Solar - Photovoltaic - Solar - Quantity Consumed For Electricity
58539,Lake Pleasant WTP,PV,SUN,SUN,,N,2016,EIA923_Schedules_2_3_4_5_M_12_2016_Final_Revision.xlsx,NETGEN AUG,1333.659,AUG,2016-08-01,Solar,Photovoltaic,Solar,generation,Solar - Photovoltaic - Solar - Generation
58539,Lake Pleasant WTP,PV,SUN,SUN,,N,2016,EIA923_Schedules_2_3_4_5_M_12_2016_Final_Revision.xlsx,TOT MMBTU AUG,12312,AUG,2016-08-01,Solar,Photovoltaic,Solar,total-fuel-consumed,Solar - Photovoltaic - Solar - Total Fuel Consumed
58539,Lake Pleasant WTP,PV,SUN,SUN,,N,2016,EIA923_Schedules_2_3_4_5_M_12_2016_Final_Revision.xlsx,ELEC MMBTU AUG,12312,AUG,2016-08-01,Solar,Photovoltaic,Solar,quantity-consumed-electricity,Solar - Photovoltaic - Solar - Quantity Consumed For Electricity
58539,Lake Pleasant WTP,PV,SUN,SUN,,N,2016,EIA923_Schedules_2_3_4_5_M_12_2016_Final_Revision.xlsx,NETGEN SEP,1234.316,SEP,2016-09-01,Solar,Photovoltaic,Solar,generation,Solar - Photovoltaic - Solar - Generation
58539,Lake Pleasant WTP,PV,SUN,SUN,,N,2016,EIA923_Schedules_2_3_4_5_M_12_2016_Final_Revision.xlsx,ELEC MMBTU SEP,11395,SEP,2016-09-01,Solar,Photovoltaic,Solar,quantity-consumed-electricity,Solar - Photovoltaic - Solar - Quantity Consumed For Electricity
58539,Lake Pleasant WTP,PV,SUN,SUN,,N,2016,EIA923_Schedules_2_3_4_5_M_12_2016_Final_Revision.xlsx,TOT MMBTU SEP,11395,SEP,2016-09-01,Solar,Photovoltaic,Solar,total-fuel-consumed,Solar - Photovoltaic - Solar - Total Fuel Consumed
58539,Lake Pleasant WTP,PV,SUN,SUN,,N,2016,EIA923_Schedules_2_3_4_5_M_12_2016_Final_Revision.xlsx,TOT MMBTU OCT,11264,OCT,2016-10-01,Solar,Photovoltaic,Solar,total-fuel-consumed,Solar - Photovoltaic - Solar - Total Fuel Consumed
58539,Lake Pleasant WTP,PV,SUN,SUN,,N,2016,EIA923_Schedules_2_3_4_5_M_12_2016_Final_Revision.xlsx,ELEC MMBTU OCT,11264,OCT,2016-10-01,Solar,Photovoltaic,Solar,quantity-consumed-electricity,Solar - Photovoltaic - Solar - Quantity Consumed For Electricity
58539,Lake Pleasant WTP,PV,SUN,SUN,,N,2016,EIA923_Schedules_2_3_4_5_M_12_2016_Final_Revision.xlsx,NETGEN OCT,1220.093,OCT,2016-10-01,Solar,Photovoltaic,Solar,generation,Solar - Photovoltaic - Solar - Generation
58539,Lake Pleasant WTP,PV,SUN,SUN,,N,2016,EIA923_Schedules_2_3_4_5_M_12_2016_Final_Revision.xlsx,NETGEN NOV,980.678,NOV,2016-11-01,Solar,Photovoltaic,Solar,generation,Solar - Photovoltaic - Solar - Generation
58539,Lake Pleasant WTP,PV,SUN,SUN,,N,2016,EIA923_Schedules_2_3_4_5_M_12_2016_Final_Revision.xlsx,ELEC MMBTU NOV,9054,NOV,2016-11-01,Solar,Photovoltaic,Solar,quantity-consumed-electricity,Solar - Photovoltaic - Solar - Quantity Consumed For Electricity
58539,Lake Pleasant WTP,PV,SUN,SUN,,N,2016,EIA923_Schedules_2_3_4_5_M_12_2016_Final_Revision.xlsx,TOT MMBTU NOV,9054,NOV,2016-11-01,Solar,Photovoltaic,Solar,total-fuel-consumed,Solar - Photovoltaic - Solar - Total Fuel Consumed
58539,Lake Pleasant WTP,PV,SUN,SUN,,N,2016,EIA923_Schedules_2_3_4_5_M_12_2016_Final_Revision.xlsx,ELEC MMBTU DEC,8795,DEC,2016-12-01,Solar,Photovoltaic,Solar,quantity-consumed-electricity,Solar - Photovoltaic - Solar - Quantity Consumed For Electricity
58539,Lake Pleasant WTP,PV,SUN,SUN,,N,2016,EIA923_Schedules_2_3_4_5_M_12_2016_Final_Revision.xlsx,NETGEN DEC,952.718,DEC,2016-12-01,Solar,Photovoltaic,Solar,generation,Solar - Photovoltaic - Solar - Generation
58539,Lake Pleasant WTP,PV,SUN,SUN,,N,2016,EIA923_Schedules_2_3_4_5_M_12_2016_Final_Revision.xlsx,TOT MMBTU DEC,8795,DEC,2016-12-01,Solar,Photovoltaic,Solar,total-fuel-consumed,Solar - Photovoltaic - Solar - Total Fuel Consumed
58539,Lake Pleasant WTP,PV,SUN,SUN,,N,2017,EIA923_Schedules_2_3_4_5_M_12_2017_Final_Revision.xlsx,TOT MMBTU JAN,6766,JAN,2017-01-01,Solar,Photovoltaic,Solar,total-fuel-consumed,Solar - Photovoltaic - Solar - Total Fuel Consumed
58539,Lake Pleasant WTP,PV,SUN,SUN,,N,2017,EIA923_Schedules_2_3_4_5_M_12_2017_Final_Revision.xlsx,NETGEN JAN,734.432,JAN,2017-01-01,Solar,Photovoltaic,Solar,generation,Solar - Photovoltaic - Solar - Generation
58539,Lake Pleasant WTP,PV,SUN,SUN,,N,2017,EIA923_Schedules_2_3_4_5_M_12_2017_Final_Revision.xlsx,ELEC MMBTU JAN,6766,JAN,2017-01-01,Solar,Photovoltaic,Solar,quantity-consumed-electricity,Solar - Photovoltaic - Solar - Quantity Consumed For Electricity
58539,Lake Pleasant WTP,PV,SUN,SUN,,N,2017,EIA923_Schedules_2_3_4_5_M_12_2017_Final_Revision.xlsx,ELEC MMBTU FEB,7784,FEB,2017-02-01,Solar,Photovoltaic,Solar,quantity-consumed-electricity,Solar - Photovoltaic - Solar - Quantity Consumed For Electricity
58539,Lake Pleasant WTP,PV,SUN,SUN,,N,2017,EIA923_Schedules_2_3_4_5_M_12_2017_Final_Revision.xlsx,NETGEN FEB,844.863,FEB,2017-02-01,Solar,Photovoltaic,Solar,generation,Solar - Photovoltaic - Solar - Generation
58539,Lake Pleasant WTP,PV,SUN,SUN,,N,2017,EIA923_Schedules_2_3_4_5_M_12_2017_Final_Revision.xlsx,TOT MMBTU FEB,7784,FEB,2017-02-01,Solar,Photovoltaic,Solar,total-fuel-consumed,Solar - Photovoltaic - Solar - Total Fuel Consumed
58539,Lake Pleasant WTP,PV,SUN,SUN,,N,2017,EIA923_Schedules_2_3_4_5_M_12_2017_Final_Revision.xlsx,ELEC MMBTU MAR,13482,MAR,2017-03-01,Solar,Photovoltaic,Solar,quantity-consumed-electricity,Solar - Photovoltaic - Solar - Quantity Consumed For Electricity
58539,Lake Pleasant WTP,PV,SUN,SUN,,N,2017,EIA923_Schedules_2_3_4_5_M_12_2017_Final_Revision.xlsx,TOT MMBTU MAR,13482,MAR,2017-03-01,Solar,Photovoltaic,Solar,total-fuel-consumed,Solar - Photovoltaic - Solar - Total Fuel Consumed
58539,Lake Pleasant WTP,PV,SUN,SUN,,N,2017,EIA923_Schedules_2_3_4_5_M_12_2017_Final_Revision.xlsx,NETGEN MAR,1463.389,MAR,2017-03-01,Solar,Photovoltaic,Solar,generation,Solar - Photovoltaic - Solar - Generation
58539,Lake Pleasant WTP,PV,SUN,SUN,,N,2017,EIA923_Schedules_2_3_4_5_M_12_2017_Final_Revision.xlsx,ELEC MMBTU APR,14660,APR,2017-04-01,Solar,Photovoltaic,Solar,quantity-consumed-electricity,Solar - Photovoltaic - Solar - Quantity Consumed For Electricity
58539,Lake Pleasant WTP,PV,SUN,SUN,,N,2017,EIA923_Schedules_2_3_4_5_M_12_2017_Final_Revision.xlsx,TOT MMBTU APR,14660,APR,2017-04-01,Solar,Photovoltaic,Solar,total-fuel-consumed,Solar - Photovoltaic - Solar - Total Fuel Consumed
58539,Lake Pleasant WTP,PV,SUN,SUN,,N,2017,EIA923_Schedules_2_3_4_5_M_12_2017_Final_Revision.xlsx,NETGEN APR,1591.187,APR,2017-04-01,Solar,Photovoltaic,Solar,generation,Solar - Photovoltaic - Solar - Generation
58539,Lake Pleasant WTP,PV,SUN,SUN,,N,2017,EIA923_Schedules_2_3_4_5_M_12_2017_Final_Revision.xlsx,TOT MMBTU MAY,15196,MAY,2017-05-01,Solar,Photovoltaic,Solar,total-fuel-consumed,Solar - Photovoltaic - Solar - Total Fuel Consumed
58539,Lake Pleasant WTP,PV,SUN,SUN,,N,2017,EIA923_Schedules_2_3_4_5_M_12_2017_Final_Revision.xlsx,NETGEN MAY,1649.38,MAY,2017-05-01,Solar,Photovoltaic,Solar,generation,Solar - Photovoltaic - Solar - Generation
58539,Lake Pleasant WTP,PV,SUN,SUN,,N,2017,EIA923_Schedules_2_3_4_5_M_12_2017_Final_Revision.xlsx,ELEC MMBTU MAY,15196,MAY,2017-05-01,Solar,Photovoltaic,Solar,quantity-consumed-electricity,Solar - Photovoltaic - Solar - Quantity Consumed For Electricity
58539,Lake Pleasant WTP,PV,SUN,SUN,,N,2017,EIA923_Schedules_2_3_4_5_M_12_2017_Final_Revision.xlsx,NETGEN JUN,1866.722,JUN,2017-06-01,Solar,Photovoltaic,Solar,generation,Solar - Photovoltaic - Solar - Generation
58539,Lake Pleasant WTP,PV,SUN,SUN,,N,2017,EIA923_Schedules_2_3_4_5_M_12_2017_Final_Revision.xlsx,ELEC MMBTU JUN,17198,JUN,2017-06-01,Solar,Photovoltaic,Solar,quantity-consumed-electricity,Solar - Photovoltaic - Solar - Quantity Consumed For Electricity
58539,Lake Pleasant WTP,PV,SUN,SUN,,N,2017,EIA923_Schedules_2_3_4_5_M_12_2017_Final_Revision.xlsx,TOT MMBTU JUN,17198,JUN,2017-06-01,Solar,Photovoltaic,Solar,total-fuel-consumed,Solar - Photovoltaic - Solar - Total Fuel Consumed
58539,Lake Pleasant WTP,PV,SUN,SUN,,N,2017,EIA923_Schedules_2_3_4_5_M_12_2017_Final_Revision.xlsx,ELEC MMBTU JUL,10245,JUL,2017-07-01,Solar,Photovoltaic,Solar,quantity-consumed-electricity,Solar - Photovoltaic - Solar - Quantity Consumed For Electricity
58539,Lake Pleasant WTP,PV,SUN,SUN,,N,2017,EIA923_Schedules_2_3_4_5_M_12_2017_Final_Revision.xlsx,NETGEN JUL,1112.003,JUL,2017-07-01,Solar,Photovoltaic,Solar,generation,Solar - Photovoltaic - Solar - Generation
58539,Lake Pleasant WTP,PV,SUN,SUN,,N,2017,EIA923_Schedules_2_3_4_5_M_12_2017_Final_Revision.xlsx,TOT MMBTU JUL,10245,JUL,2017-07-01,Solar,Photovoltaic,Solar,total-fuel-consumed,Solar - Photovoltaic - Solar - Total Fuel Consumed
58539,Lake Pleasant WTP,PV,SUN,SUN,,N,2017,EIA923_Schedules_2_3_4_5_M_12_2017_Final_Revision.xlsx,ELEC MMBTU AUG,12921,AUG,2017-08-01,Solar,Photovoltaic,Solar,quantity-consumed-electricity,Solar - Photovoltaic - Solar - Quantity Consumed For Electricity
58539,Lake Pleasant WTP,PV,SUN,SUN,,N,2017,EIA923_Schedules_2_3_4_5_M_12_2017_Final_Revision.xlsx,TOT MMBTU AUG,12921,AUG,2017-08-01,Solar,Photovoltaic,Solar,total-fuel-consumed,Solar - Photovoltaic - Solar - Total Fuel Consumed
58539,Lake Pleasant WTP,PV,SUN,SUN,,N,2017,EIA923_Schedules_2_3_4_5_M_12_2017_Final_Revision.xlsx,NETGEN AUG,1402.422,AUG,2017-08-01,Solar,Photovoltaic,Solar,generation,Solar - Photovoltaic - Solar - Generation
58539,Lake Pleasant WTP,PV,SUN,SUN,,N,2017,EIA923_Schedules_2_3_4_5_M_12_2017_Final_Revision.xlsx,ELEC MMBTU SEP,13380,SEP,2017-09-01,Solar,Photovoltaic,Solar,quantity-consumed-electricity,Solar - Photovoltaic - Solar - Quantity Consumed For Electricity
58539,Lake Pleasant WTP,PV,SUN,SUN,,N,2017,EIA923_Schedules_2_3_4_5_M_12_2017_Final_Revision.xlsx,NETGEN SEP,1452.278,SEP,2017-09-01,Solar,Photovoltaic,Solar,generation,Solar - Photovoltaic - Solar - Generation
58539,Lake Pleasant WTP,PV,SUN,SUN,,N,2017,EIA923_Schedules_2_3_4_5_M_12_2017_Final_Revision.xlsx,TOT MMBTU SEP,13380,SEP,2017-09-01,Solar,Photovoltaic,Solar,total-fuel-consumed,Solar - Photovoltaic - Solar - Total Fuel Consumed
58539,Lake Pleasant WTP,PV,SUN,SUN,,N,2017,EIA923_Schedules_2_3_4_5_M_12_2017_Final_Revision.xlsx,TOT MMBTU OCT,12236,OCT,2017-10-01,Solar,Photovoltaic,Solar,total-fuel-consumed,Solar - Photovoltaic - Solar - Total Fuel Consumed
58539,Lake Pleasant WTP,PV,SUN,SUN,,N,2017,EIA923_Schedules_2_3_4_5_M_12_2017_Final_Revision.xlsx,NETGEN OCT,1328.08,OCT,2017-10-01,Solar,Photovoltaic,Solar,generation,Solar - Photovoltaic - Solar - Generation
58539,Lake Pleasant WTP,PV,SUN,SUN,,N,2017,EIA923_Schedules_2_3_4_5_M_12_2017_Final_Revision.xlsx,ELEC MMBTU OCT,12236,OCT,2017-10-01,Solar,Photovoltaic,Solar,quantity-consumed-electricity,Solar - Photovoltaic - Solar - Quantity Consumed For Electricity
58539,Lake Pleasant WTP,PV,SUN,SUN,,N,2017,EIA923_Schedules_2_3_4_5_M_12_2017_Final_Revision.xlsx,ELEC MMBTU NOV,7210,NOV,2017-11-01,Solar,Photovoltaic,Solar,quantity-consumed-electricity,Solar - Photovoltaic - Solar - Quantity Consumed For Electricity
58539,Lake Pleasant WTP,PV,SUN,SUN,,N,2017,EIA923_Schedules_2_3_4_5_M_12_2017_Final_Revision.xlsx,NETGEN NOV,782.625,NOV,2017-11-01,Solar,Photovoltaic,Solar,generation,Solar - Photovoltaic - Solar - Generation
58539,Lake Pleasant WTP,PV,SUN,SUN,,N,2017,EIA923_Schedules_2_3_4_5_M_12_2017_Final_Revision.xlsx,TOT MMBTU NOV,7210,NOV,2017-11-01,Solar,Photovoltaic,Solar,total-fuel-consumed,Solar - Photovoltaic - Solar - Total Fuel Consumed
58539,Lake Pleasant WTP,PV,SUN,SUN,,N,2017,EIA923_Schedules_2_3_4_5_M_12_2017_Final_Revision.xlsx,NETGEN DEC,721.619,DEC,2017-12-01,Solar,Photovoltaic,Solar,generation,Solar - Photovoltaic - Solar - Generation
58539,Lake Pleasant WTP,PV,SUN,SUN,,N,2017,EIA923_Schedules_2_3_4_5_M_12_2017_Final_Revision.xlsx,TOT MMBTU DEC,6648,DEC,2017-12-01,Solar,Photovoltaic,Solar,total-fuel-consumed,Solar - Photovoltaic - Solar - Total Fuel Consumed
58539,Lake Pleasant WTP,PV,SUN,SUN,,N,2017,EIA923_Schedules_2_3_4_5_M_12_2017_Final_Revision.xlsx,ELEC MMBTU DEC,6648,DEC,2017-12-01,Solar,Photovoltaic,Solar,quantity-consumed-electricity,Solar - Photovoltaic - Solar - Quantity Consumed For Electricity
58539,Lake Pleasant WTP,PV,SUN,SUN,,N,2018,EIA923_Schedules_2_3_4_5_M_12_2018_Final_Revision.xlsx,ELEC MMBTU JAN,7655,JAN,2018-01-01,Solar,Photovoltaic,Solar,quantity-consumed-electricity,Solar - Photovoltaic - Solar - Quantity Consumed For Electricity
58539,Lake Pleasant WTP,PV,SUN,SUN,,N,2018,EIA923_Schedules_2_3_4_5_M_12_2018_Final_Revision.xlsx,TOT MMBTU JAN,7655,JAN,2018-01-01,Solar,Photovoltaic,Solar,total-fuel-consumed,Solar - Photovoltaic - Solar - Total Fuel Consumed
58539,Lake Pleasant WTP,PV,SUN,SUN,,N,2018,EIA923_Schedules_2_3_4_5_M_12_2018_Final_Revision.xlsx,NETGEN JAN,840.819,JAN,2018-01-01,Solar,Photovoltaic,Solar,generation,Solar - Photovoltaic - Solar - Generation
58539,Lake Pleasant WTP,PV,SUN,SUN,,N,2018,EIA923_Schedules_2_3_4_5_M_12_2018_Final_Revision.xlsx,NETGEN FEB,899.109,FEB,2018-02-01,Solar,Photovoltaic,Solar,generation,Solar - Photovoltaic - Solar - Generation
58539,Lake Pleasant WTP,PV,SUN,SUN,,N,2018,EIA923_Schedules_2_3_4_5_M_12_2018_Final_Revision.xlsx,TOT MMBTU FEB,8185,FEB,2018-02-01,Solar,Photovoltaic,Solar,total-fuel-consumed,Solar - Photovoltaic - Solar - Total Fuel Consumed
58539,Lake Pleasant WTP,PV,SUN,SUN,,N,2018,EIA923_Schedules_2_3_4_5_M_12_2018_Final_Revision.xlsx,ELEC MMBTU FEB,8185,FEB,2018-02-01,Solar,Photovoltaic,Solar,quantity-consumed-electricity,Solar - Photovoltaic - Solar - Quantity Consumed For Electricity
58539,Lake Pleasant WTP,PV,SUN,SUN,,N,2018,EIA923_Schedules_2_3_4_5_M_12_2018_Final_Revision.xlsx,TOT MMBTU MAR,10568,MAR,2018-03-01,Solar,Photovoltaic,Solar,total-fuel-consumed,Solar - Photovoltaic - Solar - Total Fuel Consumed
58539,Lake Pleasant WTP,PV,SUN,SUN,,N,2018,EIA923_Schedules_2_3_4_5_M_12_2018_Final_Revision.xlsx,ELEC MMBTU MAR,10568,MAR,2018-03-01,Solar,Photovoltaic,Solar,quantity-consumed-electricity,Solar - Photovoltaic - Solar - Quantity Consumed For Electricity
58539,Lake Pleasant WTP,PV,SUN,SUN,,N,2018,EIA923_Schedules_2_3_4_5_M_12_2018_Final_Revision.xlsx,NETGEN MAR,1160.85,MAR,2018-03-01,Solar,Photovoltaic,Solar,generation,Solar - Photovoltaic - Solar - Generation
58539,Lake Pleasant WTP,PV,SUN,SUN,,N,2018,EIA923_Schedules_2_3_4_5_M_12_2018_Final_Revision.xlsx,TOT MMBTU APR,12582,APR,2018-04-01,Solar,Photovoltaic,Solar,total-fuel-consumed,Solar - Photovoltaic - Solar - Total Fuel Consumed
58539,Lake Pleasant WTP,PV,SUN,SUN,,N,2018,EIA923_Schedules_2_3_4_5_M_12_2018_Final_Revision.xlsx,NETGEN APR,1381.986,APR,2018-04-01,Solar,Photovoltaic,Solar,generation,Solar - Photovoltaic - Solar - Generation
58539,Lake Pleasant WTP,PV,SUN,SUN,,N,2018,EIA923_Schedules_2_3_4_5_M_12_2018_Final_Revision.xlsx,ELEC MMBTU APR,12582,APR,2018-04-01,Solar,Photovoltaic,Solar,quantity-consumed-electricity,Solar - Photovoltaic - Solar - Quantity Consumed For Electricity
58539,Lake Pleasant WTP,PV,SUN,SUN,,N,2018,EIA923_Schedules_2_3_4_5_M_12_2018_Final_Revision.xlsx,ELEC MMBTU MAY,15871,MAY,2018-05-01,Solar,Photovoltaic,Solar,quantity-consumed-electricity,Solar - Photovoltaic - Solar - Quantity Consumed For Electricity
58539,Lake Pleasant WTP,PV,SUN,SUN,,N,2018,EIA923_Schedules_2_3_4_5_M_12_2018_Final_Revision.xlsx,TOT MMBTU MAY,15871,MAY,2018-05-01,Solar,Photovoltaic,Solar,total-fuel-consumed,Solar - Photovoltaic - Solar - Total Fuel Consumed
58539,Lake Pleasant WTP,PV,SUN,SUN,,N,2018,EIA923_Schedules_2_3_4_5_M_12_2018_Final_Revision.xlsx,NETGEN MAY,1743.252,MAY,2018-05-01,Solar,Photovoltaic,Solar,generation,Solar - Photovoltaic - Solar - Generation
58539,Lake Pleasant WTP,PV,SUN,SUN,,N,2018,EIA923_Schedules_2_3_4_5_M_12_2018_Final_Revision.xlsx,TOT MMBTU JUN,15497,JUN,2018-06-01,Solar,Photovoltaic,Solar,total-fuel-consumed,Solar - Photovoltaic - Solar - Total Fuel Consumed
58539,Lake Pleasant WTP,PV,SUN,SUN,,N,2018,EIA923_Schedules_2_3_4_5_M_12_2018_Final_Revision.xlsx,ELEC MMBTU JUN,15497,JUN,2018-06-01,Solar,Photovoltaic,Solar,quantity-consumed-electricity,Solar - Photovoltaic - Solar - Quantity Consumed For Electricity
58539,Lake Pleasant WTP,PV,SUN,SUN,,N,2018,EIA923_Schedules_2_3_4_5_M_12_2018_Final_Revision.xlsx,NETGEN JUN,1702.219,JUN,2018-06-01,Solar,Photovoltaic,Solar,generation,Solar - Photovoltaic - Solar - Generation
58539,Lake Pleasant WTP,PV,SUN,SUN,,N,2018,EIA923_Schedules_2_3_4_5_M_12_2018_Final_Revision.xlsx,NETGEN JUL,1503.707,JUL,2018-07-01,Solar,Photovoltaic,Solar,generation,Solar - Photovoltaic - Solar - Generation
58539,Lake Pleasant WTP,PV,SUN,SUN,,N,2018,EIA923_Schedules_2_3_4_5_M_12_2018_Final_Revision.xlsx,TOT MMBTU JUL,13690,JUL,2018-07-01,Solar,Photovoltaic,Solar,total-fuel-consumed,Solar - Photovoltaic - Solar - Total Fuel Consumed
58539,Lake Pleasant WTP,PV,SUN,SUN,,N,2018,EIA923_Schedules_2_3_4_5_M_12_2018_Final_Revision.xlsx,ELEC MMBTU JUL,13690,JUL,2018-07-01,Solar,Photovoltaic,Solar,quantity-consumed-electricity,Solar - Photovoltaic - Solar - Quantity Consumed For Electricity
58539,Lake Pleasant WTP,PV,SUN,SUN,,N,2018,EIA923_Schedules_2_3_4_5_M_12_2018_Final_Revision.xlsx,TOT MMBTU AUG,13855,AUG,2018-08-01,Solar,Photovoltaic,Solar,total-fuel-consumed,Solar - Photovoltaic - Solar - Total Fuel Consumed
58539,Lake Pleasant WTP,PV,SUN,SUN,,N,2018,EIA923_Schedules_2_3_4_5_M_12_2018_Final_Revision.xlsx,NETGEN AUG,1521.909,AUG,2018-08-01,Solar,Photovoltaic,Solar,generation,Solar - Photovoltaic - Solar - Generation
58539,Lake Pleasant WTP,PV,SUN,SUN,,N,2018,EIA923_Schedules_2_3_4_5_M_12_2018_Final_Revision.xlsx,ELEC MMBTU AUG,13855,AUG,2018-08-01,Solar,Photovoltaic,Solar,quantity-consumed-electricity,Solar - Photovoltaic - Solar - Quantity Consumed For Electricity
58539,Lake Pleasant WTP,PV,SUN,SUN,,N,2018,EIA923_Schedules_2_3_4_5_M_12_2018_Final_Revision.xlsx,TOT MMBTU SEP,13334,SEP,2018-09-01,Solar,Photovoltaic,Solar,total-fuel-consumed,Solar - Photovoltaic - Solar - Total Fuel Consumed
58539,Lake Pleasant WTP,PV,SUN,SUN,,N,2018,EIA923_Schedules_2_3_4_5_M_12_2018_Final_Revision.xlsx,ELEC MMBTU SEP,13334,SEP,2018-09-01,Solar,Photovoltaic,Solar,quantity-consumed-electricity,Solar - Photovoltaic - Solar - Quantity Consumed For Electricity
58539,Lake Pleasant WTP,PV,SUN,SUN,,N,2018,EIA923_Schedules_2_3_4_5_M_12_2018_Final_Revision.xlsx,NETGEN SEP,1464.636,SEP,2018-09-01,Solar,Photovoltaic,Solar,generation,Solar - Photovoltaic - Solar - Generation
58539,Lake Pleasant WTP,PV,SUN,SUN,,N,2018,EIA923_Schedules_2_3_4_5_M_12_2018_Final_Revision.xlsx,ELEC MMBTU OCT,9539,OCT,2018-10-01,Solar,Photovoltaic,Solar,quantity-consumed-electricity,Solar - Photovoltaic - Solar - Quantity Consumed For Electricity
58539,Lake Pleasant WTP,PV,SUN,SUN,,N,2018,EIA923_Schedules_2_3_4_5_M_12_2018_Final_Revision.xlsx,NETGEN OCT,1047.775,OCT,2018-10-01,Solar,Photovoltaic,Solar,generation,Solar - Photovoltaic - Solar - Generation
58539,Lake Pleasant WTP,PV,SUN,SUN,,N,2018,EIA923_Schedules_2_3_4_5_M_12_2018_Final_Revision.xlsx,TOT MMBTU OCT,9539,OCT,2018-10-01,Solar,Photovoltaic,Solar,total-fuel-consumed,Solar - Photovoltaic - Solar - Total Fuel Consumed
58539,Lake Pleasant WTP,PV,SUN,SUN,,N,2018,EIA923_Schedules_2_3_4_5_M_12_2018_Final_Revision.xlsx,TOT MMBTU NOV,8266,NOV,2018-11-01,Solar,Photovoltaic,Solar,total-fuel-consumed,Solar - Photovoltaic - Solar - Total Fuel Consumed
58539,Lake Pleasant WTP,PV,SUN,SUN,,N,2018,EIA923_Schedules_2_3_4_5_M_12_2018_Final_Revision.xlsx,NETGEN NOV,907.939,NOV,2018-11-01,Solar,Photovoltaic,Solar,generation,Solar - Photovoltaic - Solar - Generation
58539,Lake Pleasant WTP,PV,SUN,SUN,,N,2018,EIA923_Schedules_2_3_4_5_M_12_2018_Final_Revision.xlsx,ELEC MMBTU NOV,8266,NOV,2018-11-01,Solar,Photovoltaic,Solar,quantity-consumed-electricity,Solar - Photovoltaic - Solar - Quantity Consumed For Electricity
58539,Lake Pleasant WTP,PV,SUN,SUN,,N,2018,EIA923_Schedules_2_3_4_5_M_12_2018_Final_Revision.xlsx,ELEC MMBTU DEC,5579,DEC,2018-12-01,Solar,Photovoltaic,Solar,quantity-consumed-electricity,Solar - Photovoltaic - Solar - Quantity Consumed For Electricity
58539,Lake Pleasant WTP,PV,SUN,SUN,,N,2018,EIA923_Schedules_2_3_4_5_M_12_2018_Final_Revision.xlsx,NETGEN DEC,612.799,DEC,2018-12-01,Solar,Photovoltaic,Solar,generation,Solar - Photovoltaic - Solar - Generation
58539,Lake Pleasant WTP,PV,SUN,SUN,,N,2018,EIA923_Schedules_2_3_4_5_M_12_2018_Final_Revision.xlsx,TOT MMBTU DEC,5579,DEC,2018-12-01,Solar,Photovoltaic,Solar,total-fuel-consumed,Solar - Photovoltaic - Solar - Total Fuel Consumed
58539,Lake Pleasant WTP,PV,SUN,SUN,,N,2019,EIA923_Schedules_2_3_4_5_M_12_2019_Final_Revision.xlsx,NETGEN JAN,772.93,JAN,2019-01-01,Solar,Photovoltaic,Solar,generation,Solar - Photovoltaic - Solar - Generation
58539,Lake Pleasant WTP,PV,SUN,SUN,,N,2019,EIA923_Schedules_2_3_4_5_M_12_2019_Final_Revision.xlsx,ELEC MMBTU JAN,6883,JAN,2019-01-01,Solar,Photovoltaic,Solar,quantity-consumed-electricity,Solar - Photovoltaic - Solar - Quantity Consumed For Electricity
58539,Lake Pleasant WTP,PV,SUN,SUN,,N,2019,EIA923_Schedules_2_3_4_5_M_12_2019_Final_Revision.xlsx,TOT MMBTU JAN,6883,JAN,2019-01-01,Solar,Photovoltaic,Solar,total-fuel-consumed,Solar - Photovoltaic - Solar - Total Fuel Consumed
58539,Lake Pleasant WTP,PV,SUN,SUN,,N,2019,EIA923_Schedules_2_3_4_5_M_12_2019_Final_Revision.xlsx,ELEC MMBTU FEB,6786,FEB,2019-02-01,Solar,Photovoltaic,Solar,quantity-consumed-electricity,Solar - Photovoltaic - Solar - Quantity Consumed For Electricity
58539,Lake Pleasant WTP,PV,SUN,SUN,,N,2019,EIA923_Schedules_2_3_4_5_M_12_2019_Final_Revision.xlsx,TOT MMBTU FEB,6786,FEB,2019-02-01,Solar,Photovoltaic,Solar,total-fuel-consumed,Solar - Photovoltaic - Solar - Total Fuel Consumed
58539,Lake Pleasant WTP,PV,SUN,SUN,,N,2019,EIA923_Schedules_2_3_4_5_M_12_2019_Final_Revision.xlsx,NETGEN FEB,762.002,FEB,2019-02-01,Solar,Photovoltaic,Solar,generation,Solar - Photovoltaic - Solar - Generation
58539,Lake Pleasant WTP,PV,SUN,SUN,,N,2019,EIA923_Schedules_2_3_4_5_M_12_2019_Final_Revision.xlsx,TOT MMBTU MAR,10825,MAR,2019-03-01,Solar,Photovoltaic,Solar,total-fuel-consumed,Solar - Photovoltaic - Solar - Total Fuel Consumed
58539,Lake Pleasant WTP,PV,SUN,SUN,,N,2019,EIA923_Schedules_2_3_4_5_M_12_2019_Final_Revision.xlsx,NETGEN MAR,1215.57,MAR,2019-03-01,Solar,Photovoltaic,Solar,generation,Solar - Photovoltaic - Solar - Generation
58539,Lake Pleasant WTP,PV,SUN,SUN,,N,2019,EIA923_Schedules_2_3_4_5_M_12_2019_Final_Revision.xlsx,ELEC MMBTU MAR,10825,MAR,2019-03-01,Solar,Photovoltaic,Solar,quantity-consumed-electricity,Solar - Photovoltaic - Solar - Quantity Consumed For Electricity
58539,Lake Pleasant WTP,PV,SUN,SUN,,N,2019,EIA923_Schedules_2_3_4_5_M_12_2019_Final_Revision.xlsx,TOT MMBTU APR,12872,APR,2019-04-01,Solar,Photovoltaic,Solar,total-fuel-consumed,Solar - Photovoltaic - Solar - Total Fuel Consumed
58539,Lake Pleasant WTP,PV,SUN,SUN,,N,2019,EIA923_Schedules_2_3_4_5_M_12_2019_Final_Revision.xlsx,NETGEN APR,1445.467,APR,2019-04-01,Solar,Photovoltaic,Solar,generation,Solar - Photovoltaic - Solar - Generation
58539,Lake Pleasant WTP,PV,SUN,SUN,,N,2019,EIA923_Schedules_2_3_4_5_M_12_2019_Final_Revision.xlsx,ELEC MMBTU APR,12872,APR,2019-04-01,Solar,Photovoltaic,Solar,quantity-consumed-electricity,Solar - Photovoltaic - Solar - Quantity Consumed For Electricity
58539,Lake Pleasant WTP,PV,SUN,SUN,,N,2019,EIA923_Schedules_2_3_4_5_M_12_2019_Final_Revision.xlsx,TOT MMBTU MAY,13491,MAY,2019-05-01,Solar,Photovoltaic,Solar,total-fuel-consumed,Solar - Photovoltaic - Solar - Total Fuel Consumed
58539,Lake Pleasant WTP,PV,SUN,SUN,,N,2019,EIA923_Schedules_2_3_4_5_M_12_2019_Final_Revision.xlsx,NETGEN MAY,1514.98,MAY,2019-05-01,Solar,Photovoltaic,Solar,generation,Solar - Photovoltaic - Solar - Generation
58539,Lake Pleasant WTP,PV,SUN,SUN,,N,2019,EIA923_Schedules_2_3_4_5_M_12_2019_Final_Revision.xlsx,ELEC MMBTU MAY,13491,MAY,2019-05-01,Solar,Photovoltaic,Solar,quantity-consumed-electricity,Solar - Photovoltaic - Solar - Quantity Consumed For Electricity
58539,Lake Pleasant WTP,PV,SUN,SUN,,N,2019,EIA923_Schedules_2_3_4_5_M_12_2019_Final_Revision.xlsx,TOT MMBTU JUN,15273,JUN,2019-06-01,Solar,Photovoltaic,Solar,total-fuel-consumed,Solar - Photovoltaic - Solar - Total Fuel Consumed
58539,Lake Pleasant WTP,PV,SUN,SUN,,N,2019,EIA923_Schedules_2_3_4_5_M_12_2019_Final_Revision.xlsx,NETGEN JUN,1715.155,JUN,2019-06-01,Solar,Photovoltaic,Solar,generation,Solar - Photovoltaic - Solar - Generation
58539,Lake Pleasant WTP,PV,SUN,SUN,,N,2019,EIA923_Schedules_2_3_4_5_M_12_2019_Final_Revision.xlsx,ELEC MMBTU JUN,15273,JUN,2019-06-01,Solar,Photovoltaic,Solar,quantity-consumed-electricity,Solar - Photovoltaic - Solar - Quantity Consumed For Electricity
58539,Lake Pleasant WTP,PV,SUN,SUN,,N,2019,EIA923_Schedules_2_3_4_5_M_12_2019_Final_Revision.xlsx,TOT MMBTU JUL,13470,JUL,2019-07-01,Solar,Photovoltaic,Solar,total-fuel-consumed,Solar - Photovoltaic - Solar - Total Fuel Consumed
58539,Lake Pleasant WTP,PV,SUN,SUN,,N,2019,EIA923_Schedules_2_3_4_5_M_12_2019_Final_Revision.xlsx,ELEC MMBTU JUL,13470,JUL,2019-07-01,Solar,Photovoltaic,Solar,quantity-consumed-electricity,Solar - Photovoltaic - Solar - Quantity Consumed For Electricity
58539,Lake Pleasant WTP,PV,SUN,SUN,,N,2019,EIA923_Schedules_2_3_4_5_M_12_2019_Final_Revision.xlsx,NETGEN JUL,1512.603,JUL,2019-07-01,Solar,Photovoltaic,Solar,generation,Solar - Photovoltaic - Solar - Generation
58539,Lake Pleasant WTP,PV,SUN,SUN,,N,2019,EIA923_Schedules_2_3_4_5_M_12_2019_Final_Revision.xlsx,TOT MMBTU AUG,14589,AUG,2019-08-01,Solar,Photovoltaic,Solar,total-fuel-consumed,Solar - Photovoltaic - Solar - Total Fuel Consumed
58539,Lake Pleasant WTP,PV,SUN,SUN,,N,2019,EIA923_Schedules_2_3_4_5_M_12_2019_Final_Revision.xlsx,NETGEN AUG,1638.292,AUG,2019-08-01,Solar,Photovoltaic,Solar,generation,Solar - Photovoltaic - Solar - Generation
58539,Lake Pleasant WTP,PV,SUN,SUN,,N,2019,EIA923_Schedules_2_3_4_5_M_12_2019_Final_Revision.xlsx,ELEC MMBTU AUG,14589,AUG,2019-08-01,Solar,Photovoltaic,Solar,quantity-consumed-electricity,Solar - Photovoltaic - Solar - Quantity Consumed For Electricity
58539,Lake Pleasant WTP,PV,SUN,SUN,,N,2019,EIA923_Schedules_2_3_4_5_M_12_2019_Final_Revision.xlsx,TOT MMBTU SEP,11754,SEP,2019-09-01,Solar,Photovoltaic,Solar,total-fuel-consumed,Solar - Photovoltaic - Solar - Total Fuel Consumed
58539,Lake Pleasant WTP,PV,SUN,SUN,,N,2019,EIA923_Schedules_2_3_4_5_M_12_2019_Final_Revision.xlsx,NETGEN SEP,1319.89,SEP,2019-09-01,Solar,Photovoltaic,Solar,generation,Solar - Photovoltaic - Solar - Generation
58539,Lake Pleasant WTP,PV,SUN,SUN,,N,2019,EIA923_Schedules_2_3_4_5_M_12_2019_Final_Revision.xlsx,ELEC MMBTU SEP,11754,SEP,2019-09-01,Solar,Photovoltaic,Solar,quantity-consumed-electricity,Solar - Photovoltaic - Solar - Quantity Consumed For Electricity
58539,Lake Pleasant WTP,PV,SUN,SUN,,N,2019,EIA923_Schedules_2_3_4_5_M_12_2019_Final_Revision.xlsx,TOT MMBTU OCT,12098,OCT,2019-10-01,Solar,Photovoltaic,Solar,total-fuel-consumed,Solar - Photovoltaic - Solar - Total Fuel Consumed
58539,Lake Pleasant WTP,PV,SUN,SUN,,N,2019,EIA923_Schedules_2_3_4_5_M_12_2019_Final_Revision.xlsx,NETGEN OCT,1358.583,OCT,2019-10-01,Solar,Photovoltaic,Solar,generation,Solar - Photovoltaic - Solar - Generation
58539,Lake Pleasant WTP,PV,SUN,SUN,,N,2019,EIA923_Schedules_2_3_4_5_M_12_2019_Final_Revision.xlsx,ELEC MMBTU OCT,12098,OCT,2019-10-01,Solar,Photovoltaic,Solar,quantity-consumed-electricity,Solar - Photovoltaic - Solar - Quantity Consumed For Electricity
58539,Lake Pleasant WTP,PV,SUN,SUN,,N,2019,EIA923_Schedules_2_3_4_5_M_12_2019_Final_Revision.xlsx,NETGEN NOV,766.405,NOV,2019-11-01,Solar,Photovoltaic,Solar,generation,Solar - Photovoltaic - Solar - Generation
58539,Lake Pleasant WTP,PV,SUN,SUN,,N,2019,EIA923_Schedules_2_3_4_5_M_12_2019_Final_Revision.xlsx,ELEC MMBTU NOV,6825,NOV,2019-11-01,Solar,Photovoltaic,Solar,quantity-consumed-electricity,Solar - Photovoltaic - Solar - Quantity Consumed For Electricity
58539,Lake Pleasant WTP,PV,SUN,SUN,,N,2019,EIA923_Schedules_2_3_4_5_M_12_2019_Final_Revision.xlsx,TOT MMBTU NOV,6825,NOV,2019-11-01,Solar,Photovoltaic,Solar,total-fuel-consumed,Solar - Photovoltaic - Solar - Total Fuel Consumed
58539,Lake Pleasant WTP,PV,SUN,SUN,,N,2019,EIA923_Schedules_2_3_4_5_M_12_2019_Final_Revision.xlsx,TOT MMBTU DEC,5424,DEC,2019-12-01,Solar,Photovoltaic,Solar,total-fuel-consumed,Solar - Photovoltaic - Solar - Total Fuel Consumed
58539,Lake Pleasant WTP,PV,SUN,SUN,,N,2019,EIA923_Schedules_2_3_4_5_M_12_2019_Final_Revision.xlsx,ELEC MMBTU DEC,5424,DEC,2019-12-01,Solar,Photovoltaic,Solar,quantity-consumed-electricity,Solar - Photovoltaic - Solar - Quantity Consumed For Electricity
58539,Lake Pleasant WTP,PV,SUN,SUN,,N,2019,EIA923_Schedules_2_3_4_5_M_12_2019_Final_Revision.xlsx,NETGEN DEC,609.123,DEC,2019-12-01,Solar,Photovoltaic,Solar,generation,Solar - Photovoltaic - Solar - Generation
58539,Lake Pleasant WTP,PV,SUN,SUN,,N,2020,EIA923_Schedules_2_3_4_5_M_12_2020_Final_Revision.xlsx,TOT MMBTU JAN,7654,JAN,2020-01-01,Solar,Photovoltaic,Solar,total-fuel-consumed,Solar - Photovoltaic - Solar - Total Fuel Consumed
58539,Lake Pleasant WTP,PV,SUN,SUN,,N,2020,EIA923_Schedules_2_3_4_5_M_12_2020_Final_Revision.xlsx,ELEC MMBTU JAN,7654,JAN,2020-01-01,Solar,Photovoltaic,Solar,quantity-consumed-electricity,Solar - Photovoltaic - Solar - Quantity Consumed For Electricity
58539,Lake Pleasant WTP,PV,SUN,SUN,,N,2020,EIA923_Schedules_2_3_4_5_M_12_2020_Final_Revision.xlsx,NETGEN JAN,873.017,JAN,2020-01-01,Solar,Photovoltaic,Solar,generation,Solar - Photovoltaic - Solar - Generation
58539,Lake Pleasant WTP,PV,SUN,SUN,,N,2020,EIA923_Schedules_2_3_4_5_M_12_2020_Final_Revision.xlsx,TOT MMBTU FEB,8839,FEB,2020-02-01,Solar,Photovoltaic,Solar,total-fuel-consumed,Solar - Photovoltaic - Solar - Total Fuel Consumed
58539,Lake Pleasant WTP,PV,SUN,SUN,,N,2020,EIA923_Schedules_2_3_4_5_M_12_2020_Final_Revision.xlsx,ELEC MMBTU FEB,8839,FEB,2020-02-01,Solar,Photovoltaic,Solar,quantity-consumed-electricity,Solar - Photovoltaic - Solar - Quantity Consumed For Electricity
58539,Lake Pleasant WTP,PV,SUN,SUN,,N,2020,EIA923_Schedules_2_3_4_5_M_12_2020_Final_Revision.xlsx,NETGEN FEB,1008.175,FEB,2020-02-01,Solar,Photovoltaic,Solar,generation,Solar - Photovoltaic - Solar - Generation
58539,Lake Pleasant WTP,PV,SUN,SUN,,N,2020,EIA923_Schedules_2_3_4_5_M_12_2020_Final_Revision.xlsx,TOT MMBTU MAR,9973,MAR,2020-03-01,Solar,Photovoltaic,Solar,total-fuel-consumed,Solar - Photovoltaic - Solar - Total Fuel Consumed
58539,Lake Pleasant WTP,PV,SUN,SUN,,N,2020,EIA923_Schedules_2_3_4_5_M_12_2020_Final_Revision.xlsx,NETGEN MAR,1137.531,MAR,2020-03-01,Solar,Photovoltaic,Solar,generation,Solar - Photovoltaic - Solar - Generation
58539,Lake Pleasant WTP,PV,SUN,SUN,,N,2020,EIA923_Schedules_2_3_4_5_M_12_2020_Final_Revision.xlsx,ELEC MMBTU MAR,9973,MAR,2020-03-01,Solar,Photovoltaic,Solar,quantity-consumed-electricity,Solar - Photovoltaic - Solar - Quantity Consumed For Electricity
58539,Lake Pleasant WTP,PV,SUN,SUN,,N,2020,EIA923_Schedules_2_3_4_5_M_12_2020_Final_Revision.xlsx,TOT MMBTU APR,13331,APR,2020-04-01,Solar,Photovoltaic,Solar,total-fuel-consumed,Solar - Photovoltaic - Solar - Total Fuel Consumed
58539,Lake Pleasant WTP,PV,SUN,SUN,,N,2020,EIA923_Schedules_2_3_4_5_M_12_2020_Final_Revision.xlsx,ELEC MMBTU APR,13331,APR,2020-04-01,Solar,Photovoltaic,Solar,quantity-consumed-electricity,Solar - Photovoltaic - Solar - Quantity Consumed For Electricity
58539,Lake Pleasant WTP,PV,SUN,SUN,,N,2020,EIA923_Schedules_2_3_4_5_M_12_2020_Final_Revision.xlsx,NETGEN APR,1520.6,APR,2020-04-01,Solar,Photovoltaic,Solar,generation,Solar - Photovoltaic - Solar - Generation
58539,Lake Pleasant WTP,PV,SUN,SUN,,N,2020,EIA923_Schedules_2_3_4_5_M_12_2020_Final_Revision.xlsx,TOT MMBTU MAY,14440,MAY,2020-05-01,Solar,Photovoltaic,Solar,total-fuel-consumed,Solar - Photovoltaic - Solar - Total Fuel Consumed
58539,Lake Pleasant WTP,PV,SUN,SUN,,N,2020,EIA923_Schedules_2_3_4_5_M_12_2020_Final_Revision.xlsx,ELEC MMBTU MAY,14440,MAY,2020-05-01,Solar,Photovoltaic,Solar,quantity-consumed-electricity,Solar - Photovoltaic - Solar - Quantity Consumed For Electricity
58539,Lake Pleasant WTP,PV,SUN,SUN,,N,2020,EIA923_Schedules_2_3_4_5_M_12_2020_Final_Revision.xlsx,NETGEN MAY,1647.1,MAY,2020-05-01,Solar,Photovoltaic,Solar,generation,Solar - Photovoltaic - Solar - Generation
58539,Lake Pleasant WTP,PV,SUN,SUN,,N,2020,EIA923_Schedules_2_3_4_5_M_12_2020_Final_Revision.xlsx,ELEC MMBTU JUN,13796,JUN,2020-06-01,Solar,Photovoltaic,Solar,quantity-consumed-electricity,Solar - Photovoltaic - Solar - Quantity Consumed For Electricity
58539,Lake Pleasant WTP,PV,SUN,SUN,,N,2020,EIA923_Schedules_2_3_4_5_M_12_2020_Final_Revision.xlsx,NETGEN JUN,1573.64,JUN,2020-06-01,Solar,Photovoltaic,Solar,generation,Solar - Photovoltaic - Solar - Generation
58539,Lake Pleasant WTP,PV,SUN,SUN,,N,2020,EIA923_Schedules_2_3_4_5_M_12_2020_Final_Revision.xlsx,TOT MMBTU JUN,13796,JUN,2020-06-01,Solar,Photovoltaic,Solar,total-fuel-consumed,Solar - Photovoltaic - Solar - Total Fuel Consumed
58539,Lake Pleasant WTP,PV,SUN,SUN,,N,2020,EIA923_Schedules_2_3_4_5_M_12_2020_Final_Revision.xlsx,NETGEN JUL,1576.865,JUL,2020-07-01,Solar,Photovoltaic,Solar,generation,Solar - Photovoltaic - Solar - Generation
58539,Lake Pleasant WTP,PV,SUN,SUN,,N,2020,EIA923_Schedules_2_3_4_5_M_12_2020_Final_Revision.xlsx,TOT MMBTU JUL,13824,JUL,2020-07-01,Solar,Photovoltaic,Solar,total-fuel-consumed,Solar - Photovoltaic - Solar - Total Fuel Consumed
58539,Lake Pleasant WTP,PV,SUN,SUN,,N,2020,EIA923_Schedules_2_3_4_5_M_12_2020_Final_Revision.xlsx,ELEC MMBTU JUL,13824,JUL,2020-07-01,Solar,Photovoltaic,Solar,quantity-consumed-electricity,Solar - Photovoltaic - Solar - Quantity Consumed For Electricity
58539,Lake Pleasant WTP,PV,SUN,SUN,,N,2020,EIA923_Schedules_2_3_4_5_M_12_2020_Final_Revision.xlsx,TOT MMBTU AUG,12710,AUG,2020-08-01,Solar,Photovoltaic,Solar,total-fuel-consumed,Solar - Photovoltaic - Solar - Total Fuel Consumed
58539,Lake Pleasant WTP,PV,SUN,SUN,,N,2020,EIA923_Schedules_2_3_4_5_M_12_2020_Final_Revision.xlsx,NETGEN AUG,1449.708,AUG,2020-08-01,Solar,Photovoltaic,Solar,generation,Solar - Photovoltaic - Solar - Generation
58539,Lake Pleasant WTP,PV,SUN,SUN,,N,2020,EIA923_Schedules_2_3_4_5_M_12_2020_Final_Revision.xlsx,ELEC MMBTU AUG,12710,AUG,2020-08-01,Solar,Photovoltaic,Solar,quantity-consumed-electricity,Solar - Photovoltaic - Solar - Quantity Consumed For Electricity
58539,Lake Pleasant WTP,PV,SUN,SUN,,N,2020,EIA923_Schedules_2_3_4_5_M_12_2020_Final_Revision.xlsx,ELEC MMBTU SEP,11483,SEP,2020-09-01,Solar,Photovoltaic,Solar,quantity-consumed-electricity,Solar - Photovoltaic - Solar - Quantity Consumed For Electricity
58539,Lake Pleasant WTP,PV,SUN,SUN,,N,2020,EIA923_Schedules_2_3_4_5_M_12_2020_Final_Revision.xlsx,TOT MMBTU SEP,11483,SEP,2020-09-01,Solar,Photovoltaic,Solar,total-fuel-consumed,Solar - Photovoltaic - Solar - Total Fuel Consumed
58539,Lake Pleasant WTP,PV,SUN,SUN,,N,2020,EIA923_Schedules_2_3_4_5_M_12_2020_Final_Revision.xlsx,NETGEN SEP,1309.847,SEP,2020-09-01,Solar,Photovoltaic,Solar,generation,Solar - Photovoltaic - Solar - Generation
58539,Lake Pleasant WTP,PV,SUN,SUN,,N,2020,EIA923_Schedules_2_3_4_5_M_12_2020_Final_Revision.xlsx,NETGEN OCT,1234.831,OCT,2020-10-01,Solar,Photovoltaic,Solar,generation,Solar - Photovoltaic - Solar - Generation
58539,Lake Pleasant WTP,PV,SUN,SUN,,N,2020,EIA923_Schedules_2_3_4_5_M_12_2020_Final_Revision.xlsx,TOT MMBTU OCT,10826,OCT,2020-10-01,Solar,Photovoltaic,Solar,total-fuel-consumed,Solar - Photovoltaic - Solar - Total Fuel Consumed
58539,Lake Pleasant WTP,PV,SUN,SUN,,N,2020,EIA923_Schedules_2_3_4_5_M_12_2020_Final_Revision.xlsx,ELEC MMBTU OCT,10826,OCT,2020-10-01,Solar,Photovoltaic,Solar,quantity-consumed-electricity,Solar - Photovoltaic - Solar - Quantity Consumed For Electricity
58539,Lake Pleasant WTP,PV,SUN,SUN,,N,2020,EIA923_Schedules_2_3_4_5_M_12_2020_Final_Revision.xlsx,TOT MMBTU NOV,7731,NOV,2020-11-01,Solar,Photovoltaic,Solar,total-fuel-consumed,Solar - Photovoltaic - Solar - Total Fuel Consumed
58539,Lake Pleasant WTP,PV,SUN,SUN,,N,2020,EIA923_Schedules_2_3_4_5_M_12_2020_Final_Revision.xlsx,ELEC MMBTU NOV,7731,NOV,2020-11-01,Solar,Photovoltaic,Solar,quantity-consumed-electricity,Solar - Photovoltaic - Solar - Quantity Consumed For Electricity
58539,Lake Pleasant WTP,PV,SUN,SUN,,N,2020,EIA923_Schedules_2_3_4_5_M_12_2020_Final_Revision.xlsx,NETGEN NOV,881.871,NOV,2020-11-01,Solar,Photovoltaic,Solar,generation,Solar - Photovoltaic - Solar - Generation
58539,Lake Pleasant WTP,PV,SUN,SUN,,N,2020,EIA923_Schedules_2_3_4_5_M_12_2020_Final_Revision.xlsx,NETGEN DEC,782.815,DEC,2020-12-01,Solar,Photovoltaic,Solar,generation,Solar - Photovoltaic - Solar - Generation
58539,Lake Pleasant WTP,PV,SUN,SUN,,N,2020,EIA923_Schedules_2_3_4_5_M_12_2020_Final_Revision.xlsx,ELEC MMBTU DEC,6863,DEC,2020-12-01,Solar,Photovoltaic,Solar,quantity-consumed-electricity,Solar - Photovoltaic - Solar - Quantity Consumed For Electricity
58539,Lake Pleasant WTP,PV,SUN,SUN,,N,2020,EIA923_Schedules_2_3_4_5_M_12_2020_Final_Revision.xlsx,TOT MMBTU DEC,6863,DEC,2020-12-01,Solar,Photovoltaic,Solar,total-fuel-consumed,Solar - Photovoltaic - Solar - Total Fuel Consumed
58539,Lake Pleasant WTP,PV,SUN,SUN,,N,2021,EIA923_Schedules_2_3_4_5_M_12_2021_Final_Revision.xlsx,NETGEN JAN,821.748,JAN,2021-01-01,Solar,Photovoltaic,Solar,generation,Solar - Photovoltaic - Solar - Generation
58539,Lake Pleasant WTP,PV,SUN,SUN,,N,2021,EIA923_Schedules_2_3_4_5_M_12_2021_Final_Revision.xlsx,TOT MMBTU JAN,7268,JAN,2021-01-01,Solar,Photovoltaic,Solar,total-fuel-consumed,Solar - Photovoltaic - Solar - Total Fuel Consumed
58539,Lake Pleasant WTP,PV,SUN,SUN,,N,2021,EIA923_Schedules_2_3_4_5_M_12_2021_Final_Revision.xlsx,ELEC MMBTU JAN,7268,JAN,2021-01-01,Solar,Photovoltaic,Solar,quantity-consumed-electricity,Solar - Photovoltaic - Solar - Quantity Consumed For Electricity
58539,Lake Pleasant WTP,PV,SUN,SUN,,N,2021,EIA923_Schedules_2_3_4_5_M_12_2021_Final_Revision.xlsx,ELEC MMBTU FEB,9227,FEB,2021-02-01,Solar,Photovoltaic,Solar,quantity-consumed-electricity,Solar - Photovoltaic - Solar - Quantity Consumed For Electricity
58539,Lake Pleasant WTP,PV,SUN,SUN,,N,2021,EIA923_Schedules_2_3_4_5_M_12_2021_Final_Revision.xlsx,TOT MMBTU FEB,9227,FEB,2021-02-01,Solar,Photovoltaic,Solar,total-fuel-consumed,Solar - Photovoltaic - Solar - Total Fuel Consumed
58539,Lake Pleasant WTP,PV,SUN,SUN,,N,2021,EIA923_Schedules_2_3_4_5_M_12_2021_Final_Revision.xlsx,NETGEN FEB,1043.296,FEB,2021-02-01,Solar,Photovoltaic,Solar,generation,Solar - Photovoltaic - Solar - Generation
58539,Lake Pleasant WTP,PV,SUN,SUN,,N,2021,EIA923_Schedules_2_3_4_5_M_12_2021_Final_Revision.xlsx,TOT MMBTU MAR,11441,MAR,2021-03-01,Solar,Photovoltaic,Solar,total-fuel-consumed,Solar - Photovoltaic - Solar - Total Fuel Consumed
58539,Lake Pleasant WTP,PV,SUN,SUN,,N,2021,EIA923_Schedules_2_3_4_5_M_12_2021_Final_Revision.xlsx,NETGEN MAR,1293.672,MAR,2021-03-01,Solar,Photovoltaic,Solar,generation,Solar - Photovoltaic - Solar - Generation
58539,Lake Pleasant WTP,PV,SUN,SUN,,N,2021,EIA923_Schedules_2_3_4_5_M_12_2021_Final_Revision.xlsx,ELEC MMBTU MAR,11441,MAR,2021-03-01,Solar,Photovoltaic,Solar,quantity-consumed-electricity,Solar - Photovoltaic - Solar - Quantity Consumed For Electricity
58539,Lake Pleasant WTP,PV,SUN,SUN,,N,2021,EIA923_Schedules_2_3_4_5_M_12_2021_Final_Revision.xlsx,NETGEN APR,1451.946,APR,2021-04-01,Solar,Photovoltaic,Solar,generation,Solar - Photovoltaic - Solar - Generation
58539,Lake Pleasant WTP,PV,SUN,SUN,,N,2021,EIA923_Schedules_2_3_4_5_M_12_2021_Final_Revision.xlsx,ELEC MMBTU APR,12841,APR,2021-04-01,Solar,Photovoltaic,Solar,quantity-consumed-electricity,Solar - Photovoltaic - Solar - Quantity Consumed For Electricity
58539,Lake Pleasant WTP,PV,SUN,SUN,,N,2021,EIA923_Schedules_2_3_4_5_M_12_2021_Final_Revision.xlsx,TOT MMBTU APR,12841,APR,2021-04-01,Solar,Photovoltaic,Solar,total-fuel-consumed,Solar - Photovoltaic - Solar - Total Fuel Consumed
58539,Lake Pleasant WTP,PV,SUN,SUN,,N,2021,EIA923_Schedules_2_3_4_5_M_12_2021_Final_Revision.xlsx,TOT MMBTU MAY,15246,MAY,2021-05-01,Solar,Photovoltaic,Solar,total-fuel-consumed,Solar - Photovoltaic - Solar - Total Fuel Consumed
58539,Lake Pleasant WTP,PV,SUN,SUN,,N,2021,EIA923_Schedules_2_3_4_5_M_12_2021_Final_Revision.xlsx,ELEC MMBTU MAY,15246,MAY,2021-05-01,Solar,Photovoltaic,Solar,quantity-consumed-electricity,Solar - Photovoltaic - Solar - Quantity Consumed For Electricity
58539,Lake Pleasant WTP,PV,SUN,SUN,,N,2021,EIA923_Schedules_2_3_4_5_M_12_2021_Final_Revision.xlsx,NETGEN MAY,1723.931,MAY,2021-05-01,Solar,Photovoltaic,Solar,generation,Solar - Photovoltaic - Solar - Generation
58539,Lake Pleasant WTP,PV,SUN,SUN,,N,2021,EIA923_Schedules_2_3_4_5_M_12_2021_Final_Revision.xlsx,NETGEN JUN,1548.593,JUN,2021-06-01,Solar,Photovoltaic,Solar,generation,Solar - Photovoltaic - Solar - Generation
58539,Lake Pleasant WTP,PV,SUN,SUN,,N,2021,EIA923_Schedules_2_3_4_5_M_12_2021_Final_Revision.xlsx,ELEC MMBTU JUN,13696,JUN,2021-06-01,Solar,Photovoltaic,Solar,quantity-consumed-electricity,Solar - Photovoltaic - Solar - Quantity Consumed For Electricity
58539,Lake Pleasant WTP,PV,SUN,SUN,,N,2021,EIA923_Schedules_2_3_4_5_M_12_2021_Final_Revision.xlsx,TOT MMBTU JUN,13696,JUN,2021-06-01,Solar,Photovoltaic,Solar,total-fuel-consumed,Solar - Photovoltaic - Solar - Total Fuel Consumed
58539,Lake Pleasant WTP,PV,SUN,SUN,,N,2021,EIA923_Schedules_2_3_4_5_M_12_2021_Final_Revision.xlsx,ELEC MMBTU JUL,11107,JUL,2021-07-01,Solar,Photovoltaic,Solar,quantity-consumed-electricity,Solar - Photovoltaic - Solar - Quantity Consumed For Electricity
58539,Lake Pleasant WTP,PV,SUN,SUN,,N,2021,EIA923_Schedules_2_3_4_5_M_12_2021_Final_Revision.xlsx,NETGEN JUL,1255.83,JUL,2021-07-01,Solar,Photovoltaic,Solar,generation,Solar - Photovoltaic - Solar - Generation
58539,Lake Pleasant WTP,PV,SUN,SUN,,N,2021,EIA923_Schedules_2_3_4_5_M_12_2021_Final_Revision.xlsx,TOT MMBTU JUL,11107,JUL,2021-07-01,Solar,Photovoltaic,Solar,total-fuel-consumed,Solar - Photovoltaic - Solar - Total Fuel Consumed
58539,Lake Pleasant WTP,PV,SUN,SUN,,N,2021,EIA923_Schedules_2_3_4_5_M_12_2021_Final_Revision.xlsx,TOT MMBTU AUG,12311,AUG,2021-08-01,Solar,Photovoltaic,Solar,total-fuel-consumed,Solar - Photovoltaic - Solar - Total Fuel Consumed
58539,Lake Pleasant WTP,PV,SUN,SUN,,N,2021,EIA923_Schedules_2_3_4_5_M_12_2021_Final_Revision.xlsx,NETGEN AUG,1392.001,AUG,2021-08-01,Solar,Photovoltaic,Solar,generation,Solar - Photovoltaic - Solar - Generation
58539,Lake Pleasant WTP,PV,SUN,SUN,,N,2021,EIA923_Schedules_2_3_4_5_M_12_2021_Final_Revision.xlsx,ELEC MMBTU AUG,12311,AUG,2021-08-01,Solar,Photovoltaic,Solar,quantity-consumed-electricity,Solar - Photovoltaic - Solar - Quantity Consumed For Electricity
58539,Lake Pleasant WTP,PV,SUN,SUN,,N,2021,EIA923_Schedules_2_3_4_5_M_12_2021_Final_Revision.xlsx,ELEC MMBTU SEP,10960,SEP,2021-09-01,Solar,Photovoltaic,Solar,quantity-consumed-electricity,Solar - Photovoltaic - Solar - Quantity Consumed For Electricity
58539,Lake Pleasant WTP,PV,SUN,SUN,,N,2021,EIA923_Schedules_2_3_4_5_M_12_2021_Final_Revision.xlsx,TOT MMBTU SEP,10960,SEP,2021-09-01,Solar,Photovoltaic,Solar,total-fuel-consumed,Solar - Photovoltaic - Solar - Total Fuel Consumed
58539,Lake Pleasant WTP,PV,SUN,SUN,,N,2021,EIA923_Schedules_2_3_4_5_M_12_2021_Final_Revision.xlsx,NETGEN SEP,1239.242,SEP,2021-09-01,Solar,Photovoltaic,Solar,generation,Solar - Photovoltaic - Solar - Generation
58539,Lake Pleasant WTP,PV,SUN,SUN,,N,2021,EIA923_Schedules_2_3_4_5_M_12_2021_Final_Revision.xlsx,TOT MMBTU OCT,10444,OCT,2021-10-01,Solar,Photovoltaic,Solar,total-fuel-consumed,Solar - Photovoltaic - Solar - Total Fuel Consumed
58539,Lake Pleasant WTP,PV,SUN,SUN,,N,2021,EIA923_Schedules_2_3_4_5_M_12_2021_Final_Revision.xlsx,ELEC MMBTU OCT,10444,OCT,2021-10-01,Solar,Photovoltaic,Solar,quantity-consumed-electricity,Solar - Photovoltaic - Solar - Quantity Consumed For Electricity
58539,Lake Pleasant WTP,PV,SUN,SUN,,N,2021,EIA923_Schedules_2_3_4_5_M_12_2021_Final_Revision.xlsx,NETGEN OCT,1180.87,OCT,2021-10-01,Solar,Photovoltaic,Solar,generation,Solar - Photovoltaic - Solar - Generation
58539,Lake Pleasant WTP,PV,SUN,SUN,,N,2021,EIA923_Schedules_2_3_4_5_M_12_2021_Final_Revision.xlsx,NETGEN NOV,871.89,NOV,2021-11-01,Solar,Photovoltaic,Solar,generation,Solar - Photovoltaic - Solar - Generation
58539,Lake Pleasant WTP,PV,SUN,SUN,,N,2021,EIA923_Schedules_2_3_4_5_M_12_2021_Final_Revision.xlsx,TOT MMBTU NOV,7711,NOV,2021-11-01,Solar,Photovoltaic,Solar,total-fuel-consumed,Solar - Photovoltaic - Solar - Total Fuel Consumed
58539,Lake Pleasant WTP,PV,SUN,SUN,,N,2021,EIA923_Schedules_2_3_4_5_M_12_2021_Final_Revision.xlsx,ELEC MMBTU NOV,7711,NOV,2021-11-01,Solar,Photovoltaic,Solar,quantity-consumed-electricity,Solar - Photovoltaic - Solar - Quantity Consumed For Electricity
58539,Lake Pleasant WTP,PV,SUN,SUN,,N,2021,EIA923_Schedules_2_3_4_5_M_12_2021_Final_Revision.xlsx,TOT MMBTU DEC,5828,DEC,2021-12-01,Solar,Photovoltaic,Solar,total-fuel-consumed,Solar - Photovoltaic - Solar - Total Fuel Consumed
58539,Lake Pleasant WTP,PV,SUN,SUN,,N,2021,EIA923_Schedules_2_3_4_5_M_12_2021_Final_Revision.xlsx,NETGEN DEC,658.981,DEC,2021-12-01,Solar,Photovoltaic,Solar,generation,Solar - Photovoltaic - Solar - Generation
58539,Lake Pleasant WTP,PV,SUN,SUN,,N,2021,EIA923_Schedules_2_3_4_5_M_12_2021_Final_Revision.xlsx,ELEC MMBTU DEC,5828,DEC,2021-12-01,Solar,Photovoltaic,Solar,quantity-consumed-electricity,Solar - Photovoltaic - Solar - Quantity Consumed For Electricity
58539,Lake Pleasant WTP,PV,SUN,SUN,,N,2022,EIA923_Schedules_2_3_4_5_M_12_2022_Final_Revision.xlsx,TOT MMBTU JAN,3048,JAN,2022-01-01,Solar,Photovoltaic,Solar,total-fuel-consumed,Solar - Photovoltaic - Solar - Total Fuel Consumed
58539,Lake Pleasant WTP,PV,SUN,SUN,,N,2022,EIA923_Schedules_2_3_4_5_M_12_2022_Final_Revision.xlsx,ELEC MMBTU JAN,3048,JAN,2022-01-01,Solar,Photovoltaic,Solar,quantity-consumed-electricity,Solar - Photovoltaic - Solar - Quantity Consumed For Electricity
58539,Lake Pleasant WTP,PV,SUN,SUN,,N,2022,EIA923_Schedules_2_3_4_5_M_12_2022_Final_Revision.xlsx,NETGEN JAN,893.37,JAN,2022-01-01,Solar,Photovoltaic,Solar,generation,Solar - Photovoltaic - Solar - Generation
58539,Lake Pleasant WTP,PV,SUN,SUN,,N,2022,EIA923_Schedules_2_3_4_5_M_12_2022_Final_Revision.xlsx,TOT MMBTU FEB,3519,FEB,2022-02-01,Solar,Photovoltaic,Solar,total-fuel-consumed,Solar - Photovoltaic - Solar - Total Fuel Consumed
58539,Lake Pleasant WTP,PV,SUN,SUN,,N,2022,EIA923_Schedules_2_3_4_5_M_12_2022_Final_Revision.xlsx,ELEC MMBTU FEB,3519,FEB,2022-02-01,Solar,Photovoltaic,Solar,quantity-consumed-electricity,Solar - Photovoltaic - Solar - Quantity Consumed For Electricity
58539,Lake Pleasant WTP,PV,SUN,SUN,,N,2022,EIA923_Schedules_2_3_4_5_M_12_2022_Final_Revision.xlsx,NETGEN FEB,1031.37,FEB,2022-02-01,Solar,Photovoltaic,Solar,generation,Solar - Photovoltaic - Solar - Generation
58539,Lake Pleasant WTP,PV,SUN,SUN,,N,2022,EIA923_Schedules_2_3_4_5_M_12_2022_Final_Revision.xlsx,ELEC MMBTU MAR,4420,MAR,2022-03-01,Solar,Photovoltaic,Solar,quantity-consumed-electricity,Solar - Photovoltaic - Solar - Quantity Consumed For Electricity
58539,Lake Pleasant WTP,PV,SUN,SUN,,N,2022,EIA923_Schedules_2_3_4_5_M_12_2022_Final_Revision.xlsx,NETGEN MAR,1295.334,MAR,2022-03-01,Solar,Photovoltaic,Solar,generation,Solar - Photovoltaic - Solar - Generation
58539,Lake Pleasant WTP,PV,SUN,SUN,,N,2022,EIA923_Schedules_2_3_4_5_M_12_2022_Final_Revision.xlsx,TOT MMBTU MAR,4420,MAR,2022-03-01,Solar,Photovoltaic,Solar,total-fuel-consumed,Solar - Photovoltaic - Solar - Total Fuel Consumed
58539,Lake Pleasant WTP,PV,SUN,SUN,,N,2022,EIA923_Schedules_2_3_4_5_M_12_2022_Final_Revision.xlsx,ELEC MMBTU APR,4966,APR,2022-04-01,Solar,Photovoltaic,Solar,quantity-consumed-electricity,Solar - Photovoltaic - Solar - Quantity Consumed For Electricity
58539,Lake Pleasant WTP,PV,SUN,SUN,,N,2022,EIA923_Schedules_2_3_4_5_M_12_2022_Final_Revision.xlsx,NETGEN APR,1455.486,APR,2022-04-01,Solar,Photovoltaic,Solar,generation,Solar - Photovoltaic - Solar - Generation
58539,Lake Pleasant WTP,PV,SUN,SUN,,N,2022,EIA923_Schedules_2_3_4_5_M_12_2022_Final_Revision.xlsx,TOT MMBTU APR,4966,APR,2022-04-01,Solar,Photovoltaic,Solar,total-fuel-consumed,Solar - Photovoltaic - Solar - Total Fuel Consumed
58539,Lake Pleasant WTP,PV,SUN,SUN,,N,2022,EIA923_Schedules_2_3_4_5_M_12_2022_Final_Revision.xlsx,TOT MMBTU MAY,5752,MAY,2022-05-01,Solar,Photovoltaic,Solar,total-fuel-consumed,Solar - Photovoltaic - Solar - Total Fuel Consumed
58539,Lake Pleasant WTP,PV,SUN,SUN,,N,2022,EIA923_Schedules_2_3_4_5_M_12_2022_Final_Revision.xlsx,NETGEN MAY,1685.961,MAY,2022-05-01,Solar,Photovoltaic,Solar,generation,Solar - Photovoltaic - Solar - Generation
58539,Lake Pleasant WTP,PV,SUN,SUN,,N,2022,EIA923_Schedules_2_3_4_5_M_12_2022_Final_Revision.xlsx,ELEC MMBTU MAY,5752,MAY,2022-05-01,Solar,Photovoltaic,Solar,quantity-consumed-electricity,Solar - Photovoltaic - Solar - Quantity Consumed For Electricity
58539,Lake Pleasant WTP,PV,SUN,SUN,,N,2022,EIA923_Schedules_2_3_4_5_M_12_2022_Final_Revision.xlsx,ELEC MMBTU JUN,5495,JUN,2022-06-01,Solar,Photovoltaic,Solar,quantity-consumed-electricity,Solar - Photovoltaic - Solar - Quantity Consumed For Electricity
58539,Lake Pleasant WTP,PV,SUN,SUN,,N,2022,EIA923_Schedules_2_3_4_5_M_12_2022_Final_Revision.xlsx,NETGEN JUN,1610.395,JUN,2022-06-01,Solar,Photovoltaic,Solar,generation,Solar - Photovoltaic - Solar - Generation
58539,Lake Pleasant WTP,PV,SUN,SUN,,N,2022,EIA923_Schedules_2_3_4_5_M_12_2022_Final_Revision.xlsx,TOT MMBTU JUN,5495,JUN,2022-06-01,Solar,Photovoltaic,Solar,total-fuel-consumed,Solar - Photovoltaic - Solar - Total Fuel Consumed
58539,Lake Pleasant WTP,PV,SUN,SUN,,N,2022,EIA923_Schedules_2_3_4_5_M_12_2022_Final_Revision.xlsx,ELEC MMBTU JUL,4924,JUL,2022-07-01,Solar,Photovoltaic,Solar,quantity-consumed-electricity,Solar - Photovoltaic - Solar - Quantity Consumed For Electricity
58539,Lake Pleasant WTP,PV,SUN,SUN,,N,2022,EIA923_Schedules_2_3_4_5_M_12_2022_Final_Revision.xlsx,NETGEN JUL,1443.256,JUL,2022-07-01,Solar,Photovoltaic,Solar,generation,Solar - Photovoltaic - Solar - Generation
58539,Lake Pleasant WTP,PV,SUN,SUN,,N,2022,EIA923_Schedules_2_3_4_5_M_12_2022_Final_Revision.xlsx,TOT MMBTU JUL,4924,JUL,2022-07-01,Solar,Photovoltaic,Solar,total-fuel-consumed,Solar - Photovoltaic - Solar - Total Fuel Consumed
58539,Lake Pleasant WTP,PV,SUN,SUN,,N,2022,EIA923_Schedules_2_3_4_5_M_12_2022_Final_Revision.xlsx,ELEC MMBTU AUG,4721,AUG,2022-08-01,Solar,Photovoltaic,Solar,quantity-consumed-electricity,Solar - Photovoltaic - Solar - Quantity Consumed For Electricity
58539,Lake Pleasant WTP,PV,SUN,SUN,,N,2022,EIA923_Schedules_2_3_4_5_M_12_2022_Final_Revision.xlsx,NETGEN AUG,1383.508,AUG,2022-08-01,Solar,Photovoltaic,Solar,generation,Solar - Photovoltaic - Solar - Generation
58539,Lake Pleasant WTP,PV,SUN,SUN,,N,2022,EIA923_Schedules_2_3_4_5_M_12_2022_Final_Revision.xlsx,TOT MMBTU AUG,4721,AUG,2022-08-01,Solar,Photovoltaic,Solar,total-fuel-consumed,Solar - Photovoltaic - Solar - Total Fuel Consumed
58539,Lake Pleasant WTP,PV,SUN,SUN,,N,2022,EIA923_Schedules_2_3_4_5_M_12_2022_Final_Revision.xlsx,NETGEN SEP,1274.3,SEP,2022-09-01,Solar,Photovoltaic,Solar,generation,Solar - Photovoltaic - Solar - Generation
58539,Lake Pleasant WTP,PV,SUN,SUN,,N,2022,EIA923_Schedules_2_3_4_5_M_12_2022_Final_Revision.xlsx,TOT MMBTU SEP,4348,SEP,2022-09-01,Solar,Photovoltaic,Solar,total-fuel-consumed,Solar - Photovoltaic - Solar - Total Fuel Consumed
58539,Lake Pleasant WTP,PV,SUN,SUN,,N,2022,EIA923_Schedules_2_3_4_5_M_12_2022_Final_Revision.xlsx,ELEC MMBTU SEP,4348,SEP,2022-09-01,Solar,Photovoltaic,Solar,quantity-consumed-electricity,Solar - Photovoltaic - Solar - Quantity Consumed For Electricity
58539,Lake Pleasant WTP,PV,SUN,SUN,,N,2022,EIA923_Schedules_2_3_4_5_M_12_2022_Final_Revision.xlsx,NETGEN OCT,1245.858,OCT,2022-10-01,Solar,Photovoltaic,Solar,generation,Solar - Photovoltaic - Solar - Generation
58539,Lake Pleasant WTP,PV,SUN,SUN,,N,2022,EIA923_Schedules_2_3_4_5_M_12_2022_Final_Revision.xlsx,ELEC MMBTU OCT,4251,OCT,2022-10-01,Solar,Photovoltaic,Solar,quantity-consumed-electricity,Solar - Photovoltaic - Solar - Quantity Consumed For Electricity
58539,Lake Pleasant WTP,PV,SUN,SUN,,N,2022,EIA923_Schedules_2_3_4_5_M_12_2022_Final_Revision.xlsx,TOT MMBTU OCT,4251,OCT,2022-10-01,Solar,Photovoltaic,Solar,total-fuel-consumed,Solar - Photovoltaic - Solar - Total Fuel Consumed
58539,Lake Pleasant WTP,PV,SUN,SUN,,N,2022,EIA923_Schedules_2_3_4_5_M_12_2022_Final_Revision.xlsx,ELEC MMBTU NOV,3136,NOV,2022-11-01,Solar,Photovoltaic,Solar,quantity-consumed-electricity,Solar - Photovoltaic - Solar - Quantity Consumed For Electricity
58539,Lake Pleasant WTP,PV,SUN,SUN,,N,2022,EIA923_Schedules_2_3_4_5_M_12_2022_Final_Revision.xlsx,TOT MMBTU NOV,3136,NOV,2022-11-01,Solar,Photovoltaic,Solar,total-fuel-consumed,Solar - Photovoltaic - Solar - Total Fuel Consumed
58539,Lake Pleasant WTP,PV,SUN,SUN,,N,2022,EIA923_Schedules_2_3_4_5_M_12_2022_Final_Revision.xlsx,NETGEN NOV,919.056,NOV,2022-11-01,Solar,Photovoltaic,Solar,generation,Solar - Photovoltaic - Solar - Generation
58539,Lake Pleasant WTP,PV,SUN,SUN,,N,2022,EIA923_Schedules_2_3_4_5_M_12_2022_Final_Revision.xlsx,NETGEN DEC,703.106,DEC,2022-12-01,Solar,Photovoltaic,Solar,generation,Solar - Photovoltaic - Solar - Generation
58539,Lake Pleasant WTP,PV,SUN,SUN,,N,2022,EIA923_Schedules_2_3_4_5_M_12_2022_Final_Revision.xlsx,ELEC MMBTU DEC,2399,DEC,2022-12-01,Solar,Photovoltaic,Solar,quantity-consumed-electricity,Solar - Photovoltaic - Solar - Quantity Consumed For Electricity
58539,Lake Pleasant WTP,PV,SUN,SUN,,N,2022,EIA923_Schedules_2_3_4_5_M_12_2022_Final_Revision.xlsx,TOT MMBTU DEC,2399,DEC,2022-12-01,Solar,Photovoltaic,Solar,total-fuel-consumed,Solar - Photovoltaic - Solar - Total Fuel Consumed
58539,Lake Pleasant WTP,PV,SUN,SUN,,N,2023,EIA923_Schedules_2_3_4_5_M_12_2023_Final_Revision.xlsx,NETGEN JAN,731,JAN,2023-01-01,Solar,Photovoltaic,Solar,generation,Solar - Photovoltaic - Solar - Generation
58539,Lake Pleasant WTP,PV,SUN,SUN,,N,2023,EIA923_Schedules_2_3_4_5_M_12_2023_Final_Revision.xlsx,TOT MMBTU JAN,2494,JAN,2023-01-01,Solar,Photovoltaic,Solar,total-fuel-consumed,Solar - Photovoltaic - Solar - Total Fuel Consumed
58539,Lake Pleasant WTP,PV,SUN,SUN,,N,2023,EIA923_Schedules_2_3_4_5_M_12_2023_Final_Revision.xlsx,ELEC MMBTU JAN,2494,JAN,2023-01-01,Solar,Photovoltaic,Solar,quantity-consumed-electricity,Solar - Photovoltaic - Solar - Quantity Consumed For Electricity
58539,Lake Pleasant WTP,PV,SUN,SUN,,N,2023,EIA923_Schedules_2_3_4_5_M_12_2023_Final_Revision.xlsx,ELEC MMBTU FEB,3190,FEB,2023-02-01,Solar,Photovoltaic,Solar,quantity-consumed-electricity,Solar - Photovoltaic - Solar - Quantity Consumed For Electricity
58539,Lake Pleasant WTP,PV,SUN,SUN,,N,2023,EIA923_Schedules_2_3_4_5_M_12_2023_Final_Revision.xlsx,TOT MMBTU FEB,3190,FEB,2023-02-01,Solar,Photovoltaic,Solar,total-fuel-consumed,Solar - Photovoltaic - Solar - Total Fuel Consumed
58539,Lake Pleasant WTP,PV,SUN,SUN,,N,2023,EIA923_Schedules_2_3_4_5_M_12_2023_Final_Revision.xlsx,NETGEN FEB,935,FEB,2023-02-01,Solar,Photovoltaic,Solar,generation,Solar - Photovoltaic - Solar - Generation
58539,Lake Pleasant WTP,PV,SUN,SUN,,N,2023,EIA923_Schedules_2_3_4_5_M_12_2023_Final_Revision.xlsx,ELEC MMBTU MAR,3948,MAR,2023-03-01,Solar,Photovoltaic,Solar,quantity-consumed-electricity,Solar - Photovoltaic - Solar - Quantity Consumed For Electricity
58539,Lake Pleasant WTP,PV,SUN,SUN,,N,2023,EIA923_Schedules_2_3_4_5_M_12_2023_Final_Revision.xlsx,TOT MMBTU MAR,3948,MAR,2023-03-01,Solar,Photovoltaic,Solar,total-fuel-consumed,Solar - Photovoltaic - Solar - Total Fuel Consumed
58539,Lake Pleasant WTP,PV,SUN,SUN,,N,2023,EIA923_Schedules_2_3_4_5_M_12_2023_Final_Revision.xlsx,NETGEN MAR,1157,MAR,2023-03-01,Solar,Photovoltaic,Solar,generation,Solar - Photovoltaic - Solar - Generation
58539,Lake Pleasant WTP,PV,SUN,SUN,,N,2023,EIA923_Schedules_2_3_4_5_M_12_2023_Final_Revision.xlsx,NETGEN APR,1590,APR,2023-04-01,Solar,Photovoltaic,Solar,generation,Solar - Photovoltaic - Solar - Generation
58539,Lake Pleasant WTP,PV,SUN,SUN,,N,2023,EIA923_Schedules_2_3_4_5_M_12_2023_Final_Revision.xlsx,ELEC MMBTU APR,5425,APR,2023-04-01,Solar,Photovoltaic,Solar,quantity-consumed-electricity,Solar - Photovoltaic - Solar - Quantity Consumed For Electricity
58539,Lake Pleasant WTP,PV,SUN,SUN,,N,2023,EIA923_Schedules_2_3_4_5_M_12_2023_Final_Revision.xlsx,TOT MMBTU APR,5425,APR,2023-04-01,Solar,Photovoltaic,Solar,total-fuel-consumed,Solar - Photovoltaic - Solar - Total Fuel Consumed
58539,Lake Pleasant WTP,PV,SUN,SUN,,N,2023,EIA923_Schedules_2_3_4_5_M_12_2023_Final_Revision.xlsx,TOT MMBTU MAY,5930,MAY,2023-05-01,Solar,Photovoltaic,Solar,total-fuel-consumed,Solar - Photovoltaic - Solar - Total Fuel Consumed
58539,Lake Pleasant WTP,PV,SUN,SUN,,N,2023,EIA923_Schedules_2_3_4_5_M_12_2023_Final_Revision.xlsx,NETGEN MAY,1738,MAY,2023-05-01,Solar,Photovoltaic,Solar,generation,Solar - Photovoltaic - Solar - Generation
58539,Lake Pleasant WTP,PV,SUN,SUN,,N,2023,EIA923_Schedules_2_3_4_5_M_12_2023_Final_Revision.xlsx,ELEC MMBTU MAY,5930,MAY,2023-05-01,Solar,Photovoltaic,Solar,quantity-consumed-electricity,Solar - Photovoltaic - Solar - Quantity Consumed For Electricity
58539,Lake Pleasant WTP,PV,SUN,SUN,,N,2023,EIA923_Schedules_2_3_4_5_M_12_2023_Final_Revision.xlsx,TOT MMBTU JUN,5971,JUN,2023-06-01,Solar,Photovoltaic,Solar,total-fuel-consumed,Solar - Photovoltaic - Solar - Total Fuel Consumed
58539,Lake Pleasant WTP,PV,SUN,SUN,,N,2023,EIA923_Schedules_2_3_4_5_M_12_2023_Final_Revision.xlsx,ELEC MMBTU JUN,5971,JUN,2023-06-01,Solar,Photovoltaic,Solar,quantity-consumed-electricity,Solar - Photovoltaic - Solar - Quantity Consumed For Electricity
58539,Lake Pleasant WTP,PV,SUN,SUN,,N,2023,EIA923_Schedules_2_3_4_5_M_12_2023_Final_Revision.xlsx,NETGEN JUN,1750,JUN,2023-06-01,Solar,Photovoltaic,Solar,generation,Solar - Photovoltaic - Solar - Generation
58539,Lake Pleasant WTP,PV,SUN,SUN,,N,2023,EIA923_Schedules_2_3_4_5_M_12_2023_Final_Revision.xlsx,ELEC MMBTU JUL,5162,JUL,2023-07-01,Solar,Photovoltaic,Solar,quantity-consumed-electricity,Solar - Photovoltaic - Solar - Quantity Consumed For Electricity
58539,Lake Pleasant WTP,PV,SUN,SUN,,N,2023,EIA923_Schedules_2_3_4_5_M_12_2023_Final_Revision.xlsx,TOT MMBTU JUL,5162,JUL,2023-07-01,Solar,Photovoltaic,Solar,total-fuel-consumed,Solar - Photovoltaic - Solar - Total Fuel Consumed
58539,Lake Pleasant WTP,PV,SUN,SUN,,N,2023,EIA923_Schedules_2_3_4_5_M_12_2023_Final_Revision.xlsx,NETGEN JUL,1513,JUL,2023-07-01,Solar,Photovoltaic,Solar,generation,Solar - Photovoltaic - Solar - Generation
58539,Lake Pleasant WTP,PV,SUN,SUN,,N,2023,EIA923_Schedules_2_3_4_5_M_12_2023_Final_Revision.xlsx,ELEC MMBTU AUG,4627,AUG,2023-08-01,Solar,Photovoltaic,Solar,quantity-consumed-electricity,Solar - Photovoltaic - Solar - Quantity Consumed For Electricity
58539,Lake Pleasant WTP,PV,SUN,SUN,,N,2023,EIA923_Schedules_2_3_4_5_M_12_2023_Final_Revision.xlsx,TOT MMBTU AUG,4627,AUG,2023-08-01,Solar,Photovoltaic,Solar,total-fuel-consumed,Solar - Photovoltaic - Solar - Total Fuel Consumed
58539,Lake Pleasant WTP,PV,SUN,SUN,,N,2023,EIA923_Schedules_2_3_4_5_M_12_2023_Final_Revision.xlsx,NETGEN AUG,1356,AUG,2023-08-01,Solar,Photovoltaic,Solar,generation,Solar - Photovoltaic - Solar - Generation
58539,Lake Pleasant WTP,PV,SUN,SUN,,N,2023,EIA923_Schedules_2_3_4_5_M_12_2023_Final_Revision.xlsx,TOT MMBTU SEP,3910,SEP,2023-09-01,Solar,Photovoltaic,Solar,total-fuel-consumed,Solar - Photovoltaic - Solar - Total Fuel Consumed
58539,Lake Pleasant WTP,PV,SUN,SUN,,N,2023,EIA923_Schedules_2_3_4_5_M_12_2023_Final_Revision.xlsx,ELEC MMBTU SEP,3910,SEP,2023-09-01,Solar,Photovoltaic,Solar,quantity-consumed-electricity,Solar - Photovoltaic - Solar - Quantity Consumed For Electricity
58539,Lake Pleasant WTP,PV,SUN,SUN,,N,2023,EIA923_Schedules_2_3_4_5_M_12_2023_Final_Revision.xlsx,NETGEN SEP,1146,SEP,2023-09-01,Solar,Photovoltaic,Solar,generation,Solar - Photovoltaic - Solar - Generation
58539,Lake Pleasant WTP,PV,SUN,SUN,,N,2023,EIA923_Schedules_2_3_4_5_M_12_2023_Final_Revision.xlsx,NETGEN OCT,1063,OCT,2023-10-01,Solar,Photovoltaic,Solar,generation,Solar - Photovoltaic - Solar - Generation
58539,Lake Pleasant WTP,PV,SUN,SUN,,N,2023,EIA923_Schedules_2_3_4_5_M_12_2023_Final_Revision.xlsx,ELEC MMBTU OCT,3627,OCT,2023-10-01,Solar,Photovoltaic,Solar,quantity-consumed-electricity,Solar - Photovoltaic - Solar - Quantity Consumed For Electricity
58539,Lake Pleasant WTP,PV,SUN,SUN,,N,2023,EIA923_Schedules_2_3_4_5_M_12_2023_Final_Revision.xlsx,TOT MMBTU OCT,3627,OCT,2023-10-01,Solar,Photovoltaic,Solar,total-fuel-consumed,Solar - Photovoltaic - Solar - Total Fuel Consumed
58539,Lake Pleasant WTP,PV,SUN,SUN,,N,2023,EIA923_Schedules_2_3_4_5_M_12_2023_Final_Revision.xlsx,TOT MMBTU NOV,2528,NOV,2023-11-01,Solar,Photovoltaic,Solar,total-fuel-consumed,Solar - Photovoltaic - Solar - Total Fuel Consumed
58539,Lake Pleasant WTP,PV,SUN,SUN,,N,2023,EIA923_Schedules_2_3_4_5_M_12_2023_Final_Revision.xlsx,ELEC MMBTU NOV,2528,NOV,2023-11-01,Solar,Photovoltaic,Solar,quantity-consumed-electricity,Solar - Photovoltaic - Solar - Quantity Consumed For Electricity
58539,Lake Pleasant WTP,PV,SUN,SUN,,N,2023,EIA923_Schedules_2_3_4_5_M_12_2023_Final_Revision.xlsx,NETGEN NOV,741,NOV,2023-11-01,Solar,Photovoltaic,Solar,generation,Solar - Photovoltaic - Solar - Generation
58539,Lake Pleasant WTP,PV,SUN,SUN,,N,2023,EIA923_Schedules_2_3_4_5_M_12_2023_Final_Revision.xlsx,NETGEN DEC,670,DEC,2023-12-01,Solar,Photovoltaic,Solar,generation,Solar - Photovoltaic - Solar - Generation
58539,Lake Pleasant WTP,PV,SUN,SUN,,N,2023,EIA923_Schedules_2_3_4_5_M_12_2023_Final_Revision.xlsx,TOT MMBTU DEC,2286,DEC,2023-12-01,Solar,Photovoltaic,Solar,total-fuel-consumed,Solar - Photovoltaic - Solar - Total Fuel Consumed
58539,Lake Pleasant WTP,PV,SUN,SUN,,N,2023,EIA923_Schedules_2_3_4_5_M_12_2023_Final_Revision.xlsx,ELEC MMBTU DEC,2286,DEC,2023-12-01,Solar,Photovoltaic,Solar,quantity-consumed-electricity,Solar - Photovoltaic - Solar - Quantity Consumed For Electricity
58539,Lake Pleasant WTP,PV,SUN,SUN,,N,2024,EIA923_Schedules_2_3_4_5_M_12_2024_Final.xlsx,ELEC MMBTU JAN,2187,JAN,2024-01-01,Solar,Photovoltaic,Solar,quantity-consumed-electricity,Solar - Photovoltaic - Solar - Quantity Consumed For Electricity
58539,Lake Pleasant WTP,PV,SUN,SUN,,N,2024,EIA923_Schedules_2_3_4_5_M_12_2024_Final.xlsx,TOT MMBTU JAN,2187,JAN,2024-01-01,Solar,Photovoltaic,Solar,total-fuel-consumed,Solar - Photovoltaic - Solar - Total Fuel Consumed
58539,Lake Pleasant WTP,PV,SUN,SUN,,N,2024,EIA923_Schedules_2_3_4_5_M_12_2024_Final.xlsx,NETGEN JAN,641,JAN,2024-01-01,Solar,Photovoltaic,Solar,generation,Solar - Photovoltaic - Solar - Generation
58539,Lake Pleasant WTP,PV,SUN,SUN,,N,2024,EIA923_Schedules_2_3_4_5_M_12_2024_Final.xlsx,NETGEN FEB,764,FEB,2024-02-01,Solar,Photovoltaic,Solar,generation,Solar - Photovoltaic - Solar - Generation
58539,Lake Pleasant WTP,PV,SUN,SUN,,N,2024,EIA923_Schedules_2_3_4_5_M_12_2024_Final.xlsx,ELEC MMBTU FEB,2607,FEB,2024-02-01,Solar,Photovoltaic,Solar,quantity-consumed-electricity,Solar - Photovoltaic - Solar - Quantity Consumed For Electricity
58539,Lake Pleasant WTP,PV,SUN,SUN,,N,2024,EIA923_Schedules_2_3_4_5_M_12_2024_Final.xlsx,TOT MMBTU FEB,2607,FEB,2024-02-01,Solar,Photovoltaic,Solar,total-fuel-consumed,Solar - Photovoltaic - Solar - Total Fuel Consumed
58539,Lake Pleasant WTP,PV,SUN,SUN,,N,2024,EIA923_Schedules_2_3_4_5_M_12_2024_Final.xlsx,TOT MMBTU MAR,3576,MAR,2024-03-01,Solar,Photovoltaic,Solar,total-fuel-consumed,Solar - Photovoltaic - Solar - Total Fuel Consumed
58539,Lake Pleasant WTP,PV,SUN,SUN,,N,2024,EIA923_Schedules_2_3_4_5_M_12_2024_Final.xlsx,ELEC MMBTU MAR,3576,MAR,2024-03-01,Solar,Photovoltaic,Solar,quantity-consumed-electricity,Solar - Photovoltaic - Solar - Quantity Consumed For Electricity
58539,Lake Pleasant WTP,PV,SUN,SUN,,N,2024,EIA923_Schedules_2_3_4_5_M_12_2024_Final.xlsx,NETGEN MAR,1048,MAR,2024-03-01,Solar,Photovoltaic,Solar,generation,Solar - Photovoltaic - Solar - Generation
58539,Lake Pleasant WTP,PV,SUN,SUN,,N,2024,EIA923_Schedules_2_3_4_5_M_12_2024_Final.xlsx,ELEC MMBTU APR,4026,APR,2024-04-01,Solar,Photovoltaic,Solar,quantity-consumed-electricity,Solar - Photovoltaic - Solar - Quantity Consumed For Electricity
58539,Lake Pleasant WTP,PV,SUN,SUN,,N,2024,EIA923_Schedules_2_3_4_5_M_12_2024_Final.xlsx,NETGEN APR,1180,APR,2024-04-01,Solar,Photovoltaic,Solar,generation,Solar - Photovoltaic - Solar - Generation
58539,Lake Pleasant WTP,PV,SUN,SUN,,N,2024,EIA923_Schedules_2_3_4_5_M_12_2024_Final.xlsx,TOT MMBTU APR,4026,APR,2024-04-01,Solar,Photovoltaic,Solar,total-fuel-consumed,Solar - Photovoltaic - Solar - Total Fuel Consumed
58539,Lake Pleasant WTP,PV,SUN,SUN,,N,2024,EIA923_Schedules_2_3_4_5_M_12_2024_Final.xlsx,NETGEN MAY,1339,MAY,2024-05-01,Solar,Photovoltaic,Solar,generation,Solar - Photovoltaic - Solar - Generation
58539,Lake Pleasant WTP,PV,SUN,SUN,,N,2024,EIA923_Schedules_2_3_4_5_M_12_2024_Final.xlsx,TOT MMBTU MAY,4569,MAY,2024-05-01,Solar,Photovoltaic,Solar,total-fuel-consumed,Solar - Photovoltaic - Solar - Total Fuel Consumed
58539,Lake Pleasant WTP,PV,SUN,SUN,,N,2024,EIA923_Schedules_2_3_4_5_M_12_2024_Final.xlsx,ELEC MMBTU MAY,4569,MAY,2024-05-01,Solar,Photovoltaic,Solar,quantity-consumed-electricity,Solar - Photovoltaic - Solar - Quantity Consumed For Electricity
58539,Lake Pleasant WTP,PV,SUN,SUN,,N,2024,EIA923_Schedules_2_3_4_5_M_12_2024_Final.xlsx,TOT MMBTU JUN,4245,JUN,2024-06-01,Solar,Photovoltaic,Solar,total-fuel-consumed,Solar - Photovoltaic - Solar - Total Fuel Consumed
58539,Lake Pleasant WTP,PV,SUN,SUN,,N,2024,EIA923_Schedules_2_3_4_5_M_12_2024_Final.xlsx,NETGEN JUN,1244,JUN,2024-06-01,Solar,Photovoltaic,Solar,generation,Solar - Photovoltaic - Solar - Generation
58539,Lake Pleasant WTP,PV,SUN,SUN,,N,2024,EIA923_Schedules_2_3_4_5_M_12_2024_Final.xlsx,ELEC MMBTU JUN,4245,JUN,2024-06-01,Solar,Photovoltaic,Solar,quantity-consumed-electricity,Solar - Photovoltaic - Solar - Quantity Consumed For Electricity
58539,Lake Pleasant WTP,PV,SUN,SUN,,N,2024,EIA923_Schedules_2_3_4_5_M_12_2024_Final.xlsx,ELEC MMBTU JUL,4715,JUL,2024-07-01,Solar,Photovoltaic,Solar,quantity-consumed-electricity,Solar - Photovoltaic - Solar - Quantity Consumed For Electricity
58539,Lake Pleasant WTP,PV,SUN,SUN,,N,2024,EIA923_Schedules_2_3_4_5_M_12_2024_Final.xlsx,TOT MMBTU JUL,4715,JUL,2024-07-01,Solar,Photovoltaic,Solar,total-fuel-consumed,Solar - Photovoltaic - Solar - Total Fuel Consumed
58539,Lake Pleasant WTP,PV,SUN,SUN,,N,2024,EIA923_Schedules_2_3_4_5_M_12_2024_Final.xlsx,NETGEN JUL,1382,JUL,2024-07-01,Solar,Photovoltaic,Solar,generation,Solar - Photovoltaic - Solar - Generation
58539,Lake Pleasant WTP,PV,SUN,SUN,,N,2024,EIA923_Schedules_2_3_4_5_M_12_2024_Final.xlsx,TOT MMBTU AUG,4569,AUG,2024-08-01,Solar,Photovoltaic,Solar,total-fuel-consumed,Solar - Photovoltaic - Solar - Total Fuel Consumed
58539,Lake Pleasant WTP,PV,SUN,SUN,,N,2024,EIA923_Schedules_2_3_4_5_M_12_2024_Final.xlsx,ELEC MMBTU AUG,4569,AUG,2024-08-01,Solar,Photovoltaic,Solar,quantity-consumed-electricity,Solar - Photovoltaic - Solar - Quantity Consumed For Electricity
58539,Lake Pleasant WTP,PV,SUN,SUN,,N,2024,EIA923_Schedules_2_3_4_5_M_12_2024_Final.xlsx,NETGEN AUG,1339,AUG,2024-08-01,Solar,Photovoltaic,Solar,generation,Solar - Photovoltaic - Solar - Generation
58539,Lake Pleasant WTP,PV,SUN,SUN,,N,2024,EIA923_Schedules_2_3_4_5_M_12_2024_Final.xlsx,ELEC MMBTU SEP,4381,SEP,2024-09-01,Solar,Photovoltaic,Solar,quantity-consumed-electricity,Solar - Photovoltaic - Solar - Quantity Consumed For Electricity
58539,Lake Pleasant WTP,PV,SUN,SUN,,N,2024,EIA923_Schedules_2_3_4_5_M_12_2024_Final.xlsx,NETGEN SEP,1284,SEP,2024-09-01,Solar,Photovoltaic,Solar,generation,Solar - Photovoltaic - Solar - Generation
58539,Lake Pleasant WTP,PV,SUN,SUN,,N,2024,EIA923_Schedules_2_3_4_5_M_12_2024_Final.xlsx,TOT MMBTU SEP,4381,SEP,2024-09-01,Solar,Photovoltaic,Solar,total-fuel-consumed,Solar - Photovoltaic - Solar - Total Fuel Consumed
58539,Lake Pleasant WTP,PV,SUN,SUN,,N,2024,EIA923_Schedules_2_3_4_5_M_12_2024_Final.xlsx,ELEC MMBTU OCT,3746,OCT,2024-10-01,Solar,Photovoltaic,Solar,quantity-consumed-electricity,Solar - Photovoltaic - Solar - Quantity Consumed For Electricity
58539,Lake Pleasant WTP,PV,SUN,SUN,,N,2024,EIA923_Schedules_2_3_4_5_M_12_2024_Final.xlsx,NETGEN OCT,1098,OCT,2024-10-01,Solar,Photovoltaic,Solar,generation,Solar - Photovoltaic - Solar - Generation
58539,Lake Pleasant WTP,PV,SUN,SUN,,N,2024,EIA923_Schedules_2_3_4_5_M_12_2024_Final.xlsx,TOT MMBTU OCT,3746,OCT,2024-10-01,Solar,Photovoltaic,Solar,total-fuel-consumed,Solar - Photovoltaic - Solar - Total Fuel Consumed
58539,Lake Pleasant WTP,PV,SUN,SUN,,N,2024,EIA923_Schedules_2_3_4_5_M_12_2024_Final.xlsx,NETGEN NOV,893,NOV,2024-11-01,Solar,Photovoltaic,Solar,generation,Solar - Photovoltaic - Solar - Generation
58539,Lake Pleasant WTP,PV,SUN,SUN,,N,2024,EIA923_Schedules_2_3_4_5_M_12_2024_Final.xlsx,TOT MMBTU NOV,3047,NOV,2024-11-01,Solar,Photovoltaic,Solar,total-fuel-consumed,Solar - Photovoltaic - Solar - Total Fuel Consumed
58539,Lake Pleasant WTP,PV,SUN,SUN,,N,2024,EIA923_Schedules_2_3_4_5_M_12_2024_Final.xlsx,ELEC MMBTU NOV,3047,NOV,2024-11-01,Solar,Photovoltaic,Solar,quantity-consumed-electricity,Solar - Photovoltaic - Solar - Quantity Consumed For Electricity
58539,Lake Pleasant WTP,PV,SUN,SUN,,N,2024,EIA923_Schedules_2_3_4_5_M_12_2024_Final.xlsx,NETGEN DEC,736,DEC,2024-12-01,Solar,Photovoltaic,Solar,generation,Solar - Photovoltaic - Solar - Generation
58539,Lake Pleasant WTP,PV,SUN,SUN,,N,2024,EIA923_Schedules_2_3_4_5_M_12_2024_Final.xlsx,TOT MMBTU DEC,2511,DEC,2024-12-01,Solar,Photovoltaic,Solar,total-fuel-consumed,Solar - Photovoltaic - Solar - Total Fuel Consumed
58539,Lake Pleasant WTP,PV,SUN,SUN,,N,2024,EIA923_Schedules_2_3_4_5_M_12_2024_Final.xlsx,ELEC MMBTU DEC,2511,DEC,2024-12-01,Solar,Photovoltaic,Solar,quantity-consumed-electricity,Solar - Photovoltaic - Solar - Quantity Consumed For Electricity
