PLANT ID,PLANT NAME,REPORTED PRIME MOVER,REPORTED FUEL TYPE CODE,MER FUEL TYPE CODE,NUCLEAR UNIT ID,COMBINED HEAT AND POWER PLANT,YEAR,file,variable,value,MONTH,period,energy_type,prime_mover_type,mer_type,common_name,sensor_name
58915,Copper Mountain Solar 3,PV,SUN,SUN,,N,2014,EIA923_Schedules_2_3_4_5_M_12_2014_Final_Revision.xlsx,NETGEN MAY,3789,MAY,2014-05-01,Solar,Photovoltaic,Solar,generation,Solar - Photovoltaic - Solar - Generation
58915,Copper Mountain Solar 3,PV,SUN,SUN,,N,2014,EIA923_Schedules_2_3_4_5_M_12_2014_Final_Revision.xlsx,ELEC MMBTU MAY,36033,MAY,2014-05-01,Solar,Photovoltaic,Solar,quantity-consumed-electricity,Solar - Photovoltaic - Solar - Quantity Consumed For Electricity
58915,Copper Mountain Solar 3,PV,SUN,SUN,,N,2014,EIA923_Schedules_2_3_4_5_M_12_2014_Final_Revision.xlsx,TOT MMBTU MAY,36033,MAY,2014-05-01,Solar,Photovoltaic,Solar,total-fuel-consumed,Solar - Photovoltaic - Solar - Total Fuel Consumed
58915,Copper Mountain Solar 3,PV,SUN,SUN,,N,2014,EIA923_Schedules_2_3_4_5_M_12_2014_Final_Revision.xlsx,ELEC MMBTU JUN,104895,JUN,2014-06-01,Solar,Photovoltaic,Solar,quantity-consumed-electricity,Solar - Photovoltaic - Solar - Quantity Consumed For Electricity
58915,Copper Mountain Solar 3,PV,SUN,SUN,,N,2014,EIA923_Schedules_2_3_4_5_M_12_2014_Final_Revision.xlsx,TOT MMBTU JUN,104895,JUN,2014-06-01,Solar,Photovoltaic,Solar,total-fuel-consumed,Solar - Photovoltaic - Solar - Total Fuel Consumed
58915,Copper Mountain Solar 3,PV,SUN,SUN,,N,2014,EIA923_Schedules_2_3_4_5_M_12_2014_Final_Revision.xlsx,NETGEN JUN,11030,JUN,2014-06-01,Solar,Photovoltaic,Solar,generation,Solar - Photovoltaic - Solar - Generation
58915,Copper Mountain Solar 3,PV,SUN,SUN,,N,2014,EIA923_Schedules_2_3_4_5_M_12_2014_Final_Revision.xlsx,ELEC MMBTU JUL,140111,JUL,2014-07-01,Solar,Photovoltaic,Solar,quantity-consumed-electricity,Solar - Photovoltaic - Solar - Quantity Consumed For Electricity
58915,Copper Mountain Solar 3,PV,SUN,SUN,,N,2014,EIA923_Schedules_2_3_4_5_M_12_2014_Final_Revision.xlsx,TOT MMBTU JUL,140111,JUL,2014-07-01,Solar,Photovoltaic,Solar,total-fuel-consumed,Solar - Photovoltaic - Solar - Total Fuel Consumed
58915,Copper Mountain Solar 3,PV,SUN,SUN,,N,2014,EIA923_Schedules_2_3_4_5_M_12_2014_Final_Revision.xlsx,NETGEN JUL,14733,JUL,2014-07-01,Solar,Photovoltaic,Solar,generation,Solar - Photovoltaic - Solar - Generation
58915,Copper Mountain Solar 3,PV,SUN,SUN,,N,2014,EIA923_Schedules_2_3_4_5_M_12_2014_Final_Revision.xlsx,ELEC MMBTU AUG,190438,AUG,2014-08-01,Solar,Photovoltaic,Solar,quantity-consumed-electricity,Solar - Photovoltaic - Solar - Quantity Consumed For Electricity
58915,Copper Mountain Solar 3,PV,SUN,SUN,,N,2014,EIA923_Schedules_2_3_4_5_M_12_2014_Final_Revision.xlsx,TOT MMBTU AUG,190438,AUG,2014-08-01,Solar,Photovoltaic,Solar,total-fuel-consumed,Solar - Photovoltaic - Solar - Total Fuel Consumed
58915,Copper Mountain Solar 3,PV,SUN,SUN,,N,2014,EIA923_Schedules_2_3_4_5_M_12_2014_Final_Revision.xlsx,NETGEN AUG,20025,AUG,2014-08-01,Solar,Photovoltaic,Solar,generation,Solar - Photovoltaic - Solar - Generation
58915,Copper Mountain Solar 3,PV,SUN,SUN,,N,2014,EIA923_Schedules_2_3_4_5_M_12_2014_Final_Revision.xlsx,ELEC MMBTU SEP,220185,SEP,2014-09-01,Solar,Photovoltaic,Solar,quantity-consumed-electricity,Solar - Photovoltaic - Solar - Quantity Consumed For Electricity
58915,Copper Mountain Solar 3,PV,SUN,SUN,,N,2014,EIA923_Schedules_2_3_4_5_M_12_2014_Final_Revision.xlsx,NETGEN SEP,23153,SEP,2014-09-01,Solar,Photovoltaic,Solar,generation,Solar - Photovoltaic - Solar - Generation
58915,Copper Mountain Solar 3,PV,SUN,SUN,,N,2014,EIA923_Schedules_2_3_4_5_M_12_2014_Final_Revision.xlsx,TOT MMBTU SEP,220185,SEP,2014-09-01,Solar,Photovoltaic,Solar,total-fuel-consumed,Solar - Photovoltaic - Solar - Total Fuel Consumed
58915,Copper Mountain Solar 3,PV,SUN,SUN,,N,2014,EIA923_Schedules_2_3_4_5_M_12_2014_Final_Revision.xlsx,TOT MMBTU OCT,289770,OCT,2014-10-01,Solar,Photovoltaic,Solar,total-fuel-consumed,Solar - Photovoltaic - Solar - Total Fuel Consumed
58915,Copper Mountain Solar 3,PV,SUN,SUN,,N,2014,EIA923_Schedules_2_3_4_5_M_12_2014_Final_Revision.xlsx,ELEC MMBTU OCT,289770,OCT,2014-10-01,Solar,Photovoltaic,Solar,quantity-consumed-electricity,Solar - Photovoltaic - Solar - Quantity Consumed For Electricity
58915,Copper Mountain Solar 3,PV,SUN,SUN,,N,2014,EIA923_Schedules_2_3_4_5_M_12_2014_Final_Revision.xlsx,NETGEN OCT,30470,OCT,2014-10-01,Solar,Photovoltaic,Solar,generation,Solar - Photovoltaic - Solar - Generation
58915,Copper Mountain Solar 3,PV,SUN,SUN,,N,2014,EIA923_Schedules_2_3_4_5_M_12_2014_Final_Revision.xlsx,ELEC MMBTU NOV,282171,NOV,2014-11-01,Solar,Photovoltaic,Solar,quantity-consumed-electricity,Solar - Photovoltaic - Solar - Quantity Consumed For Electricity
58915,Copper Mountain Solar 3,PV,SUN,SUN,,N,2014,EIA923_Schedules_2_3_4_5_M_12_2014_Final_Revision.xlsx,TOT MMBTU NOV,282171,NOV,2014-11-01,Solar,Photovoltaic,Solar,total-fuel-consumed,Solar - Photovoltaic - Solar - Total Fuel Consumed
58915,Copper Mountain Solar 3,PV,SUN,SUN,,N,2014,EIA923_Schedules_2_3_4_5_M_12_2014_Final_Revision.xlsx,NETGEN NOV,29671,NOV,2014-11-01,Solar,Photovoltaic,Solar,generation,Solar - Photovoltaic - Solar - Generation
58915,Copper Mountain Solar 3,PV,SUN,SUN,,N,2014,EIA923_Schedules_2_3_4_5_M_12_2014_Final_Revision.xlsx,TOT MMBTU DEC,213186,DEC,2014-12-01,Solar,Photovoltaic,Solar,total-fuel-consumed,Solar - Photovoltaic - Solar - Total Fuel Consumed
58915,Copper Mountain Solar 3,PV,SUN,SUN,,N,2014,EIA923_Schedules_2_3_4_5_M_12_2014_Final_Revision.xlsx,ELEC MMBTU DEC,213186,DEC,2014-12-01,Solar,Photovoltaic,Solar,quantity-consumed-electricity,Solar - Photovoltaic - Solar - Quantity Consumed For Electricity
58915,Copper Mountain Solar 3,PV,SUN,SUN,,N,2014,EIA923_Schedules_2_3_4_5_M_12_2014_Final_Revision.xlsx,NETGEN DEC,22417,DEC,2014-12-01,Solar,Photovoltaic,Solar,generation,Solar - Photovoltaic - Solar - Generation
58915,Copper Mountain Solar 3,PV,SUN,SUN,,N,2015,EIA923_Schedules_2_3_4_5_M_12_2015_Final_Revision.xlsx,NETGEN JAN,33165,JAN,2015-01-01,Solar,Photovoltaic,Solar,generation,Solar - Photovoltaic - Solar - Generation
58915,Copper Mountain Solar 3,PV,SUN,SUN,,N,2015,EIA923_Schedules_2_3_4_5_M_12_2015_Final_Revision.xlsx,ELEC MMBTU JAN,309065,JAN,2015-01-01,Solar,Photovoltaic,Solar,quantity-consumed-electricity,Solar - Photovoltaic - Solar - Quantity Consumed For Electricity
58915,Copper Mountain Solar 3,PV,SUN,SUN,,N,2015,EIA923_Schedules_2_3_4_5_M_12_2015_Final_Revision.xlsx,TOT MMBTU JAN,309065,JAN,2015-01-01,Solar,Photovoltaic,Solar,total-fuel-consumed,Solar - Photovoltaic - Solar - Total Fuel Consumed
58915,Copper Mountain Solar 3,PV,SUN,SUN,,N,2015,EIA923_Schedules_2_3_4_5_M_12_2015_Final_Revision.xlsx,ELEC MMBTU FEB,423213,FEB,2015-02-01,Solar,Photovoltaic,Solar,quantity-consumed-electricity,Solar - Photovoltaic - Solar - Quantity Consumed For Electricity
58915,Copper Mountain Solar 3,PV,SUN,SUN,,N,2015,EIA923_Schedules_2_3_4_5_M_12_2015_Final_Revision.xlsx,NETGEN FEB,45414,FEB,2015-02-01,Solar,Photovoltaic,Solar,generation,Solar - Photovoltaic - Solar - Generation
58915,Copper Mountain Solar 3,PV,SUN,SUN,,N,2015,EIA923_Schedules_2_3_4_5_M_12_2015_Final_Revision.xlsx,TOT MMBTU FEB,423213,FEB,2015-02-01,Solar,Photovoltaic,Solar,total-fuel-consumed,Solar - Photovoltaic - Solar - Total Fuel Consumed
58915,Copper Mountain Solar 3,PV,SUN,SUN,,N,2015,EIA923_Schedules_2_3_4_5_M_12_2015_Final_Revision.xlsx,NETGEN MAR,55583,MAR,2015-03-01,Solar,Photovoltaic,Solar,generation,Solar - Photovoltaic - Solar - Generation
58915,Copper Mountain Solar 3,PV,SUN,SUN,,N,2015,EIA923_Schedules_2_3_4_5_M_12_2015_Final_Revision.xlsx,ELEC MMBTU MAR,517978,MAR,2015-03-01,Solar,Photovoltaic,Solar,quantity-consumed-electricity,Solar - Photovoltaic - Solar - Quantity Consumed For Electricity
58915,Copper Mountain Solar 3,PV,SUN,SUN,,N,2015,EIA923_Schedules_2_3_4_5_M_12_2015_Final_Revision.xlsx,TOT MMBTU MAR,517978,MAR,2015-03-01,Solar,Photovoltaic,Solar,total-fuel-consumed,Solar - Photovoltaic - Solar - Total Fuel Consumed
58915,Copper Mountain Solar 3,PV,SUN,SUN,,N,2015,EIA923_Schedules_2_3_4_5_M_12_2015_Final_Revision.xlsx,ELEC MMBTU APR,567108,APR,2015-04-01,Solar,Photovoltaic,Solar,quantity-consumed-electricity,Solar - Photovoltaic - Solar - Quantity Consumed For Electricity
58915,Copper Mountain Solar 3,PV,SUN,SUN,,N,2015,EIA923_Schedules_2_3_4_5_M_12_2015_Final_Revision.xlsx,TOT MMBTU APR,567108,APR,2015-04-01,Solar,Photovoltaic,Solar,total-fuel-consumed,Solar - Photovoltaic - Solar - Total Fuel Consumed
58915,Copper Mountain Solar 3,PV,SUN,SUN,,N,2015,EIA923_Schedules_2_3_4_5_M_12_2015_Final_Revision.xlsx,NETGEN APR,60855,APR,2015-04-01,Solar,Photovoltaic,Solar,generation,Solar - Photovoltaic - Solar - Generation
58915,Copper Mountain Solar 3,PV,SUN,SUN,,N,2015,EIA923_Schedules_2_3_4_5_M_12_2015_Final_Revision.xlsx,ELEC MMBTU MAY,537678,MAY,2015-05-01,Solar,Photovoltaic,Solar,quantity-consumed-electricity,Solar - Photovoltaic - Solar - Quantity Consumed For Electricity
58915,Copper Mountain Solar 3,PV,SUN,SUN,,N,2015,EIA923_Schedules_2_3_4_5_M_12_2015_Final_Revision.xlsx,NETGEN MAY,57697,MAY,2015-05-01,Solar,Photovoltaic,Solar,generation,Solar - Photovoltaic - Solar - Generation
58915,Copper Mountain Solar 3,PV,SUN,SUN,,N,2015,EIA923_Schedules_2_3_4_5_M_12_2015_Final_Revision.xlsx,TOT MMBTU MAY,537678,MAY,2015-05-01,Solar,Photovoltaic,Solar,total-fuel-consumed,Solar - Photovoltaic - Solar - Total Fuel Consumed
58915,Copper Mountain Solar 3,PV,SUN,SUN,,N,2015,EIA923_Schedules_2_3_4_5_M_12_2015_Final_Revision.xlsx,ELEC MMBTU JUN,570444,JUN,2015-06-01,Solar,Photovoltaic,Solar,quantity-consumed-electricity,Solar - Photovoltaic - Solar - Quantity Consumed For Electricity
58915,Copper Mountain Solar 3,PV,SUN,SUN,,N,2015,EIA923_Schedules_2_3_4_5_M_12_2015_Final_Revision.xlsx,NETGEN JUN,61213,JUN,2015-06-01,Solar,Photovoltaic,Solar,generation,Solar - Photovoltaic - Solar - Generation
58915,Copper Mountain Solar 3,PV,SUN,SUN,,N,2015,EIA923_Schedules_2_3_4_5_M_12_2015_Final_Revision.xlsx,TOT MMBTU JUN,570444,JUN,2015-06-01,Solar,Photovoltaic,Solar,total-fuel-consumed,Solar - Photovoltaic - Solar - Total Fuel Consumed
58915,Copper Mountain Solar 3,PV,SUN,SUN,,N,2015,EIA923_Schedules_2_3_4_5_M_12_2015_Final_Revision.xlsx,ELEC MMBTU JUL,530437,JUL,2015-07-01,Solar,Photovoltaic,Solar,quantity-consumed-electricity,Solar - Photovoltaic - Solar - Quantity Consumed For Electricity
58915,Copper Mountain Solar 3,PV,SUN,SUN,,N,2015,EIA923_Schedules_2_3_4_5_M_12_2015_Final_Revision.xlsx,TOT MMBTU JUL,530437,JUL,2015-07-01,Solar,Photovoltaic,Solar,total-fuel-consumed,Solar - Photovoltaic - Solar - Total Fuel Consumed
58915,Copper Mountain Solar 3,PV,SUN,SUN,,N,2015,EIA923_Schedules_2_3_4_5_M_12_2015_Final_Revision.xlsx,NETGEN JUL,56920,JUL,2015-07-01,Solar,Photovoltaic,Solar,generation,Solar - Photovoltaic - Solar - Generation
58915,Copper Mountain Solar 3,PV,SUN,SUN,,N,2015,EIA923_Schedules_2_3_4_5_M_12_2015_Final_Revision.xlsx,NETGEN AUG,56164,AUG,2015-08-01,Solar,Photovoltaic,Solar,generation,Solar - Photovoltaic - Solar - Generation
58915,Copper Mountain Solar 3,PV,SUN,SUN,,N,2015,EIA923_Schedules_2_3_4_5_M_12_2015_Final_Revision.xlsx,ELEC MMBTU AUG,523392,AUG,2015-08-01,Solar,Photovoltaic,Solar,quantity-consumed-electricity,Solar - Photovoltaic - Solar - Quantity Consumed For Electricity
58915,Copper Mountain Solar 3,PV,SUN,SUN,,N,2015,EIA923_Schedules_2_3_4_5_M_12_2015_Final_Revision.xlsx,TOT MMBTU AUG,523392,AUG,2015-08-01,Solar,Photovoltaic,Solar,total-fuel-consumed,Solar - Photovoltaic - Solar - Total Fuel Consumed
58915,Copper Mountain Solar 3,PV,SUN,SUN,,N,2015,EIA923_Schedules_2_3_4_5_M_12_2015_Final_Revision.xlsx,NETGEN SEP,51528,SEP,2015-09-01,Solar,Photovoltaic,Solar,generation,Solar - Photovoltaic - Solar - Generation
58915,Copper Mountain Solar 3,PV,SUN,SUN,,N,2015,EIA923_Schedules_2_3_4_5_M_12_2015_Final_Revision.xlsx,ELEC MMBTU SEP,480189,SEP,2015-09-01,Solar,Photovoltaic,Solar,quantity-consumed-electricity,Solar - Photovoltaic - Solar - Quantity Consumed For Electricity
58915,Copper Mountain Solar 3,PV,SUN,SUN,,N,2015,EIA923_Schedules_2_3_4_5_M_12_2015_Final_Revision.xlsx,TOT MMBTU SEP,480189,SEP,2015-09-01,Solar,Photovoltaic,Solar,total-fuel-consumed,Solar - Photovoltaic - Solar - Total Fuel Consumed
58915,Copper Mountain Solar 3,PV,SUN,SUN,,N,2015,EIA923_Schedules_2_3_4_5_M_12_2015_Final_Revision.xlsx,NETGEN OCT,44901,OCT,2015-10-01,Solar,Photovoltaic,Solar,generation,Solar - Photovoltaic - Solar - Generation
58915,Copper Mountain Solar 3,PV,SUN,SUN,,N,2015,EIA923_Schedules_2_3_4_5_M_12_2015_Final_Revision.xlsx,ELEC MMBTU OCT,418432,OCT,2015-10-01,Solar,Photovoltaic,Solar,quantity-consumed-electricity,Solar - Photovoltaic - Solar - Quantity Consumed For Electricity
58915,Copper Mountain Solar 3,PV,SUN,SUN,,N,2015,EIA923_Schedules_2_3_4_5_M_12_2015_Final_Revision.xlsx,TOT MMBTU OCT,418432,OCT,2015-10-01,Solar,Photovoltaic,Solar,total-fuel-consumed,Solar - Photovoltaic - Solar - Total Fuel Consumed
58915,Copper Mountain Solar 3,PV,SUN,SUN,,N,2015,EIA923_Schedules_2_3_4_5_M_12_2015_Final_Revision.xlsx,TOT MMBTU NOV,405842,NOV,2015-11-01,Solar,Photovoltaic,Solar,total-fuel-consumed,Solar - Photovoltaic - Solar - Total Fuel Consumed
58915,Copper Mountain Solar 3,PV,SUN,SUN,,N,2015,EIA923_Schedules_2_3_4_5_M_12_2015_Final_Revision.xlsx,NETGEN NOV,43550,NOV,2015-11-01,Solar,Photovoltaic,Solar,generation,Solar - Photovoltaic - Solar - Generation
58915,Copper Mountain Solar 3,PV,SUN,SUN,,N,2015,EIA923_Schedules_2_3_4_5_M_12_2015_Final_Revision.xlsx,ELEC MMBTU NOV,405842,NOV,2015-11-01,Solar,Photovoltaic,Solar,quantity-consumed-electricity,Solar - Photovoltaic - Solar - Quantity Consumed For Electricity
58915,Copper Mountain Solar 3,PV,SUN,SUN,,N,2015,EIA923_Schedules_2_3_4_5_M_12_2015_Final_Revision.xlsx,NETGEN DEC,35437,DEC,2015-12-01,Solar,Photovoltaic,Solar,generation,Solar - Photovoltaic - Solar - Generation
58915,Copper Mountain Solar 3,PV,SUN,SUN,,N,2015,EIA923_Schedules_2_3_4_5_M_12_2015_Final_Revision.xlsx,ELEC MMBTU DEC,330237,DEC,2015-12-01,Solar,Photovoltaic,Solar,quantity-consumed-electricity,Solar - Photovoltaic - Solar - Quantity Consumed For Electricity
58915,Copper Mountain Solar 3,PV,SUN,SUN,,N,2015,EIA923_Schedules_2_3_4_5_M_12_2015_Final_Revision.xlsx,TOT MMBTU DEC,330237,DEC,2015-12-01,Solar,Photovoltaic,Solar,total-fuel-consumed,Solar - Photovoltaic - Solar - Total Fuel Consumed
58915,Copper Mountain Solar 3,PV,SUN,SUN,,N,2016,EIA923_Schedules_2_3_4_5_M_12_2016_Final_Revision.xlsx,NETGEN JAN,33304,JAN,2016-01-01,Solar,Photovoltaic,Solar,generation,Solar - Photovoltaic - Solar - Generation
58915,Copper Mountain Solar 3,PV,SUN,SUN,,N,2016,EIA923_Schedules_2_3_4_5_M_12_2016_Final_Revision.xlsx,TOT MMBTU JAN,307463,JAN,2016-01-01,Solar,Photovoltaic,Solar,total-fuel-consumed,Solar - Photovoltaic - Solar - Total Fuel Consumed
58915,Copper Mountain Solar 3,PV,SUN,SUN,,N,2016,EIA923_Schedules_2_3_4_5_M_12_2016_Final_Revision.xlsx,ELEC MMBTU JAN,307463,JAN,2016-01-01,Solar,Photovoltaic,Solar,quantity-consumed-electricity,Solar - Photovoltaic - Solar - Quantity Consumed For Electricity
58915,Copper Mountain Solar 3,PV,SUN,SUN,,N,2016,EIA923_Schedules_2_3_4_5_M_12_2016_Final_Revision.xlsx,ELEC MMBTU FEB,456882,FEB,2016-02-01,Solar,Photovoltaic,Solar,quantity-consumed-electricity,Solar - Photovoltaic - Solar - Quantity Consumed For Electricity
58915,Copper Mountain Solar 3,PV,SUN,SUN,,N,2016,EIA923_Schedules_2_3_4_5_M_12_2016_Final_Revision.xlsx,TOT MMBTU FEB,456882,FEB,2016-02-01,Solar,Photovoltaic,Solar,total-fuel-consumed,Solar - Photovoltaic - Solar - Total Fuel Consumed
58915,Copper Mountain Solar 3,PV,SUN,SUN,,N,2016,EIA923_Schedules_2_3_4_5_M_12_2016_Final_Revision.xlsx,NETGEN FEB,49489,FEB,2016-02-01,Solar,Photovoltaic,Solar,generation,Solar - Photovoltaic - Solar - Generation
58915,Copper Mountain Solar 3,PV,SUN,SUN,,N,2016,EIA923_Schedules_2_3_4_5_M_12_2016_Final_Revision.xlsx,TOT MMBTU MAR,496866,MAR,2016-03-01,Solar,Photovoltaic,Solar,total-fuel-consumed,Solar - Photovoltaic - Solar - Total Fuel Consumed
58915,Copper Mountain Solar 3,PV,SUN,SUN,,N,2016,EIA923_Schedules_2_3_4_5_M_12_2016_Final_Revision.xlsx,ELEC MMBTU MAR,496866,MAR,2016-03-01,Solar,Photovoltaic,Solar,quantity-consumed-electricity,Solar - Photovoltaic - Solar - Quantity Consumed For Electricity
58915,Copper Mountain Solar 3,PV,SUN,SUN,,N,2016,EIA923_Schedules_2_3_4_5_M_12_2016_Final_Revision.xlsx,NETGEN MAR,53820,MAR,2016-03-01,Solar,Photovoltaic,Solar,generation,Solar - Photovoltaic - Solar - Generation
58915,Copper Mountain Solar 3,PV,SUN,SUN,,N,2016,EIA923_Schedules_2_3_4_5_M_12_2016_Final_Revision.xlsx,TOT MMBTU APR,492878,APR,2016-04-01,Solar,Photovoltaic,Solar,total-fuel-consumed,Solar - Photovoltaic - Solar - Total Fuel Consumed
58915,Copper Mountain Solar 3,PV,SUN,SUN,,N,2016,EIA923_Schedules_2_3_4_5_M_12_2016_Final_Revision.xlsx,NETGEN APR,53388,APR,2016-04-01,Solar,Photovoltaic,Solar,generation,Solar - Photovoltaic - Solar - Generation
58915,Copper Mountain Solar 3,PV,SUN,SUN,,N,2016,EIA923_Schedules_2_3_4_5_M_12_2016_Final_Revision.xlsx,ELEC MMBTU APR,492878,APR,2016-04-01,Solar,Photovoltaic,Solar,quantity-consumed-electricity,Solar - Photovoltaic - Solar - Quantity Consumed For Electricity
58915,Copper Mountain Solar 3,PV,SUN,SUN,,N,2016,EIA923_Schedules_2_3_4_5_M_12_2016_Final_Revision.xlsx,NETGEN MAY,62617,MAY,2016-05-01,Solar,Photovoltaic,Solar,generation,Solar - Photovoltaic - Solar - Generation
58915,Copper Mountain Solar 3,PV,SUN,SUN,,N,2016,EIA923_Schedules_2_3_4_5_M_12_2016_Final_Revision.xlsx,TOT MMBTU MAY,578080,MAY,2016-05-01,Solar,Photovoltaic,Solar,total-fuel-consumed,Solar - Photovoltaic - Solar - Total Fuel Consumed
58915,Copper Mountain Solar 3,PV,SUN,SUN,,N,2016,EIA923_Schedules_2_3_4_5_M_12_2016_Final_Revision.xlsx,ELEC MMBTU MAY,578080,MAY,2016-05-01,Solar,Photovoltaic,Solar,quantity-consumed-electricity,Solar - Photovoltaic - Solar - Quantity Consumed For Electricity
58915,Copper Mountain Solar 3,PV,SUN,SUN,,N,2016,EIA923_Schedules_2_3_4_5_M_12_2016_Final_Revision.xlsx,NETGEN JUN,62240,JUN,2016-06-01,Solar,Photovoltaic,Solar,generation,Solar - Photovoltaic - Solar - Generation
58915,Copper Mountain Solar 3,PV,SUN,SUN,,N,2016,EIA923_Schedules_2_3_4_5_M_12_2016_Final_Revision.xlsx,TOT MMBTU JUN,574600,JUN,2016-06-01,Solar,Photovoltaic,Solar,total-fuel-consumed,Solar - Photovoltaic - Solar - Total Fuel Consumed
58915,Copper Mountain Solar 3,PV,SUN,SUN,,N,2016,EIA923_Schedules_2_3_4_5_M_12_2016_Final_Revision.xlsx,ELEC MMBTU JUN,574600,JUN,2016-06-01,Solar,Photovoltaic,Solar,quantity-consumed-electricity,Solar - Photovoltaic - Solar - Quantity Consumed For Electricity
58915,Copper Mountain Solar 3,PV,SUN,SUN,,N,2016,EIA923_Schedules_2_3_4_5_M_12_2016_Final_Revision.xlsx,NETGEN JUL,60812,JUL,2016-07-01,Solar,Photovoltaic,Solar,generation,Solar - Photovoltaic - Solar - Generation
58915,Copper Mountain Solar 3,PV,SUN,SUN,,N,2016,EIA923_Schedules_2_3_4_5_M_12_2016_Final_Revision.xlsx,ELEC MMBTU JUL,561416,JUL,2016-07-01,Solar,Photovoltaic,Solar,quantity-consumed-electricity,Solar - Photovoltaic - Solar - Quantity Consumed For Electricity
58915,Copper Mountain Solar 3,PV,SUN,SUN,,N,2016,EIA923_Schedules_2_3_4_5_M_12_2016_Final_Revision.xlsx,TOT MMBTU JUL,561416,JUL,2016-07-01,Solar,Photovoltaic,Solar,total-fuel-consumed,Solar - Photovoltaic - Solar - Total Fuel Consumed
58915,Copper Mountain Solar 3,PV,SUN,SUN,,N,2016,EIA923_Schedules_2_3_4_5_M_12_2016_Final_Revision.xlsx,TOT MMBTU AUG,527341,AUG,2016-08-01,Solar,Photovoltaic,Solar,total-fuel-consumed,Solar - Photovoltaic - Solar - Total Fuel Consumed
58915,Copper Mountain Solar 3,PV,SUN,SUN,,N,2016,EIA923_Schedules_2_3_4_5_M_12_2016_Final_Revision.xlsx,NETGEN AUG,57121,AUG,2016-08-01,Solar,Photovoltaic,Solar,generation,Solar - Photovoltaic - Solar - Generation
58915,Copper Mountain Solar 3,PV,SUN,SUN,,N,2016,EIA923_Schedules_2_3_4_5_M_12_2016_Final_Revision.xlsx,ELEC MMBTU AUG,527341,AUG,2016-08-01,Solar,Photovoltaic,Solar,quantity-consumed-electricity,Solar - Photovoltaic - Solar - Quantity Consumed For Electricity
58915,Copper Mountain Solar 3,PV,SUN,SUN,,N,2016,EIA923_Schedules_2_3_4_5_M_12_2016_Final_Revision.xlsx,NETGEN SEP,53930,SEP,2016-09-01,Solar,Photovoltaic,Solar,generation,Solar - Photovoltaic - Solar - Generation
58915,Copper Mountain Solar 3,PV,SUN,SUN,,N,2016,EIA923_Schedules_2_3_4_5_M_12_2016_Final_Revision.xlsx,TOT MMBTU SEP,497882,SEP,2016-09-01,Solar,Photovoltaic,Solar,total-fuel-consumed,Solar - Photovoltaic - Solar - Total Fuel Consumed
58915,Copper Mountain Solar 3,PV,SUN,SUN,,N,2016,EIA923_Schedules_2_3_4_5_M_12_2016_Final_Revision.xlsx,ELEC MMBTU SEP,497882,SEP,2016-09-01,Solar,Photovoltaic,Solar,quantity-consumed-electricity,Solar - Photovoltaic - Solar - Quantity Consumed For Electricity
58915,Copper Mountain Solar 3,PV,SUN,SUN,,N,2016,EIA923_Schedules_2_3_4_5_M_12_2016_Final_Revision.xlsx,ELEC MMBTU OCT,437818,OCT,2016-10-01,Solar,Photovoltaic,Solar,quantity-consumed-electricity,Solar - Photovoltaic - Solar - Quantity Consumed For Electricity
58915,Copper Mountain Solar 3,PV,SUN,SUN,,N,2016,EIA923_Schedules_2_3_4_5_M_12_2016_Final_Revision.xlsx,NETGEN OCT,47424,OCT,2016-10-01,Solar,Photovoltaic,Solar,generation,Solar - Photovoltaic - Solar - Generation
58915,Copper Mountain Solar 3,PV,SUN,SUN,,N,2016,EIA923_Schedules_2_3_4_5_M_12_2016_Final_Revision.xlsx,TOT MMBTU OCT,437818,OCT,2016-10-01,Solar,Photovoltaic,Solar,total-fuel-consumed,Solar - Photovoltaic - Solar - Total Fuel Consumed
58915,Copper Mountain Solar 3,PV,SUN,SUN,,N,2016,EIA923_Schedules_2_3_4_5_M_12_2016_Final_Revision.xlsx,TOT MMBTU NOV,370046,NOV,2016-11-01,Solar,Photovoltaic,Solar,total-fuel-consumed,Solar - Photovoltaic - Solar - Total Fuel Consumed
58915,Copper Mountain Solar 3,PV,SUN,SUN,,N,2016,EIA923_Schedules_2_3_4_5_M_12_2016_Final_Revision.xlsx,NETGEN NOV,40083,NOV,2016-11-01,Solar,Photovoltaic,Solar,generation,Solar - Photovoltaic - Solar - Generation
58915,Copper Mountain Solar 3,PV,SUN,SUN,,N,2016,EIA923_Schedules_2_3_4_5_M_12_2016_Final_Revision.xlsx,ELEC MMBTU NOV,370046,NOV,2016-11-01,Solar,Photovoltaic,Solar,quantity-consumed-electricity,Solar - Photovoltaic - Solar - Quantity Consumed For Electricity
58915,Copper Mountain Solar 3,PV,SUN,SUN,,N,2016,EIA923_Schedules_2_3_4_5_M_12_2016_Final_Revision.xlsx,NETGEN DEC,31626,DEC,2016-12-01,Solar,Photovoltaic,Solar,generation,Solar - Photovoltaic - Solar - Generation
58915,Copper Mountain Solar 3,PV,SUN,SUN,,N,2016,EIA923_Schedules_2_3_4_5_M_12_2016_Final_Revision.xlsx,ELEC MMBTU DEC,291971,DEC,2016-12-01,Solar,Photovoltaic,Solar,quantity-consumed-electricity,Solar - Photovoltaic - Solar - Quantity Consumed For Electricity
58915,Copper Mountain Solar 3,PV,SUN,SUN,,N,2016,EIA923_Schedules_2_3_4_5_M_12_2016_Final_Revision.xlsx,TOT MMBTU DEC,291971,DEC,2016-12-01,Solar,Photovoltaic,Solar,total-fuel-consumed,Solar - Photovoltaic - Solar - Total Fuel Consumed
58915,Copper Mountain Solar 3,PV,SUN,SUN,,N,2017,EIA923_Schedules_2_3_4_5_M_12_2017_Final_Revision.xlsx,NETGEN JAN,34306,JAN,2017-01-01,Solar,Photovoltaic,Solar,generation,Solar - Photovoltaic - Solar - Generation
58915,Copper Mountain Solar 3,PV,SUN,SUN,,N,2017,EIA923_Schedules_2_3_4_5_M_12_2017_Final_Revision.xlsx,ELEC MMBTU JAN,316061,JAN,2017-01-01,Solar,Photovoltaic,Solar,quantity-consumed-electricity,Solar - Photovoltaic - Solar - Quantity Consumed For Electricity
58915,Copper Mountain Solar 3,PV,SUN,SUN,,N,2017,EIA923_Schedules_2_3_4_5_M_12_2017_Final_Revision.xlsx,TOT MMBTU JAN,316061,JAN,2017-01-01,Solar,Photovoltaic,Solar,total-fuel-consumed,Solar - Photovoltaic - Solar - Total Fuel Consumed
58915,Copper Mountain Solar 3,PV,SUN,SUN,,N,2017,EIA923_Schedules_2_3_4_5_M_12_2017_Final_Revision.xlsx,TOT MMBTU FEB,317139,FEB,2017-02-01,Solar,Photovoltaic,Solar,total-fuel-consumed,Solar - Photovoltaic - Solar - Total Fuel Consumed
58915,Copper Mountain Solar 3,PV,SUN,SUN,,N,2017,EIA923_Schedules_2_3_4_5_M_12_2017_Final_Revision.xlsx,NETGEN FEB,34423,FEB,2017-02-01,Solar,Photovoltaic,Solar,generation,Solar - Photovoltaic - Solar - Generation
58915,Copper Mountain Solar 3,PV,SUN,SUN,,N,2017,EIA923_Schedules_2_3_4_5_M_12_2017_Final_Revision.xlsx,ELEC MMBTU FEB,317139,FEB,2017-02-01,Solar,Photovoltaic,Solar,quantity-consumed-electricity,Solar - Photovoltaic - Solar - Quantity Consumed For Electricity
58915,Copper Mountain Solar 3,PV,SUN,SUN,,N,2017,EIA923_Schedules_2_3_4_5_M_12_2017_Final_Revision.xlsx,NETGEN MAR,54975,MAR,2017-03-01,Solar,Photovoltaic,Solar,generation,Solar - Photovoltaic - Solar - Generation
58915,Copper Mountain Solar 3,PV,SUN,SUN,,N,2017,EIA923_Schedules_2_3_4_5_M_12_2017_Final_Revision.xlsx,ELEC MMBTU MAR,506485,MAR,2017-03-01,Solar,Photovoltaic,Solar,quantity-consumed-electricity,Solar - Photovoltaic - Solar - Quantity Consumed For Electricity
58915,Copper Mountain Solar 3,PV,SUN,SUN,,N,2017,EIA923_Schedules_2_3_4_5_M_12_2017_Final_Revision.xlsx,TOT MMBTU MAR,506485,MAR,2017-03-01,Solar,Photovoltaic,Solar,total-fuel-consumed,Solar - Photovoltaic - Solar - Total Fuel Consumed
58915,Copper Mountain Solar 3,PV,SUN,SUN,,N,2017,EIA923_Schedules_2_3_4_5_M_12_2017_Final_Revision.xlsx,ELEC MMBTU APR,546359,APR,2017-04-01,Solar,Photovoltaic,Solar,quantity-consumed-electricity,Solar - Photovoltaic - Solar - Quantity Consumed For Electricity
58915,Copper Mountain Solar 3,PV,SUN,SUN,,N,2017,EIA923_Schedules_2_3_4_5_M_12_2017_Final_Revision.xlsx,TOT MMBTU APR,546359,APR,2017-04-01,Solar,Photovoltaic,Solar,total-fuel-consumed,Solar - Photovoltaic - Solar - Total Fuel Consumed
58915,Copper Mountain Solar 3,PV,SUN,SUN,,N,2017,EIA923_Schedules_2_3_4_5_M_12_2017_Final_Revision.xlsx,NETGEN APR,59303,APR,2017-04-01,Solar,Photovoltaic,Solar,generation,Solar - Photovoltaic - Solar - Generation
58915,Copper Mountain Solar 3,PV,SUN,SUN,,N,2017,EIA923_Schedules_2_3_4_5_M_12_2017_Final_Revision.xlsx,ELEC MMBTU MAY,592156,MAY,2017-05-01,Solar,Photovoltaic,Solar,quantity-consumed-electricity,Solar - Photovoltaic - Solar - Quantity Consumed For Electricity
58915,Copper Mountain Solar 3,PV,SUN,SUN,,N,2017,EIA923_Schedules_2_3_4_5_M_12_2017_Final_Revision.xlsx,NETGEN MAY,64274,MAY,2017-05-01,Solar,Photovoltaic,Solar,generation,Solar - Photovoltaic - Solar - Generation
58915,Copper Mountain Solar 3,PV,SUN,SUN,,N,2017,EIA923_Schedules_2_3_4_5_M_12_2017_Final_Revision.xlsx,TOT MMBTU MAY,592156,MAY,2017-05-01,Solar,Photovoltaic,Solar,total-fuel-consumed,Solar - Photovoltaic - Solar - Total Fuel Consumed
58915,Copper Mountain Solar 3,PV,SUN,SUN,,N,2017,EIA923_Schedules_2_3_4_5_M_12_2017_Final_Revision.xlsx,ELEC MMBTU JUN,594110,JUN,2017-06-01,Solar,Photovoltaic,Solar,quantity-consumed-electricity,Solar - Photovoltaic - Solar - Quantity Consumed For Electricity
58915,Copper Mountain Solar 3,PV,SUN,SUN,,N,2017,EIA923_Schedules_2_3_4_5_M_12_2017_Final_Revision.xlsx,TOT MMBTU JUN,594110,JUN,2017-06-01,Solar,Photovoltaic,Solar,total-fuel-consumed,Solar - Photovoltaic - Solar - Total Fuel Consumed
58915,Copper Mountain Solar 3,PV,SUN,SUN,,N,2017,EIA923_Schedules_2_3_4_5_M_12_2017_Final_Revision.xlsx,NETGEN JUN,64486,JUN,2017-06-01,Solar,Photovoltaic,Solar,generation,Solar - Photovoltaic - Solar - Generation
58915,Copper Mountain Solar 3,PV,SUN,SUN,,N,2017,EIA923_Schedules_2_3_4_5_M_12_2017_Final_Revision.xlsx,TOT MMBTU JUL,510769,JUL,2017-07-01,Solar,Photovoltaic,Solar,total-fuel-consumed,Solar - Photovoltaic - Solar - Total Fuel Consumed
58915,Copper Mountain Solar 3,PV,SUN,SUN,,N,2017,EIA923_Schedules_2_3_4_5_M_12_2017_Final_Revision.xlsx,ELEC MMBTU JUL,510769,JUL,2017-07-01,Solar,Photovoltaic,Solar,quantity-consumed-electricity,Solar - Photovoltaic - Solar - Quantity Consumed For Electricity
58915,Copper Mountain Solar 3,PV,SUN,SUN,,N,2017,EIA923_Schedules_2_3_4_5_M_12_2017_Final_Revision.xlsx,NETGEN JUL,55440,JUL,2017-07-01,Solar,Photovoltaic,Solar,generation,Solar - Photovoltaic - Solar - Generation
58915,Copper Mountain Solar 3,PV,SUN,SUN,,N,2017,EIA923_Schedules_2_3_4_5_M_12_2017_Final_Revision.xlsx,ELEC MMBTU AUG,519521,AUG,2017-08-01,Solar,Photovoltaic,Solar,quantity-consumed-electricity,Solar - Photovoltaic - Solar - Quantity Consumed For Electricity
58915,Copper Mountain Solar 3,PV,SUN,SUN,,N,2017,EIA923_Schedules_2_3_4_5_M_12_2017_Final_Revision.xlsx,TOT MMBTU AUG,519521,AUG,2017-08-01,Solar,Photovoltaic,Solar,total-fuel-consumed,Solar - Photovoltaic - Solar - Total Fuel Consumed
58915,Copper Mountain Solar 3,PV,SUN,SUN,,N,2017,EIA923_Schedules_2_3_4_5_M_12_2017_Final_Revision.xlsx,NETGEN AUG,56390,AUG,2017-08-01,Solar,Photovoltaic,Solar,generation,Solar - Photovoltaic - Solar - Generation
58915,Copper Mountain Solar 3,PV,SUN,SUN,,N,2017,EIA923_Schedules_2_3_4_5_M_12_2017_Final_Revision.xlsx,TOT MMBTU SEP,486152,SEP,2017-09-01,Solar,Photovoltaic,Solar,total-fuel-consumed,Solar - Photovoltaic - Solar - Total Fuel Consumed
58915,Copper Mountain Solar 3,PV,SUN,SUN,,N,2017,EIA923_Schedules_2_3_4_5_M_12_2017_Final_Revision.xlsx,ELEC MMBTU SEP,486152,SEP,2017-09-01,Solar,Photovoltaic,Solar,quantity-consumed-electricity,Solar - Photovoltaic - Solar - Quantity Consumed For Electricity
58915,Copper Mountain Solar 3,PV,SUN,SUN,,N,2017,EIA923_Schedules_2_3_4_5_M_12_2017_Final_Revision.xlsx,NETGEN SEP,52768,SEP,2017-09-01,Solar,Photovoltaic,Solar,generation,Solar - Photovoltaic - Solar - Generation
58915,Copper Mountain Solar 3,PV,SUN,SUN,,N,2017,EIA923_Schedules_2_3_4_5_M_12_2017_Final_Revision.xlsx,ELEC MMBTU OCT,500542,OCT,2017-10-01,Solar,Photovoltaic,Solar,quantity-consumed-electricity,Solar - Photovoltaic - Solar - Quantity Consumed For Electricity
58915,Copper Mountain Solar 3,PV,SUN,SUN,,N,2017,EIA923_Schedules_2_3_4_5_M_12_2017_Final_Revision.xlsx,TOT MMBTU OCT,500542,OCT,2017-10-01,Solar,Photovoltaic,Solar,total-fuel-consumed,Solar - Photovoltaic - Solar - Total Fuel Consumed
58915,Copper Mountain Solar 3,PV,SUN,SUN,,N,2017,EIA923_Schedules_2_3_4_5_M_12_2017_Final_Revision.xlsx,NETGEN OCT,54330,OCT,2017-10-01,Solar,Photovoltaic,Solar,generation,Solar - Photovoltaic - Solar - Generation
58915,Copper Mountain Solar 3,PV,SUN,SUN,,N,2017,EIA923_Schedules_2_3_4_5_M_12_2017_Final_Revision.xlsx,ELEC MMBTU NOV,356810,NOV,2017-11-01,Solar,Photovoltaic,Solar,quantity-consumed-electricity,Solar - Photovoltaic - Solar - Quantity Consumed For Electricity
58915,Copper Mountain Solar 3,PV,SUN,SUN,,N,2017,EIA923_Schedules_2_3_4_5_M_12_2017_Final_Revision.xlsx,NETGEN NOV,38729,NOV,2017-11-01,Solar,Photovoltaic,Solar,generation,Solar - Photovoltaic - Solar - Generation
58915,Copper Mountain Solar 3,PV,SUN,SUN,,N,2017,EIA923_Schedules_2_3_4_5_M_12_2017_Final_Revision.xlsx,TOT MMBTU NOV,356810,NOV,2017-11-01,Solar,Photovoltaic,Solar,total-fuel-consumed,Solar - Photovoltaic - Solar - Total Fuel Consumed
58915,Copper Mountain Solar 3,PV,SUN,SUN,,N,2017,EIA923_Schedules_2_3_4_5_M_12_2017_Final_Revision.xlsx,TOT MMBTU DEC,353199,DEC,2017-12-01,Solar,Photovoltaic,Solar,total-fuel-consumed,Solar - Photovoltaic - Solar - Total Fuel Consumed
58915,Copper Mountain Solar 3,PV,SUN,SUN,,N,2017,EIA923_Schedules_2_3_4_5_M_12_2017_Final_Revision.xlsx,NETGEN DEC,38337,DEC,2017-12-01,Solar,Photovoltaic,Solar,generation,Solar - Photovoltaic - Solar - Generation
58915,Copper Mountain Solar 3,PV,SUN,SUN,,N,2017,EIA923_Schedules_2_3_4_5_M_12_2017_Final_Revision.xlsx,ELEC MMBTU DEC,353199,DEC,2017-12-01,Solar,Photovoltaic,Solar,quantity-consumed-electricity,Solar - Photovoltaic - Solar - Quantity Consumed For Electricity
58915,Copper Mountain Solar 3,PV,SUN,SUN,,N,2018,EIA923_Schedules_2_3_4_5_M_12_2018_Final_Revision.xlsx,NETGEN JAN,37913,JAN,2018-01-01,Solar,Photovoltaic,Solar,generation,Solar - Photovoltaic - Solar - Generation
58915,Copper Mountain Solar 3,PV,SUN,SUN,,N,2018,EIA923_Schedules_2_3_4_5_M_12_2018_Final_Revision.xlsx,TOT MMBTU JAN,345160,JAN,2018-01-01,Solar,Photovoltaic,Solar,total-fuel-consumed,Solar - Photovoltaic - Solar - Total Fuel Consumed
58915,Copper Mountain Solar 3,PV,SUN,SUN,,N,2018,EIA923_Schedules_2_3_4_5_M_12_2018_Final_Revision.xlsx,ELEC MMBTU JAN,345160,JAN,2018-01-01,Solar,Photovoltaic,Solar,quantity-consumed-electricity,Solar - Photovoltaic - Solar - Quantity Consumed For Electricity
58915,Copper Mountain Solar 3,PV,SUN,SUN,,N,2018,EIA923_Schedules_2_3_4_5_M_12_2018_Final_Revision.xlsx,ELEC MMBTU FEB,385199,FEB,2018-02-01,Solar,Photovoltaic,Solar,quantity-consumed-electricity,Solar - Photovoltaic - Solar - Quantity Consumed For Electricity
58915,Copper Mountain Solar 3,PV,SUN,SUN,,N,2018,EIA923_Schedules_2_3_4_5_M_12_2018_Final_Revision.xlsx,TOT MMBTU FEB,385199,FEB,2018-02-01,Solar,Photovoltaic,Solar,total-fuel-consumed,Solar - Photovoltaic - Solar - Total Fuel Consumed
58915,Copper Mountain Solar 3,PV,SUN,SUN,,N,2018,EIA923_Schedules_2_3_4_5_M_12_2018_Final_Revision.xlsx,NETGEN FEB,42311,FEB,2018-02-01,Solar,Photovoltaic,Solar,generation,Solar - Photovoltaic - Solar - Generation
58915,Copper Mountain Solar 3,PV,SUN,SUN,,N,2018,EIA923_Schedules_2_3_4_5_M_12_2018_Final_Revision.xlsx,TOT MMBTU MAR,470349,MAR,2018-03-01,Solar,Photovoltaic,Solar,total-fuel-consumed,Solar - Photovoltaic - Solar - Total Fuel Consumed
58915,Copper Mountain Solar 3,PV,SUN,SUN,,N,2018,EIA923_Schedules_2_3_4_5_M_12_2018_Final_Revision.xlsx,ELEC MMBTU MAR,470349,MAR,2018-03-01,Solar,Photovoltaic,Solar,quantity-consumed-electricity,Solar - Photovoltaic - Solar - Quantity Consumed For Electricity
58915,Copper Mountain Solar 3,PV,SUN,SUN,,N,2018,EIA923_Schedules_2_3_4_5_M_12_2018_Final_Revision.xlsx,NETGEN MAR,51664,MAR,2018-03-01,Solar,Photovoltaic,Solar,generation,Solar - Photovoltaic - Solar - Generation
58915,Copper Mountain Solar 3,PV,SUN,SUN,,N,2018,EIA923_Schedules_2_3_4_5_M_12_2018_Final_Revision.xlsx,ELEC MMBTU APR,541825,APR,2018-04-01,Solar,Photovoltaic,Solar,quantity-consumed-electricity,Solar - Photovoltaic - Solar - Quantity Consumed For Electricity
58915,Copper Mountain Solar 3,PV,SUN,SUN,,N,2018,EIA923_Schedules_2_3_4_5_M_12_2018_Final_Revision.xlsx,TOT MMBTU APR,541825,APR,2018-04-01,Solar,Photovoltaic,Solar,total-fuel-consumed,Solar - Photovoltaic - Solar - Total Fuel Consumed
58915,Copper Mountain Solar 3,PV,SUN,SUN,,N,2018,EIA923_Schedules_2_3_4_5_M_12_2018_Final_Revision.xlsx,NETGEN APR,59515,APR,2018-04-01,Solar,Photovoltaic,Solar,generation,Solar - Photovoltaic - Solar - Generation
58915,Copper Mountain Solar 3,PV,SUN,SUN,,N,2018,EIA923_Schedules_2_3_4_5_M_12_2018_Final_Revision.xlsx,TOT MMBTU MAY,572614,MAY,2018-05-01,Solar,Photovoltaic,Solar,total-fuel-consumed,Solar - Photovoltaic - Solar - Total Fuel Consumed
58915,Copper Mountain Solar 3,PV,SUN,SUN,,N,2018,EIA923_Schedules_2_3_4_5_M_12_2018_Final_Revision.xlsx,NETGEN MAY,62897,MAY,2018-05-01,Solar,Photovoltaic,Solar,generation,Solar - Photovoltaic - Solar - Generation
58915,Copper Mountain Solar 3,PV,SUN,SUN,,N,2018,EIA923_Schedules_2_3_4_5_M_12_2018_Final_Revision.xlsx,ELEC MMBTU MAY,572614,MAY,2018-05-01,Solar,Photovoltaic,Solar,quantity-consumed-electricity,Solar - Photovoltaic - Solar - Quantity Consumed For Electricity
58915,Copper Mountain Solar 3,PV,SUN,SUN,,N,2018,EIA923_Schedules_2_3_4_5_M_12_2018_Final_Revision.xlsx,ELEC MMBTU JUN,590476,JUN,2018-06-01,Solar,Photovoltaic,Solar,quantity-consumed-electricity,Solar - Photovoltaic - Solar - Quantity Consumed For Electricity
58915,Copper Mountain Solar 3,PV,SUN,SUN,,N,2018,EIA923_Schedules_2_3_4_5_M_12_2018_Final_Revision.xlsx,TOT MMBTU JUN,590476,JUN,2018-06-01,Solar,Photovoltaic,Solar,total-fuel-consumed,Solar - Photovoltaic - Solar - Total Fuel Consumed
58915,Copper Mountain Solar 3,PV,SUN,SUN,,N,2018,EIA923_Schedules_2_3_4_5_M_12_2018_Final_Revision.xlsx,NETGEN JUN,64859,JUN,2018-06-01,Solar,Photovoltaic,Solar,generation,Solar - Photovoltaic - Solar - Generation
58915,Copper Mountain Solar 3,PV,SUN,SUN,,N,2018,EIA923_Schedules_2_3_4_5_M_12_2018_Final_Revision.xlsx,ELEC MMBTU JUL,523944,JUL,2018-07-01,Solar,Photovoltaic,Solar,quantity-consumed-electricity,Solar - Photovoltaic - Solar - Quantity Consumed For Electricity
58915,Copper Mountain Solar 3,PV,SUN,SUN,,N,2018,EIA923_Schedules_2_3_4_5_M_12_2018_Final_Revision.xlsx,NETGEN JUL,57551,JUL,2018-07-01,Solar,Photovoltaic,Solar,generation,Solar - Photovoltaic - Solar - Generation
58915,Copper Mountain Solar 3,PV,SUN,SUN,,N,2018,EIA923_Schedules_2_3_4_5_M_12_2018_Final_Revision.xlsx,TOT MMBTU JUL,523944,JUL,2018-07-01,Solar,Photovoltaic,Solar,total-fuel-consumed,Solar - Photovoltaic - Solar - Total Fuel Consumed
58915,Copper Mountain Solar 3,PV,SUN,SUN,,N,2018,EIA923_Schedules_2_3_4_5_M_12_2018_Final_Revision.xlsx,TOT MMBTU AUG,512027,AUG,2018-08-01,Solar,Photovoltaic,Solar,total-fuel-consumed,Solar - Photovoltaic - Solar - Total Fuel Consumed
58915,Copper Mountain Solar 3,PV,SUN,SUN,,N,2018,EIA923_Schedules_2_3_4_5_M_12_2018_Final_Revision.xlsx,NETGEN AUG,56242,AUG,2018-08-01,Solar,Photovoltaic,Solar,generation,Solar - Photovoltaic - Solar - Generation
58915,Copper Mountain Solar 3,PV,SUN,SUN,,N,2018,EIA923_Schedules_2_3_4_5_M_12_2018_Final_Revision.xlsx,ELEC MMBTU AUG,512027,AUG,2018-08-01,Solar,Photovoltaic,Solar,quantity-consumed-electricity,Solar - Photovoltaic - Solar - Quantity Consumed For Electricity
58915,Copper Mountain Solar 3,PV,SUN,SUN,,N,2018,EIA923_Schedules_2_3_4_5_M_12_2018_Final_Revision.xlsx,TOT MMBTU SEP,511099,SEP,2018-09-01,Solar,Photovoltaic,Solar,total-fuel-consumed,Solar - Photovoltaic - Solar - Total Fuel Consumed
58915,Copper Mountain Solar 3,PV,SUN,SUN,,N,2018,EIA923_Schedules_2_3_4_5_M_12_2018_Final_Revision.xlsx,ELEC MMBTU SEP,511099,SEP,2018-09-01,Solar,Photovoltaic,Solar,quantity-consumed-electricity,Solar - Photovoltaic - Solar - Quantity Consumed For Electricity
58915,Copper Mountain Solar 3,PV,SUN,SUN,,N,2018,EIA923_Schedules_2_3_4_5_M_12_2018_Final_Revision.xlsx,NETGEN SEP,56140,SEP,2018-09-01,Solar,Photovoltaic,Solar,generation,Solar - Photovoltaic - Solar - Generation
58915,Copper Mountain Solar 3,PV,SUN,SUN,,N,2018,EIA923_Schedules_2_3_4_5_M_12_2018_Final_Revision.xlsx,TOT MMBTU OCT,444567,OCT,2018-10-01,Solar,Photovoltaic,Solar,total-fuel-consumed,Solar - Photovoltaic - Solar - Total Fuel Consumed
58915,Copper Mountain Solar 3,PV,SUN,SUN,,N,2018,EIA923_Schedules_2_3_4_5_M_12_2018_Final_Revision.xlsx,ELEC MMBTU OCT,444567,OCT,2018-10-01,Solar,Photovoltaic,Solar,quantity-consumed-electricity,Solar - Photovoltaic - Solar - Quantity Consumed For Electricity
58915,Copper Mountain Solar 3,PV,SUN,SUN,,N,2018,EIA923_Schedules_2_3_4_5_M_12_2018_Final_Revision.xlsx,NETGEN OCT,48832,OCT,2018-10-01,Solar,Photovoltaic,Solar,generation,Solar - Photovoltaic - Solar - Generation
58915,Copper Mountain Solar 3,PV,SUN,SUN,,N,2018,EIA923_Schedules_2_3_4_5_M_12_2018_Final_Revision.xlsx,TOT MMBTU NOV,385991,NOV,2018-11-01,Solar,Photovoltaic,Solar,total-fuel-consumed,Solar - Photovoltaic - Solar - Total Fuel Consumed
58915,Copper Mountain Solar 3,PV,SUN,SUN,,N,2018,EIA923_Schedules_2_3_4_5_M_12_2018_Final_Revision.xlsx,ELEC MMBTU NOV,385991,NOV,2018-11-01,Solar,Photovoltaic,Solar,quantity-consumed-electricity,Solar - Photovoltaic - Solar - Quantity Consumed For Electricity
58915,Copper Mountain Solar 3,PV,SUN,SUN,,N,2018,EIA923_Schedules_2_3_4_5_M_12_2018_Final_Revision.xlsx,NETGEN NOV,42398,NOV,2018-11-01,Solar,Photovoltaic,Solar,generation,Solar - Photovoltaic - Solar - Generation
58915,Copper Mountain Solar 3,PV,SUN,SUN,,N,2018,EIA923_Schedules_2_3_4_5_M_12_2018_Final_Revision.xlsx,ELEC MMBTU DEC,305385,DEC,2018-12-01,Solar,Photovoltaic,Solar,quantity-consumed-electricity,Solar - Photovoltaic - Solar - Quantity Consumed For Electricity
58915,Copper Mountain Solar 3,PV,SUN,SUN,,N,2018,EIA923_Schedules_2_3_4_5_M_12_2018_Final_Revision.xlsx,NETGEN DEC,33544,DEC,2018-12-01,Solar,Photovoltaic,Solar,generation,Solar - Photovoltaic - Solar - Generation
58915,Copper Mountain Solar 3,PV,SUN,SUN,,N,2018,EIA923_Schedules_2_3_4_5_M_12_2018_Final_Revision.xlsx,TOT MMBTU DEC,305385,DEC,2018-12-01,Solar,Photovoltaic,Solar,total-fuel-consumed,Solar - Photovoltaic - Solar - Total Fuel Consumed
58915,Copper Mountain Solar 3,PV,SUN,SUN,,N,2019,EIA923_Schedules_2_3_4_5_M_12_2019_Final_Revision.xlsx,NETGEN JAN,35491,JAN,2019-01-01,Solar,Photovoltaic,Solar,generation,Solar - Photovoltaic - Solar - Generation
58915,Copper Mountain Solar 3,PV,SUN,SUN,,N,2019,EIA923_Schedules_2_3_4_5_M_12_2019_Final_Revision.xlsx,ELEC MMBTU JAN,316047,JAN,2019-01-01,Solar,Photovoltaic,Solar,quantity-consumed-electricity,Solar - Photovoltaic - Solar - Quantity Consumed For Electricity
58915,Copper Mountain Solar 3,PV,SUN,SUN,,N,2019,EIA923_Schedules_2_3_4_5_M_12_2019_Final_Revision.xlsx,TOT MMBTU JAN,316047,JAN,2019-01-01,Solar,Photovoltaic,Solar,total-fuel-consumed,Solar - Photovoltaic - Solar - Total Fuel Consumed
58915,Copper Mountain Solar 3,PV,SUN,SUN,,N,2019,EIA923_Schedules_2_3_4_5_M_12_2019_Final_Revision.xlsx,TOT MMBTU FEB,322940,FEB,2019-02-01,Solar,Photovoltaic,Solar,total-fuel-consumed,Solar - Photovoltaic - Solar - Total Fuel Consumed
58915,Copper Mountain Solar 3,PV,SUN,SUN,,N,2019,EIA923_Schedules_2_3_4_5_M_12_2019_Final_Revision.xlsx,NETGEN FEB,36265,FEB,2019-02-01,Solar,Photovoltaic,Solar,generation,Solar - Photovoltaic - Solar - Generation
58915,Copper Mountain Solar 3,PV,SUN,SUN,,N,2019,EIA923_Schedules_2_3_4_5_M_12_2019_Final_Revision.xlsx,ELEC MMBTU FEB,322940,FEB,2019-02-01,Solar,Photovoltaic,Solar,quantity-consumed-electricity,Solar - Photovoltaic - Solar - Quantity Consumed For Electricity
58915,Copper Mountain Solar 3,PV,SUN,SUN,,N,2019,EIA923_Schedules_2_3_4_5_M_12_2019_Final_Revision.xlsx,NETGEN MAR,45385,MAR,2019-03-01,Solar,Photovoltaic,Solar,generation,Solar - Photovoltaic - Solar - Generation
58915,Copper Mountain Solar 3,PV,SUN,SUN,,N,2019,EIA923_Schedules_2_3_4_5_M_12_2019_Final_Revision.xlsx,TOT MMBTU MAR,404153,MAR,2019-03-01,Solar,Photovoltaic,Solar,total-fuel-consumed,Solar - Photovoltaic - Solar - Total Fuel Consumed
58915,Copper Mountain Solar 3,PV,SUN,SUN,,N,2019,EIA923_Schedules_2_3_4_5_M_12_2019_Final_Revision.xlsx,ELEC MMBTU MAR,404153,MAR,2019-03-01,Solar,Photovoltaic,Solar,quantity-consumed-electricity,Solar - Photovoltaic - Solar - Quantity Consumed For Electricity
58915,Copper Mountain Solar 3,PV,SUN,SUN,,N,2019,EIA923_Schedules_2_3_4_5_M_12_2019_Final_Revision.xlsx,ELEC MMBTU APR,495483,APR,2019-04-01,Solar,Photovoltaic,Solar,quantity-consumed-electricity,Solar - Photovoltaic - Solar - Quantity Consumed For Electricity
58915,Copper Mountain Solar 3,PV,SUN,SUN,,N,2019,EIA923_Schedules_2_3_4_5_M_12_2019_Final_Revision.xlsx,TOT MMBTU APR,495483,APR,2019-04-01,Solar,Photovoltaic,Solar,total-fuel-consumed,Solar - Photovoltaic - Solar - Total Fuel Consumed
58915,Copper Mountain Solar 3,PV,SUN,SUN,,N,2019,EIA923_Schedules_2_3_4_5_M_12_2019_Final_Revision.xlsx,NETGEN APR,55641,APR,2019-04-01,Solar,Photovoltaic,Solar,generation,Solar - Photovoltaic - Solar - Generation
58915,Copper Mountain Solar 3,PV,SUN,SUN,,N,2019,EIA923_Schedules_2_3_4_5_M_12_2019_Final_Revision.xlsx,ELEC MMBTU MAY,502554,MAY,2019-05-01,Solar,Photovoltaic,Solar,quantity-consumed-electricity,Solar - Photovoltaic - Solar - Quantity Consumed For Electricity
58915,Copper Mountain Solar 3,PV,SUN,SUN,,N,2019,EIA923_Schedules_2_3_4_5_M_12_2019_Final_Revision.xlsx,TOT MMBTU MAY,502554,MAY,2019-05-01,Solar,Photovoltaic,Solar,total-fuel-consumed,Solar - Photovoltaic - Solar - Total Fuel Consumed
58915,Copper Mountain Solar 3,PV,SUN,SUN,,N,2019,EIA923_Schedules_2_3_4_5_M_12_2019_Final_Revision.xlsx,NETGEN MAY,56435,MAY,2019-05-01,Solar,Photovoltaic,Solar,generation,Solar - Photovoltaic - Solar - Generation
58915,Copper Mountain Solar 3,PV,SUN,SUN,,N,2019,EIA923_Schedules_2_3_4_5_M_12_2019_Final_Revision.xlsx,TOT MMBTU JUN,549528,JUN,2019-06-01,Solar,Photovoltaic,Solar,total-fuel-consumed,Solar - Photovoltaic - Solar - Total Fuel Consumed
58915,Copper Mountain Solar 3,PV,SUN,SUN,,N,2019,EIA923_Schedules_2_3_4_5_M_12_2019_Final_Revision.xlsx,NETGEN JUN,61710,JUN,2019-06-01,Solar,Photovoltaic,Solar,generation,Solar - Photovoltaic - Solar - Generation
58915,Copper Mountain Solar 3,PV,SUN,SUN,,N,2019,EIA923_Schedules_2_3_4_5_M_12_2019_Final_Revision.xlsx,ELEC MMBTU JUN,549528,JUN,2019-06-01,Solar,Photovoltaic,Solar,quantity-consumed-electricity,Solar - Photovoltaic - Solar - Quantity Consumed For Electricity
58915,Copper Mountain Solar 3,PV,SUN,SUN,,N,2019,EIA923_Schedules_2_3_4_5_M_12_2019_Final_Revision.xlsx,NETGEN JUL,60577,JUL,2019-07-01,Solar,Photovoltaic,Solar,generation,Solar - Photovoltaic - Solar - Generation
58915,Copper Mountain Solar 3,PV,SUN,SUN,,N,2019,EIA923_Schedules_2_3_4_5_M_12_2019_Final_Revision.xlsx,ELEC MMBTU JUL,539438,JUL,2019-07-01,Solar,Photovoltaic,Solar,quantity-consumed-electricity,Solar - Photovoltaic - Solar - Quantity Consumed For Electricity
58915,Copper Mountain Solar 3,PV,SUN,SUN,,N,2019,EIA923_Schedules_2_3_4_5_M_12_2019_Final_Revision.xlsx,TOT MMBTU JUL,539438,JUL,2019-07-01,Solar,Photovoltaic,Solar,total-fuel-consumed,Solar - Photovoltaic - Solar - Total Fuel Consumed
58915,Copper Mountain Solar 3,PV,SUN,SUN,,N,2019,EIA923_Schedules_2_3_4_5_M_12_2019_Final_Revision.xlsx,TOT MMBTU AUG,536161,AUG,2019-08-01,Solar,Photovoltaic,Solar,total-fuel-consumed,Solar - Photovoltaic - Solar - Total Fuel Consumed
58915,Copper Mountain Solar 3,PV,SUN,SUN,,N,2019,EIA923_Schedules_2_3_4_5_M_12_2019_Final_Revision.xlsx,NETGEN AUG,60209,AUG,2019-08-01,Solar,Photovoltaic,Solar,generation,Solar - Photovoltaic - Solar - Generation
58915,Copper Mountain Solar 3,PV,SUN,SUN,,N,2019,EIA923_Schedules_2_3_4_5_M_12_2019_Final_Revision.xlsx,ELEC MMBTU AUG,536161,AUG,2019-08-01,Solar,Photovoltaic,Solar,quantity-consumed-electricity,Solar - Photovoltaic - Solar - Quantity Consumed For Electricity
58915,Copper Mountain Solar 3,PV,SUN,SUN,,N,2019,EIA923_Schedules_2_3_4_5_M_12_2019_Final_Revision.xlsx,NETGEN SEP,54467,SEP,2019-09-01,Solar,Photovoltaic,Solar,generation,Solar - Photovoltaic - Solar - Generation
58915,Copper Mountain Solar 3,PV,SUN,SUN,,N,2019,EIA923_Schedules_2_3_4_5_M_12_2019_Final_Revision.xlsx,TOT MMBTU SEP,485029,SEP,2019-09-01,Solar,Photovoltaic,Solar,total-fuel-consumed,Solar - Photovoltaic - Solar - Total Fuel Consumed
58915,Copper Mountain Solar 3,PV,SUN,SUN,,N,2019,EIA923_Schedules_2_3_4_5_M_12_2019_Final_Revision.xlsx,ELEC MMBTU SEP,485029,SEP,2019-09-01,Solar,Photovoltaic,Solar,quantity-consumed-electricity,Solar - Photovoltaic - Solar - Quantity Consumed For Electricity
58915,Copper Mountain Solar 3,PV,SUN,SUN,,N,2019,EIA923_Schedules_2_3_4_5_M_12_2019_Final_Revision.xlsx,NETGEN OCT,55545,OCT,2019-10-01,Solar,Photovoltaic,Solar,generation,Solar - Photovoltaic - Solar - Generation
58915,Copper Mountain Solar 3,PV,SUN,SUN,,N,2019,EIA923_Schedules_2_3_4_5_M_12_2019_Final_Revision.xlsx,TOT MMBTU OCT,494628,OCT,2019-10-01,Solar,Photovoltaic,Solar,total-fuel-consumed,Solar - Photovoltaic - Solar - Total Fuel Consumed
58915,Copper Mountain Solar 3,PV,SUN,SUN,,N,2019,EIA923_Schedules_2_3_4_5_M_12_2019_Final_Revision.xlsx,ELEC MMBTU OCT,494628,OCT,2019-10-01,Solar,Photovoltaic,Solar,quantity-consumed-electricity,Solar - Photovoltaic - Solar - Quantity Consumed For Electricity
58915,Copper Mountain Solar 3,PV,SUN,SUN,,N,2019,EIA923_Schedules_2_3_4_5_M_12_2019_Final_Revision.xlsx,TOT MMBTU NOV,363466,NOV,2019-11-01,Solar,Photovoltaic,Solar,total-fuel-consumed,Solar - Photovoltaic - Solar - Total Fuel Consumed
58915,Copper Mountain Solar 3,PV,SUN,SUN,,N,2019,EIA923_Schedules_2_3_4_5_M_12_2019_Final_Revision.xlsx,NETGEN NOV,40816,NOV,2019-11-01,Solar,Photovoltaic,Solar,generation,Solar - Photovoltaic - Solar - Generation
58915,Copper Mountain Solar 3,PV,SUN,SUN,,N,2019,EIA923_Schedules_2_3_4_5_M_12_2019_Final_Revision.xlsx,ELEC MMBTU NOV,363466,NOV,2019-11-01,Solar,Photovoltaic,Solar,quantity-consumed-electricity,Solar - Photovoltaic - Solar - Quantity Consumed For Electricity
58915,Copper Mountain Solar 3,PV,SUN,SUN,,N,2019,EIA923_Schedules_2_3_4_5_M_12_2019_Final_Revision.xlsx,ELEC MMBTU DEC,263677,DEC,2019-12-01,Solar,Photovoltaic,Solar,quantity-consumed-electricity,Solar - Photovoltaic - Solar - Quantity Consumed For Electricity
58915,Copper Mountain Solar 3,PV,SUN,SUN,,N,2019,EIA923_Schedules_2_3_4_5_M_12_2019_Final_Revision.xlsx,TOT MMBTU DEC,263677,DEC,2019-12-01,Solar,Photovoltaic,Solar,total-fuel-consumed,Solar - Photovoltaic - Solar - Total Fuel Consumed
58915,Copper Mountain Solar 3,PV,SUN,SUN,,N,2019,EIA923_Schedules_2_3_4_5_M_12_2019_Final_Revision.xlsx,NETGEN DEC,29610,DEC,2019-12-01,Solar,Photovoltaic,Solar,generation,Solar - Photovoltaic - Solar - Generation
58915,Copper Mountain Solar 3,PV,SUN,SUN,,N,2020,EIA923_Schedules_2_3_4_5_M_12_2020_Final_Revision.xlsx,NETGEN JAN,40505,JAN,2020-01-01,Solar,Photovoltaic,Solar,generation,Solar - Photovoltaic - Solar - Generation
58915,Copper Mountain Solar 3,PV,SUN,SUN,,N,2020,EIA923_Schedules_2_3_4_5_M_12_2020_Final_Revision.xlsx,TOT MMBTU JAN,355107,JAN,2020-01-01,Solar,Photovoltaic,Solar,total-fuel-consumed,Solar - Photovoltaic - Solar - Total Fuel Consumed
58915,Copper Mountain Solar 3,PV,SUN,SUN,,N,2020,EIA923_Schedules_2_3_4_5_M_12_2020_Final_Revision.xlsx,ELEC MMBTU JAN,355107,JAN,2020-01-01,Solar,Photovoltaic,Solar,quantity-consumed-electricity,Solar - Photovoltaic - Solar - Quantity Consumed For Electricity
58915,Copper Mountain Solar 3,PV,SUN,SUN,,N,2020,EIA923_Schedules_2_3_4_5_M_12_2020_Final_Revision.xlsx,NETGEN FEB,48026,FEB,2020-02-01,Solar,Photovoltaic,Solar,generation,Solar - Photovoltaic - Solar - Generation
58915,Copper Mountain Solar 3,PV,SUN,SUN,,N,2020,EIA923_Schedules_2_3_4_5_M_12_2020_Final_Revision.xlsx,ELEC MMBTU FEB,421044,FEB,2020-02-01,Solar,Photovoltaic,Solar,quantity-consumed-electricity,Solar - Photovoltaic - Solar - Quantity Consumed For Electricity
58915,Copper Mountain Solar 3,PV,SUN,SUN,,N,2020,EIA923_Schedules_2_3_4_5_M_12_2020_Final_Revision.xlsx,TOT MMBTU FEB,421044,FEB,2020-02-01,Solar,Photovoltaic,Solar,total-fuel-consumed,Solar - Photovoltaic - Solar - Total Fuel Consumed
58915,Copper Mountain Solar 3,PV,SUN,SUN,,N,2020,EIA923_Schedules_2_3_4_5_M_12_2020_Final_Revision.xlsx,ELEC MMBTU MAR,435527,MAR,2020-03-01,Solar,Photovoltaic,Solar,quantity-consumed-electricity,Solar - Photovoltaic - Solar - Quantity Consumed For Electricity
58915,Copper Mountain Solar 3,PV,SUN,SUN,,N,2020,EIA923_Schedules_2_3_4_5_M_12_2020_Final_Revision.xlsx,TOT MMBTU MAR,435527,MAR,2020-03-01,Solar,Photovoltaic,Solar,total-fuel-consumed,Solar - Photovoltaic - Solar - Total Fuel Consumed
58915,Copper Mountain Solar 3,PV,SUN,SUN,,N,2020,EIA923_Schedules_2_3_4_5_M_12_2020_Final_Revision.xlsx,NETGEN MAR,49678,MAR,2020-03-01,Solar,Photovoltaic,Solar,generation,Solar - Photovoltaic - Solar - Generation
58915,Copper Mountain Solar 3,PV,SUN,SUN,,N,2020,EIA923_Schedules_2_3_4_5_M_12_2020_Final_Revision.xlsx,NETGEN APR,56060,APR,2020-04-01,Solar,Photovoltaic,Solar,generation,Solar - Photovoltaic - Solar - Generation
58915,Copper Mountain Solar 3,PV,SUN,SUN,,N,2020,EIA923_Schedules_2_3_4_5_M_12_2020_Final_Revision.xlsx,TOT MMBTU APR,491478,APR,2020-04-01,Solar,Photovoltaic,Solar,total-fuel-consumed,Solar - Photovoltaic - Solar - Total Fuel Consumed
58915,Copper Mountain Solar 3,PV,SUN,SUN,,N,2020,EIA923_Schedules_2_3_4_5_M_12_2020_Final_Revision.xlsx,ELEC MMBTU APR,491478,APR,2020-04-01,Solar,Photovoltaic,Solar,quantity-consumed-electricity,Solar - Photovoltaic - Solar - Quantity Consumed For Electricity
58915,Copper Mountain Solar 3,PV,SUN,SUN,,N,2020,EIA923_Schedules_2_3_4_5_M_12_2020_Final_Revision.xlsx,NETGEN MAY,65781,MAY,2020-05-01,Solar,Photovoltaic,Solar,generation,Solar - Photovoltaic - Solar - Generation
58915,Copper Mountain Solar 3,PV,SUN,SUN,,N,2020,EIA923_Schedules_2_3_4_5_M_12_2020_Final_Revision.xlsx,TOT MMBTU MAY,576702,MAY,2020-05-01,Solar,Photovoltaic,Solar,total-fuel-consumed,Solar - Photovoltaic - Solar - Total Fuel Consumed
58915,Copper Mountain Solar 3,PV,SUN,SUN,,N,2020,EIA923_Schedules_2_3_4_5_M_12_2020_Final_Revision.xlsx,ELEC MMBTU MAY,576702,MAY,2020-05-01,Solar,Photovoltaic,Solar,quantity-consumed-electricity,Solar - Photovoltaic - Solar - Quantity Consumed For Electricity
58915,Copper Mountain Solar 3,PV,SUN,SUN,,N,2020,EIA923_Schedules_2_3_4_5_M_12_2020_Final_Revision.xlsx,TOT MMBTU JUN,555766,JUN,2020-06-01,Solar,Photovoltaic,Solar,total-fuel-consumed,Solar - Photovoltaic - Solar - Total Fuel Consumed
58915,Copper Mountain Solar 3,PV,SUN,SUN,,N,2020,EIA923_Schedules_2_3_4_5_M_12_2020_Final_Revision.xlsx,NETGEN JUN,63393,JUN,2020-06-01,Solar,Photovoltaic,Solar,generation,Solar - Photovoltaic - Solar - Generation
58915,Copper Mountain Solar 3,PV,SUN,SUN,,N,2020,EIA923_Schedules_2_3_4_5_M_12_2020_Final_Revision.xlsx,ELEC MMBTU JUN,555766,JUN,2020-06-01,Solar,Photovoltaic,Solar,quantity-consumed-electricity,Solar - Photovoltaic - Solar - Quantity Consumed For Electricity
58915,Copper Mountain Solar 3,PV,SUN,SUN,,N,2020,EIA923_Schedules_2_3_4_5_M_12_2020_Final_Revision.xlsx,TOT MMBTU JUL,562666,JUL,2020-07-01,Solar,Photovoltaic,Solar,total-fuel-consumed,Solar - Photovoltaic - Solar - Total Fuel Consumed
58915,Copper Mountain Solar 3,PV,SUN,SUN,,N,2020,EIA923_Schedules_2_3_4_5_M_12_2020_Final_Revision.xlsx,NETGEN JUL,64180,JUL,2020-07-01,Solar,Photovoltaic,Solar,generation,Solar - Photovoltaic - Solar - Generation
58915,Copper Mountain Solar 3,PV,SUN,SUN,,N,2020,EIA923_Schedules_2_3_4_5_M_12_2020_Final_Revision.xlsx,ELEC MMBTU JUL,562666,JUL,2020-07-01,Solar,Photovoltaic,Solar,quantity-consumed-electricity,Solar - Photovoltaic - Solar - Quantity Consumed For Electricity
58915,Copper Mountain Solar 3,PV,SUN,SUN,,N,2020,EIA923_Schedules_2_3_4_5_M_12_2020_Final_Revision.xlsx,NETGEN AUG,58955,AUG,2020-08-01,Solar,Photovoltaic,Solar,generation,Solar - Photovoltaic - Solar - Generation
58915,Copper Mountain Solar 3,PV,SUN,SUN,,N,2020,EIA923_Schedules_2_3_4_5_M_12_2020_Final_Revision.xlsx,TOT MMBTU AUG,516858,AUG,2020-08-01,Solar,Photovoltaic,Solar,total-fuel-consumed,Solar - Photovoltaic - Solar - Total Fuel Consumed
58915,Copper Mountain Solar 3,PV,SUN,SUN,,N,2020,EIA923_Schedules_2_3_4_5_M_12_2020_Final_Revision.xlsx,ELEC MMBTU AUG,516858,AUG,2020-08-01,Solar,Photovoltaic,Solar,quantity-consumed-electricity,Solar - Photovoltaic - Solar - Quantity Consumed For Electricity
58915,Copper Mountain Solar 3,PV,SUN,SUN,,N,2020,EIA923_Schedules_2_3_4_5_M_12_2020_Final_Revision.xlsx,ELEC MMBTU SEP,478854,SEP,2020-09-01,Solar,Photovoltaic,Solar,quantity-consumed-electricity,Solar - Photovoltaic - Solar - Quantity Consumed For Electricity
58915,Copper Mountain Solar 3,PV,SUN,SUN,,N,2020,EIA923_Schedules_2_3_4_5_M_12_2020_Final_Revision.xlsx,NETGEN SEP,54620,SEP,2020-09-01,Solar,Photovoltaic,Solar,generation,Solar - Photovoltaic - Solar - Generation
58915,Copper Mountain Solar 3,PV,SUN,SUN,,N,2020,EIA923_Schedules_2_3_4_5_M_12_2020_Final_Revision.xlsx,TOT MMBTU SEP,478854,SEP,2020-09-01,Solar,Photovoltaic,Solar,total-fuel-consumed,Solar - Photovoltaic - Solar - Total Fuel Consumed
58915,Copper Mountain Solar 3,PV,SUN,SUN,,N,2020,EIA923_Schedules_2_3_4_5_M_12_2020_Final_Revision.xlsx,TOT MMBTU OCT,459505,OCT,2020-10-01,Solar,Photovoltaic,Solar,total-fuel-consumed,Solar - Photovoltaic - Solar - Total Fuel Consumed
58915,Copper Mountain Solar 3,PV,SUN,SUN,,N,2020,EIA923_Schedules_2_3_4_5_M_12_2020_Final_Revision.xlsx,NETGEN OCT,52413,OCT,2020-10-01,Solar,Photovoltaic,Solar,generation,Solar - Photovoltaic - Solar - Generation
58915,Copper Mountain Solar 3,PV,SUN,SUN,,N,2020,EIA923_Schedules_2_3_4_5_M_12_2020_Final_Revision.xlsx,ELEC MMBTU OCT,459505,OCT,2020-10-01,Solar,Photovoltaic,Solar,quantity-consumed-electricity,Solar - Photovoltaic - Solar - Quantity Consumed For Electricity
58915,Copper Mountain Solar 3,PV,SUN,SUN,,N,2020,EIA923_Schedules_2_3_4_5_M_12_2020_Final_Revision.xlsx,NETGEN NOV,39976,NOV,2020-11-01,Solar,Photovoltaic,Solar,generation,Solar - Photovoltaic - Solar - Generation
58915,Copper Mountain Solar 3,PV,SUN,SUN,,N,2020,EIA923_Schedules_2_3_4_5_M_12_2020_Final_Revision.xlsx,ELEC MMBTU NOV,350470,NOV,2020-11-01,Solar,Photovoltaic,Solar,quantity-consumed-electricity,Solar - Photovoltaic - Solar - Quantity Consumed For Electricity
58915,Copper Mountain Solar 3,PV,SUN,SUN,,N,2020,EIA923_Schedules_2_3_4_5_M_12_2020_Final_Revision.xlsx,TOT MMBTU NOV,350470,NOV,2020-11-01,Solar,Photovoltaic,Solar,total-fuel-consumed,Solar - Photovoltaic - Solar - Total Fuel Consumed
58915,Copper Mountain Solar 3,PV,SUN,SUN,,N,2020,EIA923_Schedules_2_3_4_5_M_12_2020_Final_Revision.xlsx,ELEC MMBTU DEC,310597,DEC,2020-12-01,Solar,Photovoltaic,Solar,quantity-consumed-electricity,Solar - Photovoltaic - Solar - Quantity Consumed For Electricity
58915,Copper Mountain Solar 3,PV,SUN,SUN,,N,2020,EIA923_Schedules_2_3_4_5_M_12_2020_Final_Revision.xlsx,NETGEN DEC,35428,DEC,2020-12-01,Solar,Photovoltaic,Solar,generation,Solar - Photovoltaic - Solar - Generation
58915,Copper Mountain Solar 3,PV,SUN,SUN,,N,2020,EIA923_Schedules_2_3_4_5_M_12_2020_Final_Revision.xlsx,TOT MMBTU DEC,310597,DEC,2020-12-01,Solar,Photovoltaic,Solar,total-fuel-consumed,Solar - Photovoltaic - Solar - Total Fuel Consumed
58915,Copper Mountain Solar 3,PV,SUN,SUN,,N,2021,EIA923_Schedules_2_3_4_5_M_12_2021_Final_Revision.xlsx,ELEC MMBTU JAN,316527,JAN,2021-01-01,Solar,Photovoltaic,Solar,quantity-consumed-electricity,Solar - Photovoltaic - Solar - Quantity Consumed For Electricity
58915,Copper Mountain Solar 3,PV,SUN,SUN,,N,2021,EIA923_Schedules_2_3_4_5_M_12_2021_Final_Revision.xlsx,TOT MMBTU JAN,316527,JAN,2021-01-01,Solar,Photovoltaic,Solar,total-fuel-consumed,Solar - Photovoltaic - Solar - Total Fuel Consumed
58915,Copper Mountain Solar 3,PV,SUN,SUN,,N,2021,EIA923_Schedules_2_3_4_5_M_12_2021_Final_Revision.xlsx,NETGEN JAN,35790,JAN,2021-01-01,Solar,Photovoltaic,Solar,generation,Solar - Photovoltaic - Solar - Generation
58915,Copper Mountain Solar 3,PV,SUN,SUN,,N,2021,EIA923_Schedules_2_3_4_5_M_12_2021_Final_Revision.xlsx,TOT MMBTU FEB,388455,FEB,2021-02-01,Solar,Photovoltaic,Solar,total-fuel-consumed,Solar - Photovoltaic - Solar - Total Fuel Consumed
58915,Copper Mountain Solar 3,PV,SUN,SUN,,N,2021,EIA923_Schedules_2_3_4_5_M_12_2021_Final_Revision.xlsx,NETGEN FEB,43923,FEB,2021-02-01,Solar,Photovoltaic,Solar,generation,Solar - Photovoltaic - Solar - Generation
58915,Copper Mountain Solar 3,PV,SUN,SUN,,N,2021,EIA923_Schedules_2_3_4_5_M_12_2021_Final_Revision.xlsx,ELEC MMBTU FEB,388455,FEB,2021-02-01,Solar,Photovoltaic,Solar,quantity-consumed-electricity,Solar - Photovoltaic - Solar - Quantity Consumed For Electricity
58915,Copper Mountain Solar 3,PV,SUN,SUN,,N,2021,EIA923_Schedules_2_3_4_5_M_12_2021_Final_Revision.xlsx,NETGEN MAR,53674,MAR,2021-03-01,Solar,Photovoltaic,Solar,generation,Solar - Photovoltaic - Solar - Generation
58915,Copper Mountain Solar 3,PV,SUN,SUN,,N,2021,EIA923_Schedules_2_3_4_5_M_12_2021_Final_Revision.xlsx,TOT MMBTU MAR,474693,MAR,2021-03-01,Solar,Photovoltaic,Solar,total-fuel-consumed,Solar - Photovoltaic - Solar - Total Fuel Consumed
58915,Copper Mountain Solar 3,PV,SUN,SUN,,N,2021,EIA923_Schedules_2_3_4_5_M_12_2021_Final_Revision.xlsx,ELEC MMBTU MAR,474693,MAR,2021-03-01,Solar,Photovoltaic,Solar,quantity-consumed-electricity,Solar - Photovoltaic - Solar - Quantity Consumed For Electricity
58915,Copper Mountain Solar 3,PV,SUN,SUN,,N,2021,EIA923_Schedules_2_3_4_5_M_12_2021_Final_Revision.xlsx,TOT MMBTU APR,538290,APR,2021-04-01,Solar,Photovoltaic,Solar,total-fuel-consumed,Solar - Photovoltaic - Solar - Total Fuel Consumed
58915,Copper Mountain Solar 3,PV,SUN,SUN,,N,2021,EIA923_Schedules_2_3_4_5_M_12_2021_Final_Revision.xlsx,NETGEN APR,60865,APR,2021-04-01,Solar,Photovoltaic,Solar,generation,Solar - Photovoltaic - Solar - Generation
58915,Copper Mountain Solar 3,PV,SUN,SUN,,N,2021,EIA923_Schedules_2_3_4_5_M_12_2021_Final_Revision.xlsx,ELEC MMBTU APR,538290,APR,2021-04-01,Solar,Photovoltaic,Solar,quantity-consumed-electricity,Solar - Photovoltaic - Solar - Quantity Consumed For Electricity
58915,Copper Mountain Solar 3,PV,SUN,SUN,,N,2021,EIA923_Schedules_2_3_4_5_M_12_2021_Final_Revision.xlsx,TOT MMBTU MAY,572198,MAY,2021-05-01,Solar,Photovoltaic,Solar,total-fuel-consumed,Solar - Photovoltaic - Solar - Total Fuel Consumed
58915,Copper Mountain Solar 3,PV,SUN,SUN,,N,2021,EIA923_Schedules_2_3_4_5_M_12_2021_Final_Revision.xlsx,ELEC MMBTU MAY,572198,MAY,2021-05-01,Solar,Photovoltaic,Solar,quantity-consumed-electricity,Solar - Photovoltaic - Solar - Quantity Consumed For Electricity
58915,Copper Mountain Solar 3,PV,SUN,SUN,,N,2021,EIA923_Schedules_2_3_4_5_M_12_2021_Final_Revision.xlsx,NETGEN MAY,64699,MAY,2021-05-01,Solar,Photovoltaic,Solar,generation,Solar - Photovoltaic - Solar - Generation
58915,Copper Mountain Solar 3,PV,SUN,SUN,,N,2021,EIA923_Schedules_2_3_4_5_M_12_2021_Final_Revision.xlsx,ELEC MMBTU JUN,515013,JUN,2021-06-01,Solar,Photovoltaic,Solar,quantity-consumed-electricity,Solar - Photovoltaic - Solar - Quantity Consumed For Electricity
58915,Copper Mountain Solar 3,PV,SUN,SUN,,N,2021,EIA923_Schedules_2_3_4_5_M_12_2021_Final_Revision.xlsx,NETGEN JUN,58233,JUN,2021-06-01,Solar,Photovoltaic,Solar,generation,Solar - Photovoltaic - Solar - Generation
58915,Copper Mountain Solar 3,PV,SUN,SUN,,N,2021,EIA923_Schedules_2_3_4_5_M_12_2021_Final_Revision.xlsx,TOT MMBTU JUN,515013,JUN,2021-06-01,Solar,Photovoltaic,Solar,total-fuel-consumed,Solar - Photovoltaic - Solar - Total Fuel Consumed
58915,Copper Mountain Solar 3,PV,SUN,SUN,,N,2021,EIA923_Schedules_2_3_4_5_M_12_2021_Final_Revision.xlsx,NETGEN JUL,55723,JUL,2021-07-01,Solar,Photovoltaic,Solar,generation,Solar - Photovoltaic - Solar - Generation
58915,Copper Mountain Solar 3,PV,SUN,SUN,,N,2021,EIA923_Schedules_2_3_4_5_M_12_2021_Final_Revision.xlsx,ELEC MMBTU JUL,492814,JUL,2021-07-01,Solar,Photovoltaic,Solar,quantity-consumed-electricity,Solar - Photovoltaic - Solar - Quantity Consumed For Electricity
58915,Copper Mountain Solar 3,PV,SUN,SUN,,N,2021,EIA923_Schedules_2_3_4_5_M_12_2021_Final_Revision.xlsx,TOT MMBTU JUL,492814,JUL,2021-07-01,Solar,Photovoltaic,Solar,total-fuel-consumed,Solar - Photovoltaic - Solar - Total Fuel Consumed
58915,Copper Mountain Solar 3,PV,SUN,SUN,,N,2021,EIA923_Schedules_2_3_4_5_M_12_2021_Final_Revision.xlsx,NETGEN AUG,56796,AUG,2021-08-01,Solar,Photovoltaic,Solar,generation,Solar - Photovoltaic - Solar - Generation
58915,Copper Mountain Solar 3,PV,SUN,SUN,,N,2021,EIA923_Schedules_2_3_4_5_M_12_2021_Final_Revision.xlsx,ELEC MMBTU AUG,502304,AUG,2021-08-01,Solar,Photovoltaic,Solar,quantity-consumed-electricity,Solar - Photovoltaic - Solar - Quantity Consumed For Electricity
58915,Copper Mountain Solar 3,PV,SUN,SUN,,N,2021,EIA923_Schedules_2_3_4_5_M_12_2021_Final_Revision.xlsx,TOT MMBTU AUG,502304,AUG,2021-08-01,Solar,Photovoltaic,Solar,total-fuel-consumed,Solar - Photovoltaic - Solar - Total Fuel Consumed
58915,Copper Mountain Solar 3,PV,SUN,SUN,,N,2021,EIA923_Schedules_2_3_4_5_M_12_2021_Final_Revision.xlsx,ELEC MMBTU SEP,476462,SEP,2021-09-01,Solar,Photovoltaic,Solar,quantity-consumed-electricity,Solar - Photovoltaic - Solar - Quantity Consumed For Electricity
58915,Copper Mountain Solar 3,PV,SUN,SUN,,N,2021,EIA923_Schedules_2_3_4_5_M_12_2021_Final_Revision.xlsx,TOT MMBTU SEP,476462,SEP,2021-09-01,Solar,Photovoltaic,Solar,total-fuel-consumed,Solar - Photovoltaic - Solar - Total Fuel Consumed
58915,Copper Mountain Solar 3,PV,SUN,SUN,,N,2021,EIA923_Schedules_2_3_4_5_M_12_2021_Final_Revision.xlsx,NETGEN SEP,53874,SEP,2021-09-01,Solar,Photovoltaic,Solar,generation,Solar - Photovoltaic - Solar - Generation
58915,Copper Mountain Solar 3,PV,SUN,SUN,,N,2021,EIA923_Schedules_2_3_4_5_M_12_2021_Final_Revision.xlsx,ELEC MMBTU OCT,420638,OCT,2021-10-01,Solar,Photovoltaic,Solar,quantity-consumed-electricity,Solar - Photovoltaic - Solar - Quantity Consumed For Electricity
58915,Copper Mountain Solar 3,PV,SUN,SUN,,N,2021,EIA923_Schedules_2_3_4_5_M_12_2021_Final_Revision.xlsx,NETGEN OCT,47562,OCT,2021-10-01,Solar,Photovoltaic,Solar,generation,Solar - Photovoltaic - Solar - Generation
58915,Copper Mountain Solar 3,PV,SUN,SUN,,N,2021,EIA923_Schedules_2_3_4_5_M_12_2021_Final_Revision.xlsx,TOT MMBTU OCT,420638,OCT,2021-10-01,Solar,Photovoltaic,Solar,total-fuel-consumed,Solar - Photovoltaic - Solar - Total Fuel Consumed
58915,Copper Mountain Solar 3,PV,SUN,SUN,,N,2021,EIA923_Schedules_2_3_4_5_M_12_2021_Final_Revision.xlsx,NETGEN NOV,42002,NOV,2021-11-01,Solar,Photovoltaic,Solar,generation,Solar - Photovoltaic - Solar - Generation
58915,Copper Mountain Solar 3,PV,SUN,SUN,,N,2021,EIA923_Schedules_2_3_4_5_M_12_2021_Final_Revision.xlsx,TOT MMBTU NOV,371466,NOV,2021-11-01,Solar,Photovoltaic,Solar,total-fuel-consumed,Solar - Photovoltaic - Solar - Total Fuel Consumed
58915,Copper Mountain Solar 3,PV,SUN,SUN,,N,2021,EIA923_Schedules_2_3_4_5_M_12_2021_Final_Revision.xlsx,ELEC MMBTU NOV,371466,NOV,2021-11-01,Solar,Photovoltaic,Solar,quantity-consumed-electricity,Solar - Photovoltaic - Solar - Quantity Consumed For Electricity
58915,Copper Mountain Solar 3,PV,SUN,SUN,,N,2021,EIA923_Schedules_2_3_4_5_M_12_2021_Final_Revision.xlsx,NETGEN DEC,32095,DEC,2021-12-01,Solar,Photovoltaic,Solar,generation,Solar - Photovoltaic - Solar - Generation
58915,Copper Mountain Solar 3,PV,SUN,SUN,,N,2021,EIA923_Schedules_2_3_4_5_M_12_2021_Final_Revision.xlsx,TOT MMBTU DEC,283848,DEC,2021-12-01,Solar,Photovoltaic,Solar,total-fuel-consumed,Solar - Photovoltaic - Solar - Total Fuel Consumed
58915,Copper Mountain Solar 3,PV,SUN,SUN,,N,2021,EIA923_Schedules_2_3_4_5_M_12_2021_Final_Revision.xlsx,ELEC MMBTU DEC,283848,DEC,2021-12-01,Solar,Photovoltaic,Solar,quantity-consumed-electricity,Solar - Photovoltaic - Solar - Quantity Consumed For Electricity
58915,Copper Mountain Solar 3,PV,SUN,SUN,,N,2022,EIA923_Schedules_2_3_4_5_M_12_2022_Final_Revision.xlsx,NETGEN JAN,41502,JAN,2022-01-01,Solar,Photovoltaic,Solar,generation,Solar - Photovoltaic - Solar - Generation
58915,Copper Mountain Solar 3,PV,SUN,SUN,,N,2022,EIA923_Schedules_2_3_4_5_M_12_2022_Final_Revision.xlsx,ELEC MMBTU JAN,141605,JAN,2022-01-01,Solar,Photovoltaic,Solar,quantity-consumed-electricity,Solar - Photovoltaic - Solar - Quantity Consumed For Electricity
58915,Copper Mountain Solar 3,PV,SUN,SUN,,N,2022,EIA923_Schedules_2_3_4_5_M_12_2022_Final_Revision.xlsx,TOT MMBTU JAN,141605,JAN,2022-01-01,Solar,Photovoltaic,Solar,total-fuel-consumed,Solar - Photovoltaic - Solar - Total Fuel Consumed
58915,Copper Mountain Solar 3,PV,SUN,SUN,,N,2022,EIA923_Schedules_2_3_4_5_M_12_2022_Final_Revision.xlsx,NETGEN FEB,47503,FEB,2022-02-01,Solar,Photovoltaic,Solar,generation,Solar - Photovoltaic - Solar - Generation
58915,Copper Mountain Solar 3,PV,SUN,SUN,,N,2022,EIA923_Schedules_2_3_4_5_M_12_2022_Final_Revision.xlsx,ELEC MMBTU FEB,162080,FEB,2022-02-01,Solar,Photovoltaic,Solar,quantity-consumed-electricity,Solar - Photovoltaic - Solar - Quantity Consumed For Electricity
58915,Copper Mountain Solar 3,PV,SUN,SUN,,N,2022,EIA923_Schedules_2_3_4_5_M_12_2022_Final_Revision.xlsx,TOT MMBTU FEB,162080,FEB,2022-02-01,Solar,Photovoltaic,Solar,total-fuel-consumed,Solar - Photovoltaic - Solar - Total Fuel Consumed
58915,Copper Mountain Solar 3,PV,SUN,SUN,,N,2022,EIA923_Schedules_2_3_4_5_M_12_2022_Final_Revision.xlsx,NETGEN MAR,55162,MAR,2022-03-01,Solar,Photovoltaic,Solar,generation,Solar - Photovoltaic - Solar - Generation
58915,Copper Mountain Solar 3,PV,SUN,SUN,,N,2022,EIA923_Schedules_2_3_4_5_M_12_2022_Final_Revision.xlsx,TOT MMBTU MAR,188213,MAR,2022-03-01,Solar,Photovoltaic,Solar,total-fuel-consumed,Solar - Photovoltaic - Solar - Total Fuel Consumed
58915,Copper Mountain Solar 3,PV,SUN,SUN,,N,2022,EIA923_Schedules_2_3_4_5_M_12_2022_Final_Revision.xlsx,ELEC MMBTU MAR,188213,MAR,2022-03-01,Solar,Photovoltaic,Solar,quantity-consumed-electricity,Solar - Photovoltaic - Solar - Quantity Consumed For Electricity
58915,Copper Mountain Solar 3,PV,SUN,SUN,,N,2022,EIA923_Schedules_2_3_4_5_M_12_2022_Final_Revision.xlsx,ELEC MMBTU APR,210398,APR,2022-04-01,Solar,Photovoltaic,Solar,quantity-consumed-electricity,Solar - Photovoltaic - Solar - Quantity Consumed For Electricity
58915,Copper Mountain Solar 3,PV,SUN,SUN,,N,2022,EIA923_Schedules_2_3_4_5_M_12_2022_Final_Revision.xlsx,NETGEN APR,61664,APR,2022-04-01,Solar,Photovoltaic,Solar,generation,Solar - Photovoltaic - Solar - Generation
58915,Copper Mountain Solar 3,PV,SUN,SUN,,N,2022,EIA923_Schedules_2_3_4_5_M_12_2022_Final_Revision.xlsx,TOT MMBTU APR,210398,APR,2022-04-01,Solar,Photovoltaic,Solar,total-fuel-consumed,Solar - Photovoltaic - Solar - Total Fuel Consumed
58915,Copper Mountain Solar 3,PV,SUN,SUN,,N,2022,EIA923_Schedules_2_3_4_5_M_12_2022_Final_Revision.xlsx,NETGEN MAY,67002,MAY,2022-05-01,Solar,Photovoltaic,Solar,generation,Solar - Photovoltaic - Solar - Generation
58915,Copper Mountain Solar 3,PV,SUN,SUN,,N,2022,EIA923_Schedules_2_3_4_5_M_12_2022_Final_Revision.xlsx,ELEC MMBTU MAY,228611,MAY,2022-05-01,Solar,Photovoltaic,Solar,quantity-consumed-electricity,Solar - Photovoltaic - Solar - Quantity Consumed For Electricity
58915,Copper Mountain Solar 3,PV,SUN,SUN,,N,2022,EIA923_Schedules_2_3_4_5_M_12_2022_Final_Revision.xlsx,TOT MMBTU MAY,228611,MAY,2022-05-01,Solar,Photovoltaic,Solar,total-fuel-consumed,Solar - Photovoltaic - Solar - Total Fuel Consumed
58915,Copper Mountain Solar 3,PV,SUN,SUN,,N,2022,EIA923_Schedules_2_3_4_5_M_12_2022_Final_Revision.xlsx,ELEC MMBTU JUN,210080,JUN,2022-06-01,Solar,Photovoltaic,Solar,quantity-consumed-electricity,Solar - Photovoltaic - Solar - Quantity Consumed For Electricity
58915,Copper Mountain Solar 3,PV,SUN,SUN,,N,2022,EIA923_Schedules_2_3_4_5_M_12_2022_Final_Revision.xlsx,NETGEN JUN,61571,JUN,2022-06-01,Solar,Photovoltaic,Solar,generation,Solar - Photovoltaic - Solar - Generation
58915,Copper Mountain Solar 3,PV,SUN,SUN,,N,2022,EIA923_Schedules_2_3_4_5_M_12_2022_Final_Revision.xlsx,TOT MMBTU JUN,210080,JUN,2022-06-01,Solar,Photovoltaic,Solar,total-fuel-consumed,Solar - Photovoltaic - Solar - Total Fuel Consumed
58915,Copper Mountain Solar 3,PV,SUN,SUN,,N,2022,EIA923_Schedules_2_3_4_5_M_12_2022_Final_Revision.xlsx,ELEC MMBTU JUL,191638,JUL,2022-07-01,Solar,Photovoltaic,Solar,quantity-consumed-electricity,Solar - Photovoltaic - Solar - Quantity Consumed For Electricity
58915,Copper Mountain Solar 3,PV,SUN,SUN,,N,2022,EIA923_Schedules_2_3_4_5_M_12_2022_Final_Revision.xlsx,TOT MMBTU JUL,191638,JUL,2022-07-01,Solar,Photovoltaic,Solar,total-fuel-consumed,Solar - Photovoltaic - Solar - Total Fuel Consumed
58915,Copper Mountain Solar 3,PV,SUN,SUN,,N,2022,EIA923_Schedules_2_3_4_5_M_12_2022_Final_Revision.xlsx,NETGEN JUL,56166,JUL,2022-07-01,Solar,Photovoltaic,Solar,generation,Solar - Photovoltaic - Solar - Generation
58915,Copper Mountain Solar 3,PV,SUN,SUN,,N,2022,EIA923_Schedules_2_3_4_5_M_12_2022_Final_Revision.xlsx,TOT MMBTU AUG,177595,AUG,2022-08-01,Solar,Photovoltaic,Solar,total-fuel-consumed,Solar - Photovoltaic - Solar - Total Fuel Consumed
58915,Copper Mountain Solar 3,PV,SUN,SUN,,N,2022,EIA923_Schedules_2_3_4_5_M_12_2022_Final_Revision.xlsx,NETGEN AUG,52050,AUG,2022-08-01,Solar,Photovoltaic,Solar,generation,Solar - Photovoltaic - Solar - Generation
58915,Copper Mountain Solar 3,PV,SUN,SUN,,N,2022,EIA923_Schedules_2_3_4_5_M_12_2022_Final_Revision.xlsx,ELEC MMBTU AUG,177595,AUG,2022-08-01,Solar,Photovoltaic,Solar,quantity-consumed-electricity,Solar - Photovoltaic - Solar - Quantity Consumed For Electricity
58915,Copper Mountain Solar 3,PV,SUN,SUN,,N,2022,EIA923_Schedules_2_3_4_5_M_12_2022_Final_Revision.xlsx,ELEC MMBTU SEP,179990,SEP,2022-09-01,Solar,Photovoltaic,Solar,quantity-consumed-electricity,Solar - Photovoltaic - Solar - Quantity Consumed For Electricity
58915,Copper Mountain Solar 3,PV,SUN,SUN,,N,2022,EIA923_Schedules_2_3_4_5_M_12_2022_Final_Revision.xlsx,TOT MMBTU SEP,179990,SEP,2022-09-01,Solar,Photovoltaic,Solar,total-fuel-consumed,Solar - Photovoltaic - Solar - Total Fuel Consumed
58915,Copper Mountain Solar 3,PV,SUN,SUN,,N,2022,EIA923_Schedules_2_3_4_5_M_12_2022_Final_Revision.xlsx,NETGEN SEP,52752,SEP,2022-09-01,Solar,Photovoltaic,Solar,generation,Solar - Photovoltaic - Solar - Generation
58915,Copper Mountain Solar 3,PV,SUN,SUN,,N,2022,EIA923_Schedules_2_3_4_5_M_12_2022_Final_Revision.xlsx,ELEC MMBTU OCT,177233,OCT,2022-10-01,Solar,Photovoltaic,Solar,quantity-consumed-electricity,Solar - Photovoltaic - Solar - Quantity Consumed For Electricity
58915,Copper Mountain Solar 3,PV,SUN,SUN,,N,2022,EIA923_Schedules_2_3_4_5_M_12_2022_Final_Revision.xlsx,TOT MMBTU OCT,177233,OCT,2022-10-01,Solar,Photovoltaic,Solar,total-fuel-consumed,Solar - Photovoltaic - Solar - Total Fuel Consumed
58915,Copper Mountain Solar 3,PV,SUN,SUN,,N,2022,EIA923_Schedules_2_3_4_5_M_12_2022_Final_Revision.xlsx,NETGEN OCT,51944,OCT,2022-10-01,Solar,Photovoltaic,Solar,generation,Solar - Photovoltaic - Solar - Generation
58915,Copper Mountain Solar 3,PV,SUN,SUN,,N,2022,EIA923_Schedules_2_3_4_5_M_12_2022_Final_Revision.xlsx,TOT MMBTU NOV,129325,NOV,2022-11-01,Solar,Photovoltaic,Solar,total-fuel-consumed,Solar - Photovoltaic - Solar - Total Fuel Consumed
58915,Copper Mountain Solar 3,PV,SUN,SUN,,N,2022,EIA923_Schedules_2_3_4_5_M_12_2022_Final_Revision.xlsx,ELEC MMBTU NOV,129325,NOV,2022-11-01,Solar,Photovoltaic,Solar,quantity-consumed-electricity,Solar - Photovoltaic - Solar - Quantity Consumed For Electricity
58915,Copper Mountain Solar 3,PV,SUN,SUN,,N,2022,EIA923_Schedules_2_3_4_5_M_12_2022_Final_Revision.xlsx,NETGEN NOV,37903,NOV,2022-11-01,Solar,Photovoltaic,Solar,generation,Solar - Photovoltaic - Solar - Generation
58915,Copper Mountain Solar 3,PV,SUN,SUN,,N,2022,EIA923_Schedules_2_3_4_5_M_12_2022_Final_Revision.xlsx,ELEC MMBTU DEC,108798,DEC,2022-12-01,Solar,Photovoltaic,Solar,quantity-consumed-electricity,Solar - Photovoltaic - Solar - Quantity Consumed For Electricity
58915,Copper Mountain Solar 3,PV,SUN,SUN,,N,2022,EIA923_Schedules_2_3_4_5_M_12_2022_Final_Revision.xlsx,NETGEN DEC,31887,DEC,2022-12-01,Solar,Photovoltaic,Solar,generation,Solar - Photovoltaic - Solar - Generation
58915,Copper Mountain Solar 3,PV,SUN,SUN,,N,2022,EIA923_Schedules_2_3_4_5_M_12_2022_Final_Revision.xlsx,TOT MMBTU DEC,108798,DEC,2022-12-01,Solar,Photovoltaic,Solar,total-fuel-consumed,Solar - Photovoltaic - Solar - Total Fuel Consumed
58915,Copper Mountain Solar 3,PV,SUN,SUN,,N,2023,EIA923_Schedules_2_3_4_5_M_12_2023_Final_Revision.xlsx,TOT MMBTU JAN,114411,JAN,2023-01-01,Solar,Photovoltaic,Solar,total-fuel-consumed,Solar - Photovoltaic - Solar - Total Fuel Consumed
58915,Copper Mountain Solar 3,PV,SUN,SUN,,N,2023,EIA923_Schedules_2_3_4_5_M_12_2023_Final_Revision.xlsx,ELEC MMBTU JAN,114411,JAN,2023-01-01,Solar,Photovoltaic,Solar,quantity-consumed-electricity,Solar - Photovoltaic - Solar - Quantity Consumed For Electricity
58915,Copper Mountain Solar 3,PV,SUN,SUN,,N,2023,EIA923_Schedules_2_3_4_5_M_12_2023_Final_Revision.xlsx,NETGEN JAN,33532,JAN,2023-01-01,Solar,Photovoltaic,Solar,generation,Solar - Photovoltaic - Solar - Generation
58915,Copper Mountain Solar 3,PV,SUN,SUN,,N,2023,EIA923_Schedules_2_3_4_5_M_12_2023_Final_Revision.xlsx,ELEC MMBTU FEB,132918,FEB,2023-02-01,Solar,Photovoltaic,Solar,quantity-consumed-electricity,Solar - Photovoltaic - Solar - Quantity Consumed For Electricity
58915,Copper Mountain Solar 3,PV,SUN,SUN,,N,2023,EIA923_Schedules_2_3_4_5_M_12_2023_Final_Revision.xlsx,NETGEN FEB,38956,FEB,2023-02-01,Solar,Photovoltaic,Solar,generation,Solar - Photovoltaic - Solar - Generation
58915,Copper Mountain Solar 3,PV,SUN,SUN,,N,2023,EIA923_Schedules_2_3_4_5_M_12_2023_Final_Revision.xlsx,TOT MMBTU FEB,132918,FEB,2023-02-01,Solar,Photovoltaic,Solar,total-fuel-consumed,Solar - Photovoltaic - Solar - Total Fuel Consumed
58915,Copper Mountain Solar 3,PV,SUN,SUN,,N,2023,EIA923_Schedules_2_3_4_5_M_12_2023_Final_Revision.xlsx,NETGEN MAR,46839,MAR,2023-03-01,Solar,Photovoltaic,Solar,generation,Solar - Photovoltaic - Solar - Generation
58915,Copper Mountain Solar 3,PV,SUN,SUN,,N,2023,EIA923_Schedules_2_3_4_5_M_12_2023_Final_Revision.xlsx,TOT MMBTU MAR,159815,MAR,2023-03-01,Solar,Photovoltaic,Solar,total-fuel-consumed,Solar - Photovoltaic - Solar - Total Fuel Consumed
58915,Copper Mountain Solar 3,PV,SUN,SUN,,N,2023,EIA923_Schedules_2_3_4_5_M_12_2023_Final_Revision.xlsx,ELEC MMBTU MAR,159815,MAR,2023-03-01,Solar,Photovoltaic,Solar,quantity-consumed-electricity,Solar - Photovoltaic - Solar - Quantity Consumed For Electricity
58915,Copper Mountain Solar 3,PV,SUN,SUN,,N,2023,EIA923_Schedules_2_3_4_5_M_12_2023_Final_Revision.xlsx,ELEC MMBTU APR,211554,APR,2023-04-01,Solar,Photovoltaic,Solar,quantity-consumed-electricity,Solar - Photovoltaic - Solar - Quantity Consumed For Electricity
58915,Copper Mountain Solar 3,PV,SUN,SUN,,N,2023,EIA923_Schedules_2_3_4_5_M_12_2023_Final_Revision.xlsx,NETGEN APR,62003,APR,2023-04-01,Solar,Photovoltaic,Solar,generation,Solar - Photovoltaic - Solar - Generation
58915,Copper Mountain Solar 3,PV,SUN,SUN,,N,2023,EIA923_Schedules_2_3_4_5_M_12_2023_Final_Revision.xlsx,TOT MMBTU APR,211554,APR,2023-04-01,Solar,Photovoltaic,Solar,total-fuel-consumed,Solar - Photovoltaic - Solar - Total Fuel Consumed
58915,Copper Mountain Solar 3,PV,SUN,SUN,,N,2023,EIA923_Schedules_2_3_4_5_M_12_2023_Final_Revision.xlsx,ELEC MMBTU MAY,215795,MAY,2023-05-01,Solar,Photovoltaic,Solar,quantity-consumed-electricity,Solar - Photovoltaic - Solar - Quantity Consumed For Electricity
58915,Copper Mountain Solar 3,PV,SUN,SUN,,N,2023,EIA923_Schedules_2_3_4_5_M_12_2023_Final_Revision.xlsx,NETGEN MAY,63246,MAY,2023-05-01,Solar,Photovoltaic,Solar,generation,Solar - Photovoltaic - Solar - Generation
58915,Copper Mountain Solar 3,PV,SUN,SUN,,N,2023,EIA923_Schedules_2_3_4_5_M_12_2023_Final_Revision.xlsx,TOT MMBTU MAY,215795,MAY,2023-05-01,Solar,Photovoltaic,Solar,total-fuel-consumed,Solar - Photovoltaic - Solar - Total Fuel Consumed
58915,Copper Mountain Solar 3,PV,SUN,SUN,,N,2023,EIA923_Schedules_2_3_4_5_M_12_2023_Final_Revision.xlsx,TOT MMBTU JUN,204669,JUN,2023-06-01,Solar,Photovoltaic,Solar,total-fuel-consumed,Solar - Photovoltaic - Solar - Total Fuel Consumed
58915,Copper Mountain Solar 3,PV,SUN,SUN,,N,2023,EIA923_Schedules_2_3_4_5_M_12_2023_Final_Revision.xlsx,NETGEN JUN,59985,JUN,2023-06-01,Solar,Photovoltaic,Solar,generation,Solar - Photovoltaic - Solar - Generation
58915,Copper Mountain Solar 3,PV,SUN,SUN,,N,2023,EIA923_Schedules_2_3_4_5_M_12_2023_Final_Revision.xlsx,ELEC MMBTU JUN,204669,JUN,2023-06-01,Solar,Photovoltaic,Solar,quantity-consumed-electricity,Solar - Photovoltaic - Solar - Quantity Consumed For Electricity
58915,Copper Mountain Solar 3,PV,SUN,SUN,,N,2023,EIA923_Schedules_2_3_4_5_M_12_2023_Final_Revision.xlsx,ELEC MMBTU JUL,202768,JUL,2023-07-01,Solar,Photovoltaic,Solar,quantity-consumed-electricity,Solar - Photovoltaic - Solar - Quantity Consumed For Electricity
58915,Copper Mountain Solar 3,PV,SUN,SUN,,N,2023,EIA923_Schedules_2_3_4_5_M_12_2023_Final_Revision.xlsx,NETGEN JUL,59428,JUL,2023-07-01,Solar,Photovoltaic,Solar,generation,Solar - Photovoltaic - Solar - Generation
58915,Copper Mountain Solar 3,PV,SUN,SUN,,N,2023,EIA923_Schedules_2_3_4_5_M_12_2023_Final_Revision.xlsx,TOT MMBTU JUL,202768,JUL,2023-07-01,Solar,Photovoltaic,Solar,total-fuel-consumed,Solar - Photovoltaic - Solar - Total Fuel Consumed
58915,Copper Mountain Solar 3,PV,SUN,SUN,,N,2023,EIA923_Schedules_2_3_4_5_M_12_2023_Final_Revision.xlsx,ELEC MMBTU AUG,182808,AUG,2023-08-01,Solar,Photovoltaic,Solar,quantity-consumed-electricity,Solar - Photovoltaic - Solar - Quantity Consumed For Electricity
58915,Copper Mountain Solar 3,PV,SUN,SUN,,N,2023,EIA923_Schedules_2_3_4_5_M_12_2023_Final_Revision.xlsx,NETGEN AUG,53578,AUG,2023-08-01,Solar,Photovoltaic,Solar,generation,Solar - Photovoltaic - Solar - Generation
58915,Copper Mountain Solar 3,PV,SUN,SUN,,N,2023,EIA923_Schedules_2_3_4_5_M_12_2023_Final_Revision.xlsx,TOT MMBTU AUG,182808,AUG,2023-08-01,Solar,Photovoltaic,Solar,total-fuel-consumed,Solar - Photovoltaic - Solar - Total Fuel Consumed
58915,Copper Mountain Solar 3,PV,SUN,SUN,,N,2023,EIA923_Schedules_2_3_4_5_M_12_2023_Final_Revision.xlsx,ELEC MMBTU SEP,169641,SEP,2023-09-01,Solar,Photovoltaic,Solar,quantity-consumed-electricity,Solar - Photovoltaic - Solar - Quantity Consumed For Electricity
58915,Copper Mountain Solar 3,PV,SUN,SUN,,N,2023,EIA923_Schedules_2_3_4_5_M_12_2023_Final_Revision.xlsx,TOT MMBTU SEP,169641,SEP,2023-09-01,Solar,Photovoltaic,Solar,total-fuel-consumed,Solar - Photovoltaic - Solar - Total Fuel Consumed
58915,Copper Mountain Solar 3,PV,SUN,SUN,,N,2023,EIA923_Schedules_2_3_4_5_M_12_2023_Final_Revision.xlsx,NETGEN SEP,49719,SEP,2023-09-01,Solar,Photovoltaic,Solar,generation,Solar - Photovoltaic - Solar - Generation
58915,Copper Mountain Solar 3,PV,SUN,SUN,,N,2023,EIA923_Schedules_2_3_4_5_M_12_2023_Final_Revision.xlsx,ELEC MMBTU OCT,181815,OCT,2023-10-01,Solar,Photovoltaic,Solar,quantity-consumed-electricity,Solar - Photovoltaic - Solar - Quantity Consumed For Electricity
58915,Copper Mountain Solar 3,PV,SUN,SUN,,N,2023,EIA923_Schedules_2_3_4_5_M_12_2023_Final_Revision.xlsx,NETGEN OCT,53287,OCT,2023-10-01,Solar,Photovoltaic,Solar,generation,Solar - Photovoltaic - Solar - Generation
58915,Copper Mountain Solar 3,PV,SUN,SUN,,N,2023,EIA923_Schedules_2_3_4_5_M_12_2023_Final_Revision.xlsx,TOT MMBTU OCT,181815,OCT,2023-10-01,Solar,Photovoltaic,Solar,total-fuel-consumed,Solar - Photovoltaic - Solar - Total Fuel Consumed
58915,Copper Mountain Solar 3,PV,SUN,SUN,,N,2023,EIA923_Schedules_2_3_4_5_M_12_2023_Final_Revision.xlsx,TOT MMBTU NOV,142233,NOV,2023-11-01,Solar,Photovoltaic,Solar,total-fuel-consumed,Solar - Photovoltaic - Solar - Total Fuel Consumed
58915,Copper Mountain Solar 3,PV,SUN,SUN,,N,2023,EIA923_Schedules_2_3_4_5_M_12_2023_Final_Revision.xlsx,NETGEN NOV,41686,NOV,2023-11-01,Solar,Photovoltaic,Solar,generation,Solar - Photovoltaic - Solar - Generation
58915,Copper Mountain Solar 3,PV,SUN,SUN,,N,2023,EIA923_Schedules_2_3_4_5_M_12_2023_Final_Revision.xlsx,ELEC MMBTU NOV,142233,NOV,2023-11-01,Solar,Photovoltaic,Solar,quantity-consumed-electricity,Solar - Photovoltaic - Solar - Quantity Consumed For Electricity
58915,Copper Mountain Solar 3,PV,SUN,SUN,,N,2023,EIA923_Schedules_2_3_4_5_M_12_2023_Final_Revision.xlsx,ELEC MMBTU DEC,120369,DEC,2023-12-01,Solar,Photovoltaic,Solar,quantity-consumed-electricity,Solar - Photovoltaic - Solar - Quantity Consumed For Electricity
58915,Copper Mountain Solar 3,PV,SUN,SUN,,N,2023,EIA923_Schedules_2_3_4_5_M_12_2023_Final_Revision.xlsx,NETGEN DEC,35278,DEC,2023-12-01,Solar,Photovoltaic,Solar,generation,Solar - Photovoltaic - Solar - Generation
58915,Copper Mountain Solar 3,PV,SUN,SUN,,N,2023,EIA923_Schedules_2_3_4_5_M_12_2023_Final_Revision.xlsx,TOT MMBTU DEC,120369,DEC,2023-12-01,Solar,Photovoltaic,Solar,total-fuel-consumed,Solar - Photovoltaic - Solar - Total Fuel Consumed
58915,Copper Mountain Solar 3,PV,SUN,SUN,,N,2024,EIA923_Schedules_2_3_4_5_M_12_2024_Final.xlsx,NETGEN JAN,34688,JAN,2024-01-01,Solar,Photovoltaic,Solar,generation,Solar - Photovoltaic - Solar - Generation
58915,Copper Mountain Solar 3,PV,SUN,SUN,,N,2024,EIA923_Schedules_2_3_4_5_M_12_2024_Final.xlsx,ELEC MMBTU JAN,118355,JAN,2024-01-01,Solar,Photovoltaic,Solar,quantity-consumed-electricity,Solar - Photovoltaic - Solar - Quantity Consumed For Electricity
58915,Copper Mountain Solar 3,PV,SUN,SUN,,N,2024,EIA923_Schedules_2_3_4_5_M_12_2024_Final.xlsx,TOT MMBTU JAN,118355,JAN,2024-01-01,Solar,Photovoltaic,Solar,total-fuel-consumed,Solar - Photovoltaic - Solar - Total Fuel Consumed
58915,Copper Mountain Solar 3,PV,SUN,SUN,,N,2024,EIA923_Schedules_2_3_4_5_M_12_2024_Final.xlsx,TOT MMBTU FEB,127363,FEB,2024-02-01,Solar,Photovoltaic,Solar,total-fuel-consumed,Solar - Photovoltaic - Solar - Total Fuel Consumed
58915,Copper Mountain Solar 3,PV,SUN,SUN,,N,2024,EIA923_Schedules_2_3_4_5_M_12_2024_Final.xlsx,ELEC MMBTU FEB,127363,FEB,2024-02-01,Solar,Photovoltaic,Solar,quantity-consumed-electricity,Solar - Photovoltaic - Solar - Quantity Consumed For Electricity
58915,Copper Mountain Solar 3,PV,SUN,SUN,,N,2024,EIA923_Schedules_2_3_4_5_M_12_2024_Final.xlsx,NETGEN FEB,37328,FEB,2024-02-01,Solar,Photovoltaic,Solar,generation,Solar - Photovoltaic - Solar - Generation
58915,Copper Mountain Solar 3,PV,SUN,SUN,,N,2024,EIA923_Schedules_2_3_4_5_M_12_2024_Final.xlsx,TOT MMBTU MAR,172234,MAR,2024-03-01,Solar,Photovoltaic,Solar,total-fuel-consumed,Solar - Photovoltaic - Solar - Total Fuel Consumed
58915,Copper Mountain Solar 3,PV,SUN,SUN,,N,2024,EIA923_Schedules_2_3_4_5_M_12_2024_Final.xlsx,NETGEN MAR,50479,MAR,2024-03-01,Solar,Photovoltaic,Solar,generation,Solar - Photovoltaic - Solar - Generation
58915,Copper Mountain Solar 3,PV,SUN,SUN,,N,2024,EIA923_Schedules_2_3_4_5_M_12_2024_Final.xlsx,ELEC MMBTU MAR,172234,MAR,2024-03-01,Solar,Photovoltaic,Solar,quantity-consumed-electricity,Solar - Photovoltaic - Solar - Quantity Consumed For Electricity
58915,Copper Mountain Solar 3,PV,SUN,SUN,,N,2024,EIA923_Schedules_2_3_4_5_M_12_2024_Final.xlsx,TOT MMBTU APR,207023,APR,2024-04-01,Solar,Photovoltaic,Solar,total-fuel-consumed,Solar - Photovoltaic - Solar - Total Fuel Consumed
58915,Copper Mountain Solar 3,PV,SUN,SUN,,N,2024,EIA923_Schedules_2_3_4_5_M_12_2024_Final.xlsx,NETGEN APR,60675,APR,2024-04-01,Solar,Photovoltaic,Solar,generation,Solar - Photovoltaic - Solar - Generation
58915,Copper Mountain Solar 3,PV,SUN,SUN,,N,2024,EIA923_Schedules_2_3_4_5_M_12_2024_Final.xlsx,ELEC MMBTU APR,207023,APR,2024-04-01,Solar,Photovoltaic,Solar,quantity-consumed-electricity,Solar - Photovoltaic - Solar - Quantity Consumed For Electricity
58915,Copper Mountain Solar 3,PV,SUN,SUN,,N,2024,EIA923_Schedules_2_3_4_5_M_12_2024_Final.xlsx,NETGEN MAY,66667,MAY,2024-05-01,Solar,Photovoltaic,Solar,generation,Solar - Photovoltaic - Solar - Generation
58915,Copper Mountain Solar 3,PV,SUN,SUN,,N,2024,EIA923_Schedules_2_3_4_5_M_12_2024_Final.xlsx,TOT MMBTU MAY,227468,MAY,2024-05-01,Solar,Photovoltaic,Solar,total-fuel-consumed,Solar - Photovoltaic - Solar - Total Fuel Consumed
58915,Copper Mountain Solar 3,PV,SUN,SUN,,N,2024,EIA923_Schedules_2_3_4_5_M_12_2024_Final.xlsx,ELEC MMBTU MAY,227468,MAY,2024-05-01,Solar,Photovoltaic,Solar,quantity-consumed-electricity,Solar - Photovoltaic - Solar - Quantity Consumed For Electricity
58915,Copper Mountain Solar 3,PV,SUN,SUN,,N,2024,EIA923_Schedules_2_3_4_5_M_12_2024_Final.xlsx,NETGEN JUN,62345,JUN,2024-06-01,Solar,Photovoltaic,Solar,generation,Solar - Photovoltaic - Solar - Generation
58915,Copper Mountain Solar 3,PV,SUN,SUN,,N,2024,EIA923_Schedules_2_3_4_5_M_12_2024_Final.xlsx,TOT MMBTU JUN,212721,JUN,2024-06-01,Solar,Photovoltaic,Solar,total-fuel-consumed,Solar - Photovoltaic - Solar - Total Fuel Consumed
58915,Copper Mountain Solar 3,PV,SUN,SUN,,N,2024,EIA923_Schedules_2_3_4_5_M_12_2024_Final.xlsx,ELEC MMBTU JUN,212721,JUN,2024-06-01,Solar,Photovoltaic,Solar,quantity-consumed-electricity,Solar - Photovoltaic - Solar - Quantity Consumed For Electricity
58915,Copper Mountain Solar 3,PV,SUN,SUN,,N,2024,EIA923_Schedules_2_3_4_5_M_12_2024_Final.xlsx,ELEC MMBTU JUL,205228,JUL,2024-07-01,Solar,Photovoltaic,Solar,quantity-consumed-electricity,Solar - Photovoltaic - Solar - Quantity Consumed For Electricity
58915,Copper Mountain Solar 3,PV,SUN,SUN,,N,2024,EIA923_Schedules_2_3_4_5_M_12_2024_Final.xlsx,TOT MMBTU JUL,205228,JUL,2024-07-01,Solar,Photovoltaic,Solar,total-fuel-consumed,Solar - Photovoltaic - Solar - Total Fuel Consumed
58915,Copper Mountain Solar 3,PV,SUN,SUN,,N,2024,EIA923_Schedules_2_3_4_5_M_12_2024_Final.xlsx,NETGEN JUL,60149,JUL,2024-07-01,Solar,Photovoltaic,Solar,generation,Solar - Photovoltaic - Solar - Generation
58915,Copper Mountain Solar 3,PV,SUN,SUN,,N,2024,EIA923_Schedules_2_3_4_5_M_12_2024_Final.xlsx,TOT MMBTU AUG,198558,AUG,2024-08-01,Solar,Photovoltaic,Solar,total-fuel-consumed,Solar - Photovoltaic - Solar - Total Fuel Consumed
58915,Copper Mountain Solar 3,PV,SUN,SUN,,N,2024,EIA923_Schedules_2_3_4_5_M_12_2024_Final.xlsx,NETGEN AUG,58194,AUG,2024-08-01,Solar,Photovoltaic,Solar,generation,Solar - Photovoltaic - Solar - Generation
58915,Copper Mountain Solar 3,PV,SUN,SUN,,N,2024,EIA923_Schedules_2_3_4_5_M_12_2024_Final.xlsx,ELEC MMBTU AUG,198558,AUG,2024-08-01,Solar,Photovoltaic,Solar,quantity-consumed-electricity,Solar - Photovoltaic - Solar - Quantity Consumed For Electricity
58915,Copper Mountain Solar 3,PV,SUN,SUN,,N,2024,EIA923_Schedules_2_3_4_5_M_12_2024_Final.xlsx,ELEC MMBTU SEP,186456,SEP,2024-09-01,Solar,Photovoltaic,Solar,quantity-consumed-electricity,Solar - Photovoltaic - Solar - Quantity Consumed For Electricity
58915,Copper Mountain Solar 3,PV,SUN,SUN,,N,2024,EIA923_Schedules_2_3_4_5_M_12_2024_Final.xlsx,NETGEN SEP,54647,SEP,2024-09-01,Solar,Photovoltaic,Solar,generation,Solar - Photovoltaic - Solar - Generation
58915,Copper Mountain Solar 3,PV,SUN,SUN,,N,2024,EIA923_Schedules_2_3_4_5_M_12_2024_Final.xlsx,TOT MMBTU SEP,186456,SEP,2024-09-01,Solar,Photovoltaic,Solar,total-fuel-consumed,Solar - Photovoltaic - Solar - Total Fuel Consumed
58915,Copper Mountain Solar 3,PV,SUN,SUN,,N,2024,EIA923_Schedules_2_3_4_5_M_12_2024_Final.xlsx,NETGEN OCT,50330,OCT,2024-10-01,Solar,Photovoltaic,Solar,generation,Solar - Photovoltaic - Solar - Generation
58915,Copper Mountain Solar 3,PV,SUN,SUN,,N,2024,EIA923_Schedules_2_3_4_5_M_12_2024_Final.xlsx,TOT MMBTU OCT,171726,OCT,2024-10-01,Solar,Photovoltaic,Solar,total-fuel-consumed,Solar - Photovoltaic - Solar - Total Fuel Consumed
58915,Copper Mountain Solar 3,PV,SUN,SUN,,N,2024,EIA923_Schedules_2_3_4_5_M_12_2024_Final.xlsx,ELEC MMBTU OCT,171726,OCT,2024-10-01,Solar,Photovoltaic,Solar,quantity-consumed-electricity,Solar - Photovoltaic - Solar - Quantity Consumed For Electricity
58915,Copper Mountain Solar 3,PV,SUN,SUN,,N,2024,EIA923_Schedules_2_3_4_5_M_12_2024_Final.xlsx,NETGEN NOV,40833,NOV,2024-11-01,Solar,Photovoltaic,Solar,generation,Solar - Photovoltaic - Solar - Generation
58915,Copper Mountain Solar 3,PV,SUN,SUN,,N,2024,EIA923_Schedules_2_3_4_5_M_12_2024_Final.xlsx,TOT MMBTU NOV,139322,NOV,2024-11-01,Solar,Photovoltaic,Solar,total-fuel-consumed,Solar - Photovoltaic - Solar - Total Fuel Consumed
58915,Copper Mountain Solar 3,PV,SUN,SUN,,N,2024,EIA923_Schedules_2_3_4_5_M_12_2024_Final.xlsx,ELEC MMBTU NOV,139322,NOV,2024-11-01,Solar,Photovoltaic,Solar,quantity-consumed-electricity,Solar - Photovoltaic - Solar - Quantity Consumed For Electricity
58915,Copper Mountain Solar 3,PV,SUN,SUN,,N,2024,EIA923_Schedules_2_3_4_5_M_12_2024_Final.xlsx,NETGEN DEC,34649,DEC,2024-12-01,Solar,Photovoltaic,Solar,generation,Solar - Photovoltaic - Solar - Generation
58915,Copper Mountain Solar 3,PV,SUN,SUN,,N,2024,EIA923_Schedules_2_3_4_5_M_12_2024_Final.xlsx,ELEC MMBTU DEC,118222,DEC,2024-12-01,Solar,Photovoltaic,Solar,quantity-consumed-electricity,Solar - Photovoltaic - Solar - Quantity Consumed For Electricity
58915,Copper Mountain Solar 3,PV,SUN,SUN,,N,2024,EIA923_Schedules_2_3_4_5_M_12_2024_Final.xlsx,TOT MMBTU DEC,118222,DEC,2024-12-01,Solar,Photovoltaic,Solar,total-fuel-consumed,Solar - Photovoltaic - Solar - Total Fuel Consumed
58915,Copper Mountain Solar 3,PV,SUN,SUN,,N,2025,EIA923_Schedules_2_3_4_5_M_10_2025_17DEC2025.xlsx,TOT MMBTU JAN,139558,JAN,2025-01-01,Solar,Photovoltaic,Solar,total-fuel-consumed,Solar - Photovoltaic - Solar - Total Fuel Consumed
58915,Copper Mountain Solar 3,PV,SUN,SUN,,N,2025,EIA923_Schedules_2_3_4_5_M_10_2025_17DEC2025.xlsx,ELEC MMBTU JAN,139558,JAN,2025-01-01,Solar,Photovoltaic,Solar,quantity-consumed-electricity,Solar - Photovoltaic - Solar - Quantity Consumed For Electricity
58915,Copper Mountain Solar 3,PV,SUN,SUN,,N,2025,EIA923_Schedules_2_3_4_5_M_10_2025_17DEC2025.xlsx,NETGEN JAN,40902,JAN,2025-01-01,Solar,Photovoltaic,Solar,generation,Solar - Photovoltaic - Solar - Generation
58915,Copper Mountain Solar 3,PV,SUN,SUN,,N,2025,EIA923_Schedules_2_3_4_5_M_10_2025_17DEC2025.xlsx,ELEC MMBTU FEB,150626,FEB,2025-02-01,Solar,Photovoltaic,Solar,quantity-consumed-electricity,Solar - Photovoltaic - Solar - Quantity Consumed For Electricity
58915,Copper Mountain Solar 3,PV,SUN,SUN,,N,2025,EIA923_Schedules_2_3_4_5_M_10_2025_17DEC2025.xlsx,TOT MMBTU FEB,150626,FEB,2025-02-01,Solar,Photovoltaic,Solar,total-fuel-consumed,Solar - Photovoltaic - Solar - Total Fuel Consumed
58915,Copper Mountain Solar 3,PV,SUN,SUN,,N,2025,EIA923_Schedules_2_3_4_5_M_10_2025_17DEC2025.xlsx,NETGEN FEB,44146,FEB,2025-02-01,Solar,Photovoltaic,Solar,generation,Solar - Photovoltaic - Solar - Generation
58915,Copper Mountain Solar 3,PV,SUN,SUN,,N,2025,EIA923_Schedules_2_3_4_5_M_10_2025_17DEC2025.xlsx,ELEC MMBTU MAR,163063,MAR,2025-03-01,Solar,Photovoltaic,Solar,quantity-consumed-electricity,Solar - Photovoltaic - Solar - Quantity Consumed For Electricity
58915,Copper Mountain Solar 3,PV,SUN,SUN,,N,2025,EIA923_Schedules_2_3_4_5_M_10_2025_17DEC2025.xlsx,TOT MMBTU MAR,163063,MAR,2025-03-01,Solar,Photovoltaic,Solar,total-fuel-consumed,Solar - Photovoltaic - Solar - Total Fuel Consumed
58915,Copper Mountain Solar 3,PV,SUN,SUN,,N,2025,EIA923_Schedules_2_3_4_5_M_10_2025_17DEC2025.xlsx,NETGEN MAR,47791,MAR,2025-03-01,Solar,Photovoltaic,Solar,generation,Solar - Photovoltaic - Solar - Generation
58915,Copper Mountain Solar 3,PV,SUN,SUN,,N,2025,EIA923_Schedules_2_3_4_5_M_10_2025_17DEC2025.xlsx,ELEC MMBTU APR,200148,APR,2025-04-01,Solar,Photovoltaic,Solar,quantity-consumed-electricity,Solar - Photovoltaic - Solar - Quantity Consumed For Electricity
58915,Copper Mountain Solar 3,PV,SUN,SUN,,N,2025,EIA923_Schedules_2_3_4_5_M_10_2025_17DEC2025.xlsx,NETGEN APR,58660,APR,2025-04-01,Solar,Photovoltaic,Solar,generation,Solar - Photovoltaic - Solar - Generation
58915,Copper Mountain Solar 3,PV,SUN,SUN,,N,2025,EIA923_Schedules_2_3_4_5_M_10_2025_17DEC2025.xlsx,TOT MMBTU APR,200148,APR,2025-04-01,Solar,Photovoltaic,Solar,total-fuel-consumed,Solar - Photovoltaic - Solar - Total Fuel Consumed
58915,Copper Mountain Solar 3,PV,SUN,SUN,,N,2025,EIA923_Schedules_2_3_4_5_M_10_2025_17DEC2025.xlsx,NETGEN MAY,61908,MAY,2025-05-01,Solar,Photovoltaic,Solar,generation,Solar - Photovoltaic - Solar - Generation
58915,Copper Mountain Solar 3,PV,SUN,SUN,,N,2025,EIA923_Schedules_2_3_4_5_M_10_2025_17DEC2025.xlsx,TOT MMBTU MAY,211230,MAY,2025-05-01,Solar,Photovoltaic,Solar,total-fuel-consumed,Solar - Photovoltaic - Solar - Total Fuel Consumed
58915,Copper Mountain Solar 3,PV,SUN,SUN,,N,2025,EIA923_Schedules_2_3_4_5_M_10_2025_17DEC2025.xlsx,ELEC MMBTU MAY,211230,MAY,2025-05-01,Solar,Photovoltaic,Solar,quantity-consumed-electricity,Solar - Photovoltaic - Solar - Quantity Consumed For Electricity
58915,Copper Mountain Solar 3,PV,SUN,SUN,,N,2025,EIA923_Schedules_2_3_4_5_M_10_2025_17DEC2025.xlsx,ELEC MMBTU JUN,206341,JUN,2025-06-01,Solar,Photovoltaic,Solar,quantity-consumed-electricity,Solar - Photovoltaic - Solar - Quantity Consumed For Electricity
58915,Copper Mountain Solar 3,PV,SUN,SUN,,N,2025,EIA923_Schedules_2_3_4_5_M_10_2025_17DEC2025.xlsx,TOT MMBTU JUN,206341,JUN,2025-06-01,Solar,Photovoltaic,Solar,total-fuel-consumed,Solar - Photovoltaic - Solar - Total Fuel Consumed
58915,Copper Mountain Solar 3,PV,SUN,SUN,,N,2025,EIA923_Schedules_2_3_4_5_M_10_2025_17DEC2025.xlsx,NETGEN JUN,60475,JUN,2025-06-01,Solar,Photovoltaic,Solar,generation,Solar - Photovoltaic - Solar - Generation
58915,Copper Mountain Solar 3,PV,SUN,SUN,,N,2025,EIA923_Schedules_2_3_4_5_M_10_2025_17DEC2025.xlsx,NETGEN JUL,60737,JUL,2025-07-01,Solar,Photovoltaic,Solar,generation,Solar - Photovoltaic - Solar - Generation
58915,Copper Mountain Solar 3,PV,SUN,SUN,,N,2025,EIA923_Schedules_2_3_4_5_M_10_2025_17DEC2025.xlsx,ELEC MMBTU JUL,207235,JUL,2025-07-01,Solar,Photovoltaic,Solar,quantity-consumed-electricity,Solar - Photovoltaic - Solar - Quantity Consumed For Electricity
58915,Copper Mountain Solar 3,PV,SUN,SUN,,N,2025,EIA923_Schedules_2_3_4_5_M_10_2025_17DEC2025.xlsx,TOT MMBTU JUL,207235,JUL,2025-07-01,Solar,Photovoltaic,Solar,total-fuel-consumed,Solar - Photovoltaic - Solar - Total Fuel Consumed
58915,Copper Mountain Solar 3,PV,SUN,SUN,,N,2025,EIA923_Schedules_2_3_4_5_M_10_2025_17DEC2025.xlsx,TOT MMBTU AUG,192703,AUG,2025-08-01,Solar,Photovoltaic,Solar,total-fuel-consumed,Solar - Photovoltaic - Solar - Total Fuel Consumed
58915,Copper Mountain Solar 3,PV,SUN,SUN,,N,2025,EIA923_Schedules_2_3_4_5_M_10_2025_17DEC2025.xlsx,ELEC MMBTU AUG,192703,AUG,2025-08-01,Solar,Photovoltaic,Solar,quantity-consumed-electricity,Solar - Photovoltaic - Solar - Quantity Consumed For Electricity
58915,Copper Mountain Solar 3,PV,SUN,SUN,,N,2025,EIA923_Schedules_2_3_4_5_M_10_2025_17DEC2025.xlsx,NETGEN AUG,56478,AUG,2025-08-01,Solar,Photovoltaic,Solar,generation,Solar - Photovoltaic - Solar - Generation
58915,Copper Mountain Solar 3,PV,SUN,SUN,,N,2025,EIA923_Schedules_2_3_4_5_M_10_2025_17DEC2025.xlsx,ELEC MMBTU SEP,172439,SEP,2025-09-01,Solar,Photovoltaic,Solar,quantity-consumed-electricity,Solar - Photovoltaic - Solar - Quantity Consumed For Electricity
58915,Copper Mountain Solar 3,PV,SUN,SUN,,N,2025,EIA923_Schedules_2_3_4_5_M_10_2025_17DEC2025.xlsx,TOT MMBTU SEP,172439,SEP,2025-09-01,Solar,Photovoltaic,Solar,total-fuel-consumed,Solar - Photovoltaic - Solar - Total Fuel Consumed
58915,Copper Mountain Solar 3,PV,SUN,SUN,,N,2025,EIA923_Schedules_2_3_4_5_M_10_2025_17DEC2025.xlsx,NETGEN SEP,50539,SEP,2025-09-01,Solar,Photovoltaic,Solar,generation,Solar - Photovoltaic - Solar - Generation
58915,Copper Mountain Solar 3,PV,SUN,SUN,,N,2025,EIA923_Schedules_2_3_4_5_M_10_2025_17DEC2025.xlsx,TOT MMBTU OCT,167905,OCT,2025-10-01,Solar,Photovoltaic,Solar,total-fuel-consumed,Solar - Photovoltaic - Solar - Total Fuel Consumed
58915,Copper Mountain Solar 3,PV,SUN,SUN,,N,2025,EIA923_Schedules_2_3_4_5_M_10_2025_17DEC2025.xlsx,NETGEN OCT,49210,OCT,2025-10-01,Solar,Photovoltaic,Solar,generation,Solar - Photovoltaic - Solar - Generation
58915,Copper Mountain Solar 3,PV,SUN,SUN,,N,2025,EIA923_Schedules_2_3_4_5_M_10_2025_17DEC2025.xlsx,ELEC MMBTU OCT,167905,OCT,2025-10-01,Solar,Photovoltaic,Solar,quantity-consumed-electricity,Solar - Photovoltaic - Solar - Quantity Consumed For Electricity
