PLANT ID,PLANT NAME,REPORTED PRIME MOVER,REPORTED FUEL TYPE CODE,MER FUEL TYPE CODE,NUCLEAR UNIT ID,COMBINED HEAT AND POWER PLANT,YEAR,file,variable,value,MONTH,period,energy_type,prime_mover_type,mer_type,common_name,sensor_name
59826,Sunshine Valley Solar,PV,SUN,SUN,,N,2019,EIA923_Schedules_2_3_4_5_M_12_2019_Final_Revision.xlsx,TOT MMBTU DEC,70946,DEC,2019-12-01,Solar,Photovoltaic,Solar,total-fuel-consumed,Solar - Photovoltaic - Solar - Total Fuel Consumed
59826,Sunshine Valley Solar,PV,SUN,SUN,,N,2019,EIA923_Schedules_2_3_4_5_M_12_2019_Final_Revision.xlsx,ELEC MMBTU DEC,70946,DEC,2019-12-01,Solar,Photovoltaic,Solar,quantity-consumed-electricity,Solar - Photovoltaic - Solar - Quantity Consumed For Electricity
59826,Sunshine Valley Solar,PV,SUN,SUN,,N,2019,EIA923_Schedules_2_3_4_5_M_12_2019_Final_Revision.xlsx,NETGEN DEC,7967,DEC,2019-12-01,Solar,Photovoltaic,Solar,generation,Solar - Photovoltaic - Solar - Generation
59826,Sunshine Valley Solar,PV,SUN,SUN,,N,2020,EIA923_Schedules_2_3_4_5_M_12_2020_Final_Revision.xlsx,TOT MMBTU JAN,119231,JAN,2020-01-01,Solar,Photovoltaic,Solar,total-fuel-consumed,Solar - Photovoltaic - Solar - Total Fuel Consumed
59826,Sunshine Valley Solar,PV,SUN,SUN,,N,2020,EIA923_Schedules_2_3_4_5_M_12_2020_Final_Revision.xlsx,ELEC MMBTU JAN,119231,JAN,2020-01-01,Solar,Photovoltaic,Solar,quantity-consumed-electricity,Solar - Photovoltaic - Solar - Quantity Consumed For Electricity
59826,Sunshine Valley Solar,PV,SUN,SUN,,N,2020,EIA923_Schedules_2_3_4_5_M_12_2020_Final_Revision.xlsx,NETGEN JAN,13600,JAN,2020-01-01,Solar,Photovoltaic,Solar,generation,Solar - Photovoltaic - Solar - Generation
59826,Sunshine Valley Solar,PV,SUN,SUN,,N,2020,EIA923_Schedules_2_3_4_5_M_12_2020_Final_Revision.xlsx,ELEC MMBTU FEB,116689,FEB,2020-02-01,Solar,Photovoltaic,Solar,quantity-consumed-electricity,Solar - Photovoltaic - Solar - Quantity Consumed For Electricity
59826,Sunshine Valley Solar,PV,SUN,SUN,,N,2020,EIA923_Schedules_2_3_4_5_M_12_2020_Final_Revision.xlsx,TOT MMBTU FEB,116689,FEB,2020-02-01,Solar,Photovoltaic,Solar,total-fuel-consumed,Solar - Photovoltaic - Solar - Total Fuel Consumed
59826,Sunshine Valley Solar,PV,SUN,SUN,,N,2020,EIA923_Schedules_2_3_4_5_M_12_2020_Final_Revision.xlsx,NETGEN FEB,13310,FEB,2020-02-01,Solar,Photovoltaic,Solar,generation,Solar - Photovoltaic - Solar - Generation
59826,Sunshine Valley Solar,PV,SUN,SUN,,N,2020,EIA923_Schedules_2_3_4_5_M_12_2020_Final_Revision.xlsx,ELEC MMBTU MAR,118959,MAR,2020-03-01,Solar,Photovoltaic,Solar,quantity-consumed-electricity,Solar - Photovoltaic - Solar - Quantity Consumed For Electricity
59826,Sunshine Valley Solar,PV,SUN,SUN,,N,2020,EIA923_Schedules_2_3_4_5_M_12_2020_Final_Revision.xlsx,NETGEN MAR,13569,MAR,2020-03-01,Solar,Photovoltaic,Solar,generation,Solar - Photovoltaic - Solar - Generation
59826,Sunshine Valley Solar,PV,SUN,SUN,,N,2020,EIA923_Schedules_2_3_4_5_M_12_2020_Final_Revision.xlsx,TOT MMBTU MAR,118959,MAR,2020-03-01,Solar,Photovoltaic,Solar,total-fuel-consumed,Solar - Photovoltaic - Solar - Total Fuel Consumed
59826,Sunshine Valley Solar,PV,SUN,SUN,,N,2020,EIA923_Schedules_2_3_4_5_M_12_2020_Final_Revision.xlsx,NETGEN APR,15586,APR,2020-04-01,Solar,Photovoltaic,Solar,generation,Solar - Photovoltaic - Solar - Generation
59826,Sunshine Valley Solar,PV,SUN,SUN,,N,2020,EIA923_Schedules_2_3_4_5_M_12_2020_Final_Revision.xlsx,TOT MMBTU APR,136642,APR,2020-04-01,Solar,Photovoltaic,Solar,total-fuel-consumed,Solar - Photovoltaic - Solar - Total Fuel Consumed
59826,Sunshine Valley Solar,PV,SUN,SUN,,N,2020,EIA923_Schedules_2_3_4_5_M_12_2020_Final_Revision.xlsx,ELEC MMBTU APR,136642,APR,2020-04-01,Solar,Photovoltaic,Solar,quantity-consumed-electricity,Solar - Photovoltaic - Solar - Quantity Consumed For Electricity
59826,Sunshine Valley Solar,PV,SUN,SUN,,N,2020,EIA923_Schedules_2_3_4_5_M_12_2020_Final_Revision.xlsx,TOT MMBTU MAY,148285,MAY,2020-05-01,Solar,Photovoltaic,Solar,total-fuel-consumed,Solar - Photovoltaic - Solar - Total Fuel Consumed
59826,Sunshine Valley Solar,PV,SUN,SUN,,N,2020,EIA923_Schedules_2_3_4_5_M_12_2020_Final_Revision.xlsx,NETGEN MAY,16914,MAY,2020-05-01,Solar,Photovoltaic,Solar,generation,Solar - Photovoltaic - Solar - Generation
59826,Sunshine Valley Solar,PV,SUN,SUN,,N,2020,EIA923_Schedules_2_3_4_5_M_12_2020_Final_Revision.xlsx,ELEC MMBTU MAY,148285,MAY,2020-05-01,Solar,Photovoltaic,Solar,quantity-consumed-electricity,Solar - Photovoltaic - Solar - Quantity Consumed For Electricity
59826,Sunshine Valley Solar,PV,SUN,SUN,,N,2020,EIA923_Schedules_2_3_4_5_M_12_2020_Final_Revision.xlsx,NETGEN JUN,17421,JUN,2020-06-01,Solar,Photovoltaic,Solar,generation,Solar - Photovoltaic - Solar - Generation
59826,Sunshine Valley Solar,PV,SUN,SUN,,N,2020,EIA923_Schedules_2_3_4_5_M_12_2020_Final_Revision.xlsx,ELEC MMBTU JUN,152730,JUN,2020-06-01,Solar,Photovoltaic,Solar,quantity-consumed-electricity,Solar - Photovoltaic - Solar - Quantity Consumed For Electricity
59826,Sunshine Valley Solar,PV,SUN,SUN,,N,2020,EIA923_Schedules_2_3_4_5_M_12_2020_Final_Revision.xlsx,TOT MMBTU JUN,152730,JUN,2020-06-01,Solar,Photovoltaic,Solar,total-fuel-consumed,Solar - Photovoltaic - Solar - Total Fuel Consumed
59826,Sunshine Valley Solar,PV,SUN,SUN,,N,2020,EIA923_Schedules_2_3_4_5_M_12_2020_Final_Revision.xlsx,ELEC MMBTU JUL,168335,JUL,2020-07-01,Solar,Photovoltaic,Solar,quantity-consumed-electricity,Solar - Photovoltaic - Solar - Quantity Consumed For Electricity
59826,Sunshine Valley Solar,PV,SUN,SUN,,N,2020,EIA923_Schedules_2_3_4_5_M_12_2020_Final_Revision.xlsx,TOT MMBTU JUL,168335,JUL,2020-07-01,Solar,Photovoltaic,Solar,total-fuel-consumed,Solar - Photovoltaic - Solar - Total Fuel Consumed
59826,Sunshine Valley Solar,PV,SUN,SUN,,N,2020,EIA923_Schedules_2_3_4_5_M_12_2020_Final_Revision.xlsx,NETGEN JUL,19201,JUL,2020-07-01,Solar,Photovoltaic,Solar,generation,Solar - Photovoltaic - Solar - Generation
59826,Sunshine Valley Solar,PV,SUN,SUN,,N,2020,EIA923_Schedules_2_3_4_5_M_12_2020_Final_Revision.xlsx,ELEC MMBTU AUG,163198,AUG,2020-08-01,Solar,Photovoltaic,Solar,quantity-consumed-electricity,Solar - Photovoltaic - Solar - Quantity Consumed For Electricity
59826,Sunshine Valley Solar,PV,SUN,SUN,,N,2020,EIA923_Schedules_2_3_4_5_M_12_2020_Final_Revision.xlsx,NETGEN AUG,18615,AUG,2020-08-01,Solar,Photovoltaic,Solar,generation,Solar - Photovoltaic - Solar - Generation
59826,Sunshine Valley Solar,PV,SUN,SUN,,N,2020,EIA923_Schedules_2_3_4_5_M_12_2020_Final_Revision.xlsx,TOT MMBTU AUG,163198,AUG,2020-08-01,Solar,Photovoltaic,Solar,total-fuel-consumed,Solar - Photovoltaic - Solar - Total Fuel Consumed
59826,Sunshine Valley Solar,PV,SUN,SUN,,N,2020,EIA923_Schedules_2_3_4_5_M_12_2020_Final_Revision.xlsx,ELEC MMBTU SEP,138598,SEP,2020-09-01,Solar,Photovoltaic,Solar,quantity-consumed-electricity,Solar - Photovoltaic - Solar - Quantity Consumed For Electricity
59826,Sunshine Valley Solar,PV,SUN,SUN,,N,2020,EIA923_Schedules_2_3_4_5_M_12_2020_Final_Revision.xlsx,NETGEN SEP,15809,SEP,2020-09-01,Solar,Photovoltaic,Solar,generation,Solar - Photovoltaic - Solar - Generation
59826,Sunshine Valley Solar,PV,SUN,SUN,,N,2020,EIA923_Schedules_2_3_4_5_M_12_2020_Final_Revision.xlsx,TOT MMBTU SEP,138598,SEP,2020-09-01,Solar,Photovoltaic,Solar,total-fuel-consumed,Solar - Photovoltaic - Solar - Total Fuel Consumed
59826,Sunshine Valley Solar,PV,SUN,SUN,,N,2020,EIA923_Schedules_2_3_4_5_M_12_2020_Final_Revision.xlsx,ELEC MMBTU OCT,166336,OCT,2020-10-01,Solar,Photovoltaic,Solar,quantity-consumed-electricity,Solar - Photovoltaic - Solar - Quantity Consumed For Electricity
59826,Sunshine Valley Solar,PV,SUN,SUN,,N,2020,EIA923_Schedules_2_3_4_5_M_12_2020_Final_Revision.xlsx,NETGEN OCT,18973,OCT,2020-10-01,Solar,Photovoltaic,Solar,generation,Solar - Photovoltaic - Solar - Generation
59826,Sunshine Valley Solar,PV,SUN,SUN,,N,2020,EIA923_Schedules_2_3_4_5_M_12_2020_Final_Revision.xlsx,TOT MMBTU OCT,166336,OCT,2020-10-01,Solar,Photovoltaic,Solar,total-fuel-consumed,Solar - Photovoltaic - Solar - Total Fuel Consumed
59826,Sunshine Valley Solar,PV,SUN,SUN,,N,2020,EIA923_Schedules_2_3_4_5_M_12_2020_Final_Revision.xlsx,TOT MMBTU NOV,126999,NOV,2020-11-01,Solar,Photovoltaic,Solar,total-fuel-consumed,Solar - Photovoltaic - Solar - Total Fuel Consumed
59826,Sunshine Valley Solar,PV,SUN,SUN,,N,2020,EIA923_Schedules_2_3_4_5_M_12_2020_Final_Revision.xlsx,ELEC MMBTU NOV,126999,NOV,2020-11-01,Solar,Photovoltaic,Solar,quantity-consumed-electricity,Solar - Photovoltaic - Solar - Quantity Consumed For Electricity
59826,Sunshine Valley Solar,PV,SUN,SUN,,N,2020,EIA923_Schedules_2_3_4_5_M_12_2020_Final_Revision.xlsx,NETGEN NOV,14486,NOV,2020-11-01,Solar,Photovoltaic,Solar,generation,Solar - Photovoltaic - Solar - Generation
59826,Sunshine Valley Solar,PV,SUN,SUN,,N,2020,EIA923_Schedules_2_3_4_5_M_12_2020_Final_Revision.xlsx,TOT MMBTU DEC,117110,DEC,2020-12-01,Solar,Photovoltaic,Solar,total-fuel-consumed,Solar - Photovoltaic - Solar - Total Fuel Consumed
59826,Sunshine Valley Solar,PV,SUN,SUN,,N,2020,EIA923_Schedules_2_3_4_5_M_12_2020_Final_Revision.xlsx,NETGEN DEC,13358,DEC,2020-12-01,Solar,Photovoltaic,Solar,generation,Solar - Photovoltaic - Solar - Generation
59826,Sunshine Valley Solar,PV,SUN,SUN,,N,2020,EIA923_Schedules_2_3_4_5_M_12_2020_Final_Revision.xlsx,ELEC MMBTU DEC,117110,DEC,2020-12-01,Solar,Photovoltaic,Solar,quantity-consumed-electricity,Solar - Photovoltaic - Solar - Quantity Consumed For Electricity
59826,Sunshine Valley Solar,PV,SUN,SUN,,N,2021,EIA923_Schedules_2_3_4_5_M_12_2021_Final_Revision.xlsx,ELEC MMBTU JAN,117793,JAN,2021-01-01,Solar,Photovoltaic,Solar,quantity-consumed-electricity,Solar - Photovoltaic - Solar - Quantity Consumed For Electricity
59826,Sunshine Valley Solar,PV,SUN,SUN,,N,2021,EIA923_Schedules_2_3_4_5_M_12_2021_Final_Revision.xlsx,NETGEN JAN,13319,JAN,2021-01-01,Solar,Photovoltaic,Solar,generation,Solar - Photovoltaic - Solar - Generation
59826,Sunshine Valley Solar,PV,SUN,SUN,,N,2021,EIA923_Schedules_2_3_4_5_M_12_2021_Final_Revision.xlsx,TOT MMBTU JAN,117793,JAN,2021-01-01,Solar,Photovoltaic,Solar,total-fuel-consumed,Solar - Photovoltaic - Solar - Total Fuel Consumed
59826,Sunshine Valley Solar,PV,SUN,SUN,,N,2021,EIA923_Schedules_2_3_4_5_M_12_2021_Final_Revision.xlsx,TOT MMBTU FEB,99460,FEB,2021-02-01,Solar,Photovoltaic,Solar,total-fuel-consumed,Solar - Photovoltaic - Solar - Total Fuel Consumed
59826,Sunshine Valley Solar,PV,SUN,SUN,,N,2021,EIA923_Schedules_2_3_4_5_M_12_2021_Final_Revision.xlsx,ELEC MMBTU FEB,99460,FEB,2021-02-01,Solar,Photovoltaic,Solar,quantity-consumed-electricity,Solar - Photovoltaic - Solar - Quantity Consumed For Electricity
59826,Sunshine Valley Solar,PV,SUN,SUN,,N,2021,EIA923_Schedules_2_3_4_5_M_12_2021_Final_Revision.xlsx,NETGEN FEB,11246,FEB,2021-02-01,Solar,Photovoltaic,Solar,generation,Solar - Photovoltaic - Solar - Generation
59826,Sunshine Valley Solar,PV,SUN,SUN,,N,2021,EIA923_Schedules_2_3_4_5_M_12_2021_Final_Revision.xlsx,NETGEN MAR,11676,MAR,2021-03-01,Solar,Photovoltaic,Solar,generation,Solar - Photovoltaic - Solar - Generation
59826,Sunshine Valley Solar,PV,SUN,SUN,,N,2021,EIA923_Schedules_2_3_4_5_M_12_2021_Final_Revision.xlsx,TOT MMBTU MAR,103263,MAR,2021-03-01,Solar,Photovoltaic,Solar,total-fuel-consumed,Solar - Photovoltaic - Solar - Total Fuel Consumed
59826,Sunshine Valley Solar,PV,SUN,SUN,,N,2021,EIA923_Schedules_2_3_4_5_M_12_2021_Final_Revision.xlsx,ELEC MMBTU MAR,103263,MAR,2021-03-01,Solar,Photovoltaic,Solar,quantity-consumed-electricity,Solar - Photovoltaic - Solar - Quantity Consumed For Electricity
59826,Sunshine Valley Solar,PV,SUN,SUN,,N,2021,EIA923_Schedules_2_3_4_5_M_12_2021_Final_Revision.xlsx,NETGEN APR,15981,APR,2021-04-01,Solar,Photovoltaic,Solar,generation,Solar - Photovoltaic - Solar - Generation
59826,Sunshine Valley Solar,PV,SUN,SUN,,N,2021,EIA923_Schedules_2_3_4_5_M_12_2021_Final_Revision.xlsx,ELEC MMBTU APR,141336,APR,2021-04-01,Solar,Photovoltaic,Solar,quantity-consumed-electricity,Solar - Photovoltaic - Solar - Quantity Consumed For Electricity
59826,Sunshine Valley Solar,PV,SUN,SUN,,N,2021,EIA923_Schedules_2_3_4_5_M_12_2021_Final_Revision.xlsx,TOT MMBTU APR,141336,APR,2021-04-01,Solar,Photovoltaic,Solar,total-fuel-consumed,Solar - Photovoltaic - Solar - Total Fuel Consumed
59826,Sunshine Valley Solar,PV,SUN,SUN,,N,2021,EIA923_Schedules_2_3_4_5_M_12_2021_Final_Revision.xlsx,NETGEN MAY,22082,MAY,2021-05-01,Solar,Photovoltaic,Solar,generation,Solar - Photovoltaic - Solar - Generation
59826,Sunshine Valley Solar,PV,SUN,SUN,,N,2021,EIA923_Schedules_2_3_4_5_M_12_2021_Final_Revision.xlsx,ELEC MMBTU MAY,195293,MAY,2021-05-01,Solar,Photovoltaic,Solar,quantity-consumed-electricity,Solar - Photovoltaic - Solar - Quantity Consumed For Electricity
59826,Sunshine Valley Solar,PV,SUN,SUN,,N,2021,EIA923_Schedules_2_3_4_5_M_12_2021_Final_Revision.xlsx,TOT MMBTU MAY,195293,MAY,2021-05-01,Solar,Photovoltaic,Solar,total-fuel-consumed,Solar - Photovoltaic - Solar - Total Fuel Consumed
59826,Sunshine Valley Solar,PV,SUN,SUN,,N,2021,EIA923_Schedules_2_3_4_5_M_12_2021_Final_Revision.xlsx,NETGEN JUN,17544,JUN,2021-06-01,Solar,Photovoltaic,Solar,generation,Solar - Photovoltaic - Solar - Generation
59826,Sunshine Valley Solar,PV,SUN,SUN,,N,2021,EIA923_Schedules_2_3_4_5_M_12_2021_Final_Revision.xlsx,TOT MMBTU JUN,155159,JUN,2021-06-01,Solar,Photovoltaic,Solar,total-fuel-consumed,Solar - Photovoltaic - Solar - Total Fuel Consumed
59826,Sunshine Valley Solar,PV,SUN,SUN,,N,2021,EIA923_Schedules_2_3_4_5_M_12_2021_Final_Revision.xlsx,ELEC MMBTU JUN,155159,JUN,2021-06-01,Solar,Photovoltaic,Solar,quantity-consumed-electricity,Solar - Photovoltaic - Solar - Quantity Consumed For Electricity
59826,Sunshine Valley Solar,PV,SUN,SUN,,N,2021,EIA923_Schedules_2_3_4_5_M_12_2021_Final_Revision.xlsx,ELEC MMBTU JUL,208276,JUL,2021-07-01,Solar,Photovoltaic,Solar,quantity-consumed-electricity,Solar - Photovoltaic - Solar - Quantity Consumed For Electricity
59826,Sunshine Valley Solar,PV,SUN,SUN,,N,2021,EIA923_Schedules_2_3_4_5_M_12_2021_Final_Revision.xlsx,TOT MMBTU JUL,208276,JUL,2021-07-01,Solar,Photovoltaic,Solar,total-fuel-consumed,Solar - Photovoltaic - Solar - Total Fuel Consumed
59826,Sunshine Valley Solar,PV,SUN,SUN,,N,2021,EIA923_Schedules_2_3_4_5_M_12_2021_Final_Revision.xlsx,NETGEN JUL,23550,JUL,2021-07-01,Solar,Photovoltaic,Solar,generation,Solar - Photovoltaic - Solar - Generation
59826,Sunshine Valley Solar,PV,SUN,SUN,,N,2021,EIA923_Schedules_2_3_4_5_M_12_2021_Final_Revision.xlsx,ELEC MMBTU AUG,256211,AUG,2021-08-01,Solar,Photovoltaic,Solar,quantity-consumed-electricity,Solar - Photovoltaic - Solar - Quantity Consumed For Electricity
59826,Sunshine Valley Solar,PV,SUN,SUN,,N,2021,EIA923_Schedules_2_3_4_5_M_12_2021_Final_Revision.xlsx,NETGEN AUG,28970,AUG,2021-08-01,Solar,Photovoltaic,Solar,generation,Solar - Photovoltaic - Solar - Generation
59826,Sunshine Valley Solar,PV,SUN,SUN,,N,2021,EIA923_Schedules_2_3_4_5_M_12_2021_Final_Revision.xlsx,TOT MMBTU AUG,256211,AUG,2021-08-01,Solar,Photovoltaic,Solar,total-fuel-consumed,Solar - Photovoltaic - Solar - Total Fuel Consumed
59826,Sunshine Valley Solar,PV,SUN,SUN,,N,2021,EIA923_Schedules_2_3_4_5_M_12_2021_Final_Revision.xlsx,NETGEN SEP,24694,SEP,2021-09-01,Solar,Photovoltaic,Solar,generation,Solar - Photovoltaic - Solar - Generation
59826,Sunshine Valley Solar,PV,SUN,SUN,,N,2021,EIA923_Schedules_2_3_4_5_M_12_2021_Final_Revision.xlsx,TOT MMBTU SEP,218394,SEP,2021-09-01,Solar,Photovoltaic,Solar,total-fuel-consumed,Solar - Photovoltaic - Solar - Total Fuel Consumed
59826,Sunshine Valley Solar,PV,SUN,SUN,,N,2021,EIA923_Schedules_2_3_4_5_M_12_2021_Final_Revision.xlsx,ELEC MMBTU SEP,218394,SEP,2021-09-01,Solar,Photovoltaic,Solar,quantity-consumed-electricity,Solar - Photovoltaic - Solar - Quantity Consumed For Electricity
59826,Sunshine Valley Solar,PV,SUN,SUN,,N,2021,EIA923_Schedules_2_3_4_5_M_12_2021_Final_Revision.xlsx,ELEC MMBTU OCT,170565,OCT,2021-10-01,Solar,Photovoltaic,Solar,quantity-consumed-electricity,Solar - Photovoltaic - Solar - Quantity Consumed For Electricity
59826,Sunshine Valley Solar,PV,SUN,SUN,,N,2021,EIA923_Schedules_2_3_4_5_M_12_2021_Final_Revision.xlsx,TOT MMBTU OCT,170565,OCT,2021-10-01,Solar,Photovoltaic,Solar,total-fuel-consumed,Solar - Photovoltaic - Solar - Total Fuel Consumed
59826,Sunshine Valley Solar,PV,SUN,SUN,,N,2021,EIA923_Schedules_2_3_4_5_M_12_2021_Final_Revision.xlsx,NETGEN OCT,19286,OCT,2021-10-01,Solar,Photovoltaic,Solar,generation,Solar - Photovoltaic - Solar - Generation
59826,Sunshine Valley Solar,PV,SUN,SUN,,N,2021,EIA923_Schedules_2_3_4_5_M_12_2021_Final_Revision.xlsx,ELEC MMBTU NOV,138267,NOV,2021-11-01,Solar,Photovoltaic,Solar,quantity-consumed-electricity,Solar - Photovoltaic - Solar - Quantity Consumed For Electricity
59826,Sunshine Valley Solar,PV,SUN,SUN,,N,2021,EIA923_Schedules_2_3_4_5_M_12_2021_Final_Revision.xlsx,TOT MMBTU NOV,138267,NOV,2021-11-01,Solar,Photovoltaic,Solar,total-fuel-consumed,Solar - Photovoltaic - Solar - Total Fuel Consumed
59826,Sunshine Valley Solar,PV,SUN,SUN,,N,2021,EIA923_Schedules_2_3_4_5_M_12_2021_Final_Revision.xlsx,NETGEN NOV,15634,NOV,2021-11-01,Solar,Photovoltaic,Solar,generation,Solar - Photovoltaic - Solar - Generation
59826,Sunshine Valley Solar,PV,SUN,SUN,,N,2021,EIA923_Schedules_2_3_4_5_M_12_2021_Final_Revision.xlsx,TOT MMBTU DEC,100123,DEC,2021-12-01,Solar,Photovoltaic,Solar,total-fuel-consumed,Solar - Photovoltaic - Solar - Total Fuel Consumed
59826,Sunshine Valley Solar,PV,SUN,SUN,,N,2021,EIA923_Schedules_2_3_4_5_M_12_2021_Final_Revision.xlsx,NETGEN DEC,11321,DEC,2021-12-01,Solar,Photovoltaic,Solar,generation,Solar - Photovoltaic - Solar - Generation
59826,Sunshine Valley Solar,PV,SUN,SUN,,N,2021,EIA923_Schedules_2_3_4_5_M_12_2021_Final_Revision.xlsx,ELEC MMBTU DEC,100123,DEC,2021-12-01,Solar,Photovoltaic,Solar,quantity-consumed-electricity,Solar - Photovoltaic - Solar - Quantity Consumed For Electricity
59826,Sunshine Valley Solar,PV,SUN,SUN,,N,2022,EIA923_Schedules_2_3_4_5_M_12_2022_Final_Revision.xlsx,ELEC MMBTU JAN,52538,JAN,2022-01-01,Solar,Photovoltaic,Solar,quantity-consumed-electricity,Solar - Photovoltaic - Solar - Quantity Consumed For Electricity
59826,Sunshine Valley Solar,PV,SUN,SUN,,N,2022,EIA923_Schedules_2_3_4_5_M_12_2022_Final_Revision.xlsx,TOT MMBTU JAN,52538,JAN,2022-01-01,Solar,Photovoltaic,Solar,total-fuel-consumed,Solar - Photovoltaic - Solar - Total Fuel Consumed
59826,Sunshine Valley Solar,PV,SUN,SUN,,N,2022,EIA923_Schedules_2_3_4_5_M_12_2022_Final_Revision.xlsx,NETGEN JAN,15398,JAN,2022-01-01,Solar,Photovoltaic,Solar,generation,Solar - Photovoltaic - Solar - Generation
59826,Sunshine Valley Solar,PV,SUN,SUN,,N,2022,EIA923_Schedules_2_3_4_5_M_12_2022_Final_Revision.xlsx,TOT MMBTU FEB,54848,FEB,2022-02-01,Solar,Photovoltaic,Solar,total-fuel-consumed,Solar - Photovoltaic - Solar - Total Fuel Consumed
59826,Sunshine Valley Solar,PV,SUN,SUN,,N,2022,EIA923_Schedules_2_3_4_5_M_12_2022_Final_Revision.xlsx,NETGEN FEB,16075,FEB,2022-02-01,Solar,Photovoltaic,Solar,generation,Solar - Photovoltaic - Solar - Generation
59826,Sunshine Valley Solar,PV,SUN,SUN,,N,2022,EIA923_Schedules_2_3_4_5_M_12_2022_Final_Revision.xlsx,ELEC MMBTU FEB,54848,FEB,2022-02-01,Solar,Photovoltaic,Solar,quantity-consumed-electricity,Solar - Photovoltaic - Solar - Quantity Consumed For Electricity
59826,Sunshine Valley Solar,PV,SUN,SUN,,N,2022,EIA923_Schedules_2_3_4_5_M_12_2022_Final_Revision.xlsx,TOT MMBTU MAR,57847,MAR,2022-03-01,Solar,Photovoltaic,Solar,total-fuel-consumed,Solar - Photovoltaic - Solar - Total Fuel Consumed
59826,Sunshine Valley Solar,PV,SUN,SUN,,N,2022,EIA923_Schedules_2_3_4_5_M_12_2022_Final_Revision.xlsx,ELEC MMBTU MAR,57847,MAR,2022-03-01,Solar,Photovoltaic,Solar,quantity-consumed-electricity,Solar - Photovoltaic - Solar - Quantity Consumed For Electricity
59826,Sunshine Valley Solar,PV,SUN,SUN,,N,2022,EIA923_Schedules_2_3_4_5_M_12_2022_Final_Revision.xlsx,NETGEN MAR,16954,MAR,2022-03-01,Solar,Photovoltaic,Solar,generation,Solar - Photovoltaic - Solar - Generation
59826,Sunshine Valley Solar,PV,SUN,SUN,,N,2022,EIA923_Schedules_2_3_4_5_M_12_2022_Final_Revision.xlsx,NETGEN APR,19137,APR,2022-04-01,Solar,Photovoltaic,Solar,generation,Solar - Photovoltaic - Solar - Generation
59826,Sunshine Valley Solar,PV,SUN,SUN,,N,2022,EIA923_Schedules_2_3_4_5_M_12_2022_Final_Revision.xlsx,TOT MMBTU APR,65295,APR,2022-04-01,Solar,Photovoltaic,Solar,total-fuel-consumed,Solar - Photovoltaic - Solar - Total Fuel Consumed
59826,Sunshine Valley Solar,PV,SUN,SUN,,N,2022,EIA923_Schedules_2_3_4_5_M_12_2022_Final_Revision.xlsx,ELEC MMBTU APR,65295,APR,2022-04-01,Solar,Photovoltaic,Solar,quantity-consumed-electricity,Solar - Photovoltaic - Solar - Quantity Consumed For Electricity
59826,Sunshine Valley Solar,PV,SUN,SUN,,N,2022,EIA923_Schedules_2_3_4_5_M_12_2022_Final_Revision.xlsx,ELEC MMBTU MAY,88299,MAY,2022-05-01,Solar,Photovoltaic,Solar,quantity-consumed-electricity,Solar - Photovoltaic - Solar - Quantity Consumed For Electricity
59826,Sunshine Valley Solar,PV,SUN,SUN,,N,2022,EIA923_Schedules_2_3_4_5_M_12_2022_Final_Revision.xlsx,NETGEN MAY,25879,MAY,2022-05-01,Solar,Photovoltaic,Solar,generation,Solar - Photovoltaic - Solar - Generation
59826,Sunshine Valley Solar,PV,SUN,SUN,,N,2022,EIA923_Schedules_2_3_4_5_M_12_2022_Final_Revision.xlsx,TOT MMBTU MAY,88299,MAY,2022-05-01,Solar,Photovoltaic,Solar,total-fuel-consumed,Solar - Photovoltaic - Solar - Total Fuel Consumed
59826,Sunshine Valley Solar,PV,SUN,SUN,,N,2022,EIA923_Schedules_2_3_4_5_M_12_2022_Final_Revision.xlsx,TOT MMBTU JUN,86034,JUN,2022-06-01,Solar,Photovoltaic,Solar,total-fuel-consumed,Solar - Photovoltaic - Solar - Total Fuel Consumed
59826,Sunshine Valley Solar,PV,SUN,SUN,,N,2022,EIA923_Schedules_2_3_4_5_M_12_2022_Final_Revision.xlsx,NETGEN JUN,25215,JUN,2022-06-01,Solar,Photovoltaic,Solar,generation,Solar - Photovoltaic - Solar - Generation
59826,Sunshine Valley Solar,PV,SUN,SUN,,N,2022,EIA923_Schedules_2_3_4_5_M_12_2022_Final_Revision.xlsx,ELEC MMBTU JUN,86034,JUN,2022-06-01,Solar,Photovoltaic,Solar,quantity-consumed-electricity,Solar - Photovoltaic - Solar - Quantity Consumed For Electricity
59826,Sunshine Valley Solar,PV,SUN,SUN,,N,2022,EIA923_Schedules_2_3_4_5_M_12_2022_Final_Revision.xlsx,TOT MMBTU JUL,92022,JUL,2022-07-01,Solar,Photovoltaic,Solar,total-fuel-consumed,Solar - Photovoltaic - Solar - Total Fuel Consumed
59826,Sunshine Valley Solar,PV,SUN,SUN,,N,2022,EIA923_Schedules_2_3_4_5_M_12_2022_Final_Revision.xlsx,NETGEN JUL,26970,JUL,2022-07-01,Solar,Photovoltaic,Solar,generation,Solar - Photovoltaic - Solar - Generation
59826,Sunshine Valley Solar,PV,SUN,SUN,,N,2022,EIA923_Schedules_2_3_4_5_M_12_2022_Final_Revision.xlsx,ELEC MMBTU JUL,92022,JUL,2022-07-01,Solar,Photovoltaic,Solar,quantity-consumed-electricity,Solar - Photovoltaic - Solar - Quantity Consumed For Electricity
59826,Sunshine Valley Solar,PV,SUN,SUN,,N,2022,EIA923_Schedules_2_3_4_5_M_12_2022_Final_Revision.xlsx,ELEC MMBTU AUG,82980,AUG,2022-08-01,Solar,Photovoltaic,Solar,quantity-consumed-electricity,Solar - Photovoltaic - Solar - Quantity Consumed For Electricity
59826,Sunshine Valley Solar,PV,SUN,SUN,,N,2022,EIA923_Schedules_2_3_4_5_M_12_2022_Final_Revision.xlsx,NETGEN AUG,24320,AUG,2022-08-01,Solar,Photovoltaic,Solar,generation,Solar - Photovoltaic - Solar - Generation
59826,Sunshine Valley Solar,PV,SUN,SUN,,N,2022,EIA923_Schedules_2_3_4_5_M_12_2022_Final_Revision.xlsx,TOT MMBTU AUG,82980,AUG,2022-08-01,Solar,Photovoltaic,Solar,total-fuel-consumed,Solar - Photovoltaic - Solar - Total Fuel Consumed
59826,Sunshine Valley Solar,PV,SUN,SUN,,N,2022,EIA923_Schedules_2_3_4_5_M_12_2022_Final_Revision.xlsx,TOT MMBTU SEP,75579,SEP,2022-09-01,Solar,Photovoltaic,Solar,total-fuel-consumed,Solar - Photovoltaic - Solar - Total Fuel Consumed
59826,Sunshine Valley Solar,PV,SUN,SUN,,N,2022,EIA923_Schedules_2_3_4_5_M_12_2022_Final_Revision.xlsx,NETGEN SEP,22151,SEP,2022-09-01,Solar,Photovoltaic,Solar,generation,Solar - Photovoltaic - Solar - Generation
59826,Sunshine Valley Solar,PV,SUN,SUN,,N,2022,EIA923_Schedules_2_3_4_5_M_12_2022_Final_Revision.xlsx,ELEC MMBTU SEP,75579,SEP,2022-09-01,Solar,Photovoltaic,Solar,quantity-consumed-electricity,Solar - Photovoltaic - Solar - Quantity Consumed For Electricity
59826,Sunshine Valley Solar,PV,SUN,SUN,,N,2022,EIA923_Schedules_2_3_4_5_M_12_2022_Final_Revision.xlsx,NETGEN OCT,20700,OCT,2022-10-01,Solar,Photovoltaic,Solar,generation,Solar - Photovoltaic - Solar - Generation
59826,Sunshine Valley Solar,PV,SUN,SUN,,N,2022,EIA923_Schedules_2_3_4_5_M_12_2022_Final_Revision.xlsx,TOT MMBTU OCT,70628,OCT,2022-10-01,Solar,Photovoltaic,Solar,total-fuel-consumed,Solar - Photovoltaic - Solar - Total Fuel Consumed
59826,Sunshine Valley Solar,PV,SUN,SUN,,N,2022,EIA923_Schedules_2_3_4_5_M_12_2022_Final_Revision.xlsx,ELEC MMBTU OCT,70628,OCT,2022-10-01,Solar,Photovoltaic,Solar,quantity-consumed-electricity,Solar - Photovoltaic - Solar - Quantity Consumed For Electricity
59826,Sunshine Valley Solar,PV,SUN,SUN,,N,2022,EIA923_Schedules_2_3_4_5_M_12_2022_Final_Revision.xlsx,ELEC MMBTU NOV,51057,NOV,2022-11-01,Solar,Photovoltaic,Solar,quantity-consumed-electricity,Solar - Photovoltaic - Solar - Quantity Consumed For Electricity
59826,Sunshine Valley Solar,PV,SUN,SUN,,N,2022,EIA923_Schedules_2_3_4_5_M_12_2022_Final_Revision.xlsx,NETGEN NOV,14964,NOV,2022-11-01,Solar,Photovoltaic,Solar,generation,Solar - Photovoltaic - Solar - Generation
59826,Sunshine Valley Solar,PV,SUN,SUN,,N,2022,EIA923_Schedules_2_3_4_5_M_12_2022_Final_Revision.xlsx,TOT MMBTU NOV,51057,NOV,2022-11-01,Solar,Photovoltaic,Solar,total-fuel-consumed,Solar - Photovoltaic - Solar - Total Fuel Consumed
59826,Sunshine Valley Solar,PV,SUN,SUN,,N,2022,EIA923_Schedules_2_3_4_5_M_12_2022_Final_Revision.xlsx,ELEC MMBTU DEC,20059,DEC,2022-12-01,Solar,Photovoltaic,Solar,quantity-consumed-electricity,Solar - Photovoltaic - Solar - Quantity Consumed For Electricity
59826,Sunshine Valley Solar,PV,SUN,SUN,,N,2022,EIA923_Schedules_2_3_4_5_M_12_2022_Final_Revision.xlsx,NETGEN DEC,5879,DEC,2022-12-01,Solar,Photovoltaic,Solar,generation,Solar - Photovoltaic - Solar - Generation
59826,Sunshine Valley Solar,PV,SUN,SUN,,N,2022,EIA923_Schedules_2_3_4_5_M_12_2022_Final_Revision.xlsx,TOT MMBTU DEC,20059,DEC,2022-12-01,Solar,Photovoltaic,Solar,total-fuel-consumed,Solar - Photovoltaic - Solar - Total Fuel Consumed
59826,Sunshine Valley Solar,PV,SUN,SUN,,N,2023,EIA923_Schedules_2_3_4_5_M_12_2023_Final_Revision.xlsx,ELEC MMBTU JAN,40156,JAN,2023-01-01,Solar,Photovoltaic,Solar,quantity-consumed-electricity,Solar - Photovoltaic - Solar - Quantity Consumed For Electricity
59826,Sunshine Valley Solar,PV,SUN,SUN,,N,2023,EIA923_Schedules_2_3_4_5_M_12_2023_Final_Revision.xlsx,NETGEN JAN,11769,JAN,2023-01-01,Solar,Photovoltaic,Solar,generation,Solar - Photovoltaic - Solar - Generation
59826,Sunshine Valley Solar,PV,SUN,SUN,,N,2023,EIA923_Schedules_2_3_4_5_M_12_2023_Final_Revision.xlsx,TOT MMBTU JAN,40156,JAN,2023-01-01,Solar,Photovoltaic,Solar,total-fuel-consumed,Solar - Photovoltaic - Solar - Total Fuel Consumed
59826,Sunshine Valley Solar,PV,SUN,SUN,,N,2023,EIA923_Schedules_2_3_4_5_M_12_2023_Final_Revision.xlsx,ELEC MMBTU FEB,47260,FEB,2023-02-01,Solar,Photovoltaic,Solar,quantity-consumed-electricity,Solar - Photovoltaic - Solar - Quantity Consumed For Electricity
59826,Sunshine Valley Solar,PV,SUN,SUN,,N,2023,EIA923_Schedules_2_3_4_5_M_12_2023_Final_Revision.xlsx,NETGEN FEB,13851,FEB,2023-02-01,Solar,Photovoltaic,Solar,generation,Solar - Photovoltaic - Solar - Generation
59826,Sunshine Valley Solar,PV,SUN,SUN,,N,2023,EIA923_Schedules_2_3_4_5_M_12_2023_Final_Revision.xlsx,TOT MMBTU FEB,47260,FEB,2023-02-01,Solar,Photovoltaic,Solar,total-fuel-consumed,Solar - Photovoltaic - Solar - Total Fuel Consumed
59826,Sunshine Valley Solar,PV,SUN,SUN,,N,2023,EIA923_Schedules_2_3_4_5_M_12_2023_Final_Revision.xlsx,ELEC MMBTU MAR,48604,MAR,2023-03-01,Solar,Photovoltaic,Solar,quantity-consumed-electricity,Solar - Photovoltaic - Solar - Quantity Consumed For Electricity
59826,Sunshine Valley Solar,PV,SUN,SUN,,N,2023,EIA923_Schedules_2_3_4_5_M_12_2023_Final_Revision.xlsx,TOT MMBTU MAR,48604,MAR,2023-03-01,Solar,Photovoltaic,Solar,total-fuel-consumed,Solar - Photovoltaic - Solar - Total Fuel Consumed
59826,Sunshine Valley Solar,PV,SUN,SUN,,N,2023,EIA923_Schedules_2_3_4_5_M_12_2023_Final_Revision.xlsx,NETGEN MAR,14245,MAR,2023-03-01,Solar,Photovoltaic,Solar,generation,Solar - Photovoltaic - Solar - Generation
59826,Sunshine Valley Solar,PV,SUN,SUN,,N,2023,EIA923_Schedules_2_3_4_5_M_12_2023_Final_Revision.xlsx,NETGEN APR,20636,APR,2023-04-01,Solar,Photovoltaic,Solar,generation,Solar - Photovoltaic - Solar - Generation
59826,Sunshine Valley Solar,PV,SUN,SUN,,N,2023,EIA923_Schedules_2_3_4_5_M_12_2023_Final_Revision.xlsx,TOT MMBTU APR,70410,APR,2023-04-01,Solar,Photovoltaic,Solar,total-fuel-consumed,Solar - Photovoltaic - Solar - Total Fuel Consumed
59826,Sunshine Valley Solar,PV,SUN,SUN,,N,2023,EIA923_Schedules_2_3_4_5_M_12_2023_Final_Revision.xlsx,ELEC MMBTU APR,70410,APR,2023-04-01,Solar,Photovoltaic,Solar,quantity-consumed-electricity,Solar - Photovoltaic - Solar - Quantity Consumed For Electricity
59826,Sunshine Valley Solar,PV,SUN,SUN,,N,2023,EIA923_Schedules_2_3_4_5_M_12_2023_Final_Revision.xlsx,ELEC MMBTU MAY,86105,MAY,2023-05-01,Solar,Photovoltaic,Solar,quantity-consumed-electricity,Solar - Photovoltaic - Solar - Quantity Consumed For Electricity
59826,Sunshine Valley Solar,PV,SUN,SUN,,N,2023,EIA923_Schedules_2_3_4_5_M_12_2023_Final_Revision.xlsx,NETGEN MAY,25236,MAY,2023-05-01,Solar,Photovoltaic,Solar,generation,Solar - Photovoltaic - Solar - Generation
59826,Sunshine Valley Solar,PV,SUN,SUN,,N,2023,EIA923_Schedules_2_3_4_5_M_12_2023_Final_Revision.xlsx,TOT MMBTU MAY,86105,MAY,2023-05-01,Solar,Photovoltaic,Solar,total-fuel-consumed,Solar - Photovoltaic - Solar - Total Fuel Consumed
59826,Sunshine Valley Solar,PV,SUN,SUN,,N,2023,EIA923_Schedules_2_3_4_5_M_12_2023_Final_Revision.xlsx,NETGEN JUN,26225,JUN,2023-06-01,Solar,Photovoltaic,Solar,generation,Solar - Photovoltaic - Solar - Generation
59826,Sunshine Valley Solar,PV,SUN,SUN,,N,2023,EIA923_Schedules_2_3_4_5_M_12_2023_Final_Revision.xlsx,ELEC MMBTU JUN,89480,JUN,2023-06-01,Solar,Photovoltaic,Solar,quantity-consumed-electricity,Solar - Photovoltaic - Solar - Quantity Consumed For Electricity
59826,Sunshine Valley Solar,PV,SUN,SUN,,N,2023,EIA923_Schedules_2_3_4_5_M_12_2023_Final_Revision.xlsx,TOT MMBTU JUN,89480,JUN,2023-06-01,Solar,Photovoltaic,Solar,total-fuel-consumed,Solar - Photovoltaic - Solar - Total Fuel Consumed
59826,Sunshine Valley Solar,PV,SUN,SUN,,N,2023,EIA923_Schedules_2_3_4_5_M_12_2023_Final_Revision.xlsx,NETGEN JUL,21373,JUL,2023-07-01,Solar,Photovoltaic,Solar,generation,Solar - Photovoltaic - Solar - Generation
59826,Sunshine Valley Solar,PV,SUN,SUN,,N,2023,EIA923_Schedules_2_3_4_5_M_12_2023_Final_Revision.xlsx,ELEC MMBTU JUL,72925,JUL,2023-07-01,Solar,Photovoltaic,Solar,quantity-consumed-electricity,Solar - Photovoltaic - Solar - Quantity Consumed For Electricity
59826,Sunshine Valley Solar,PV,SUN,SUN,,N,2023,EIA923_Schedules_2_3_4_5_M_12_2023_Final_Revision.xlsx,TOT MMBTU JUL,72925,JUL,2023-07-01,Solar,Photovoltaic,Solar,total-fuel-consumed,Solar - Photovoltaic - Solar - Total Fuel Consumed
59826,Sunshine Valley Solar,PV,SUN,SUN,,N,2023,EIA923_Schedules_2_3_4_5_M_12_2023_Final_Revision.xlsx,ELEC MMBTU AUG,59925,AUG,2023-08-01,Solar,Photovoltaic,Solar,quantity-consumed-electricity,Solar - Photovoltaic - Solar - Quantity Consumed For Electricity
59826,Sunshine Valley Solar,PV,SUN,SUN,,N,2023,EIA923_Schedules_2_3_4_5_M_12_2023_Final_Revision.xlsx,TOT MMBTU AUG,59925,AUG,2023-08-01,Solar,Photovoltaic,Solar,total-fuel-consumed,Solar - Photovoltaic - Solar - Total Fuel Consumed
59826,Sunshine Valley Solar,PV,SUN,SUN,,N,2023,EIA923_Schedules_2_3_4_5_M_12_2023_Final_Revision.xlsx,NETGEN AUG,17563,AUG,2023-08-01,Solar,Photovoltaic,Solar,generation,Solar - Photovoltaic - Solar - Generation
59826,Sunshine Valley Solar,PV,SUN,SUN,,N,2023,EIA923_Schedules_2_3_4_5_M_12_2023_Final_Revision.xlsx,TOT MMBTU SEP,62272,SEP,2023-09-01,Solar,Photovoltaic,Solar,total-fuel-consumed,Solar - Photovoltaic - Solar - Total Fuel Consumed
59826,Sunshine Valley Solar,PV,SUN,SUN,,N,2023,EIA923_Schedules_2_3_4_5_M_12_2023_Final_Revision.xlsx,NETGEN SEP,18251,SEP,2023-09-01,Solar,Photovoltaic,Solar,generation,Solar - Photovoltaic - Solar - Generation
59826,Sunshine Valley Solar,PV,SUN,SUN,,N,2023,EIA923_Schedules_2_3_4_5_M_12_2023_Final_Revision.xlsx,ELEC MMBTU SEP,62272,SEP,2023-09-01,Solar,Photovoltaic,Solar,quantity-consumed-electricity,Solar - Photovoltaic - Solar - Quantity Consumed For Electricity
59826,Sunshine Valley Solar,PV,SUN,SUN,,N,2023,EIA923_Schedules_2_3_4_5_M_12_2023_Final_Revision.xlsx,TOT MMBTU OCT,65005,OCT,2023-10-01,Solar,Photovoltaic,Solar,total-fuel-consumed,Solar - Photovoltaic - Solar - Total Fuel Consumed
59826,Sunshine Valley Solar,PV,SUN,SUN,,N,2023,EIA923_Schedules_2_3_4_5_M_12_2023_Final_Revision.xlsx,ELEC MMBTU OCT,65005,OCT,2023-10-01,Solar,Photovoltaic,Solar,quantity-consumed-electricity,Solar - Photovoltaic - Solar - Quantity Consumed For Electricity
59826,Sunshine Valley Solar,PV,SUN,SUN,,N,2023,EIA923_Schedules_2_3_4_5_M_12_2023_Final_Revision.xlsx,NETGEN OCT,19052,OCT,2023-10-01,Solar,Photovoltaic,Solar,generation,Solar - Photovoltaic - Solar - Generation
59826,Sunshine Valley Solar,PV,SUN,SUN,,N,2023,EIA923_Schedules_2_3_4_5_M_12_2023_Final_Revision.xlsx,TOT MMBTU NOV,53091,NOV,2023-11-01,Solar,Photovoltaic,Solar,total-fuel-consumed,Solar - Photovoltaic - Solar - Total Fuel Consumed
59826,Sunshine Valley Solar,PV,SUN,SUN,,N,2023,EIA923_Schedules_2_3_4_5_M_12_2023_Final_Revision.xlsx,ELEC MMBTU NOV,53091,NOV,2023-11-01,Solar,Photovoltaic,Solar,quantity-consumed-electricity,Solar - Photovoltaic - Solar - Quantity Consumed For Electricity
59826,Sunshine Valley Solar,PV,SUN,SUN,,N,2023,EIA923_Schedules_2_3_4_5_M_12_2023_Final_Revision.xlsx,NETGEN NOV,15560,NOV,2023-11-01,Solar,Photovoltaic,Solar,generation,Solar - Photovoltaic - Solar - Generation
59826,Sunshine Valley Solar,PV,SUN,SUN,,N,2023,EIA923_Schedules_2_3_4_5_M_12_2023_Final_Revision.xlsx,ELEC MMBTU DEC,43448,DEC,2023-12-01,Solar,Photovoltaic,Solar,quantity-consumed-electricity,Solar - Photovoltaic - Solar - Quantity Consumed For Electricity
59826,Sunshine Valley Solar,PV,SUN,SUN,,N,2023,EIA923_Schedules_2_3_4_5_M_12_2023_Final_Revision.xlsx,NETGEN DEC,12734,DEC,2023-12-01,Solar,Photovoltaic,Solar,generation,Solar - Photovoltaic - Solar - Generation
59826,Sunshine Valley Solar,PV,SUN,SUN,,N,2023,EIA923_Schedules_2_3_4_5_M_12_2023_Final_Revision.xlsx,TOT MMBTU DEC,43448,DEC,2023-12-01,Solar,Photovoltaic,Solar,total-fuel-consumed,Solar - Photovoltaic - Solar - Total Fuel Consumed
59826,Sunshine Valley Solar,PV,SUN,SUN,,N,2024,EIA923_Schedules_2_3_4_5_M_12_2024_Final.xlsx,ELEC MMBTU JAN,45110,JAN,2024-01-01,Solar,Photovoltaic,Solar,quantity-consumed-electricity,Solar - Photovoltaic - Solar - Quantity Consumed For Electricity
59826,Sunshine Valley Solar,PV,SUN,SUN,,N,2024,EIA923_Schedules_2_3_4_5_M_12_2024_Final.xlsx,NETGEN JAN,13221,JAN,2024-01-01,Solar,Photovoltaic,Solar,generation,Solar - Photovoltaic - Solar - Generation
59826,Sunshine Valley Solar,PV,SUN,SUN,,N,2024,EIA923_Schedules_2_3_4_5_M_12_2024_Final.xlsx,TOT MMBTU JAN,45110,JAN,2024-01-01,Solar,Photovoltaic,Solar,total-fuel-consumed,Solar - Photovoltaic - Solar - Total Fuel Consumed
59826,Sunshine Valley Solar,PV,SUN,SUN,,N,2024,EIA923_Schedules_2_3_4_5_M_12_2024_Final.xlsx,NETGEN FEB,15018,FEB,2024-02-01,Solar,Photovoltaic,Solar,generation,Solar - Photovoltaic - Solar - Generation
59826,Sunshine Valley Solar,PV,SUN,SUN,,N,2024,EIA923_Schedules_2_3_4_5_M_12_2024_Final.xlsx,TOT MMBTU FEB,51241,FEB,2024-02-01,Solar,Photovoltaic,Solar,total-fuel-consumed,Solar - Photovoltaic - Solar - Total Fuel Consumed
59826,Sunshine Valley Solar,PV,SUN,SUN,,N,2024,EIA923_Schedules_2_3_4_5_M_12_2024_Final.xlsx,ELEC MMBTU FEB,51241,FEB,2024-02-01,Solar,Photovoltaic,Solar,quantity-consumed-electricity,Solar - Photovoltaic - Solar - Quantity Consumed For Electricity
59826,Sunshine Valley Solar,PV,SUN,SUN,,N,2024,EIA923_Schedules_2_3_4_5_M_12_2024_Final.xlsx,TOT MMBTU MAR,70246,MAR,2024-03-01,Solar,Photovoltaic,Solar,total-fuel-consumed,Solar - Photovoltaic - Solar - Total Fuel Consumed
59826,Sunshine Valley Solar,PV,SUN,SUN,,N,2024,EIA923_Schedules_2_3_4_5_M_12_2024_Final.xlsx,ELEC MMBTU MAR,70246,MAR,2024-03-01,Solar,Photovoltaic,Solar,quantity-consumed-electricity,Solar - Photovoltaic - Solar - Quantity Consumed For Electricity
59826,Sunshine Valley Solar,PV,SUN,SUN,,N,2024,EIA923_Schedules_2_3_4_5_M_12_2024_Final.xlsx,NETGEN MAR,20588,MAR,2024-03-01,Solar,Photovoltaic,Solar,generation,Solar - Photovoltaic - Solar - Generation
59826,Sunshine Valley Solar,PV,SUN,SUN,,N,2024,EIA923_Schedules_2_3_4_5_M_12_2024_Final.xlsx,TOT MMBTU APR,80066,APR,2024-04-01,Solar,Photovoltaic,Solar,total-fuel-consumed,Solar - Photovoltaic - Solar - Total Fuel Consumed
59826,Sunshine Valley Solar,PV,SUN,SUN,,N,2024,EIA923_Schedules_2_3_4_5_M_12_2024_Final.xlsx,NETGEN APR,23466,APR,2024-04-01,Solar,Photovoltaic,Solar,generation,Solar - Photovoltaic - Solar - Generation
59826,Sunshine Valley Solar,PV,SUN,SUN,,N,2024,EIA923_Schedules_2_3_4_5_M_12_2024_Final.xlsx,ELEC MMBTU APR,80066,APR,2024-04-01,Solar,Photovoltaic,Solar,quantity-consumed-electricity,Solar - Photovoltaic - Solar - Quantity Consumed For Electricity
59826,Sunshine Valley Solar,PV,SUN,SUN,,N,2024,EIA923_Schedules_2_3_4_5_M_12_2024_Final.xlsx,NETGEN MAY,29470,MAY,2024-05-01,Solar,Photovoltaic,Solar,generation,Solar - Photovoltaic - Solar - Generation
59826,Sunshine Valley Solar,PV,SUN,SUN,,N,2024,EIA923_Schedules_2_3_4_5_M_12_2024_Final.xlsx,ELEC MMBTU MAY,100552,MAY,2024-05-01,Solar,Photovoltaic,Solar,quantity-consumed-electricity,Solar - Photovoltaic - Solar - Quantity Consumed For Electricity
59826,Sunshine Valley Solar,PV,SUN,SUN,,N,2024,EIA923_Schedules_2_3_4_5_M_12_2024_Final.xlsx,TOT MMBTU MAY,100552,MAY,2024-05-01,Solar,Photovoltaic,Solar,total-fuel-consumed,Solar - Photovoltaic - Solar - Total Fuel Consumed
59826,Sunshine Valley Solar,PV,SUN,SUN,,N,2024,EIA923_Schedules_2_3_4_5_M_12_2024_Final.xlsx,NETGEN JUN,28677,JUN,2024-06-01,Solar,Photovoltaic,Solar,generation,Solar - Photovoltaic - Solar - Generation
59826,Sunshine Valley Solar,PV,SUN,SUN,,N,2024,EIA923_Schedules_2_3_4_5_M_12_2024_Final.xlsx,ELEC MMBTU JUN,97846,JUN,2024-06-01,Solar,Photovoltaic,Solar,quantity-consumed-electricity,Solar - Photovoltaic - Solar - Quantity Consumed For Electricity
59826,Sunshine Valley Solar,PV,SUN,SUN,,N,2024,EIA923_Schedules_2_3_4_5_M_12_2024_Final.xlsx,TOT MMBTU JUN,97846,JUN,2024-06-01,Solar,Photovoltaic,Solar,total-fuel-consumed,Solar - Photovoltaic - Solar - Total Fuel Consumed
59826,Sunshine Valley Solar,PV,SUN,SUN,,N,2024,EIA923_Schedules_2_3_4_5_M_12_2024_Final.xlsx,ELEC MMBTU JUL,95417,JUL,2024-07-01,Solar,Photovoltaic,Solar,quantity-consumed-electricity,Solar - Photovoltaic - Solar - Quantity Consumed For Electricity
59826,Sunshine Valley Solar,PV,SUN,SUN,,N,2024,EIA923_Schedules_2_3_4_5_M_12_2024_Final.xlsx,TOT MMBTU JUL,95417,JUL,2024-07-01,Solar,Photovoltaic,Solar,total-fuel-consumed,Solar - Photovoltaic - Solar - Total Fuel Consumed
59826,Sunshine Valley Solar,PV,SUN,SUN,,N,2024,EIA923_Schedules_2_3_4_5_M_12_2024_Final.xlsx,NETGEN JUL,27965,JUL,2024-07-01,Solar,Photovoltaic,Solar,generation,Solar - Photovoltaic - Solar - Generation
59826,Sunshine Valley Solar,PV,SUN,SUN,,N,2024,EIA923_Schedules_2_3_4_5_M_12_2024_Final.xlsx,TOT MMBTU AUG,100937,AUG,2024-08-01,Solar,Photovoltaic,Solar,total-fuel-consumed,Solar - Photovoltaic - Solar - Total Fuel Consumed
59826,Sunshine Valley Solar,PV,SUN,SUN,,N,2024,EIA923_Schedules_2_3_4_5_M_12_2024_Final.xlsx,ELEC MMBTU AUG,100937,AUG,2024-08-01,Solar,Photovoltaic,Solar,quantity-consumed-electricity,Solar - Photovoltaic - Solar - Quantity Consumed For Electricity
59826,Sunshine Valley Solar,PV,SUN,SUN,,N,2024,EIA923_Schedules_2_3_4_5_M_12_2024_Final.xlsx,NETGEN AUG,29583,AUG,2024-08-01,Solar,Photovoltaic,Solar,generation,Solar - Photovoltaic - Solar - Generation
59826,Sunshine Valley Solar,PV,SUN,SUN,,N,2024,EIA923_Schedules_2_3_4_5_M_12_2024_Final.xlsx,TOT MMBTU SEP,87286,SEP,2024-09-01,Solar,Photovoltaic,Solar,total-fuel-consumed,Solar - Photovoltaic - Solar - Total Fuel Consumed
59826,Sunshine Valley Solar,PV,SUN,SUN,,N,2024,EIA923_Schedules_2_3_4_5_M_12_2024_Final.xlsx,ELEC MMBTU SEP,87286,SEP,2024-09-01,Solar,Photovoltaic,Solar,quantity-consumed-electricity,Solar - Photovoltaic - Solar - Quantity Consumed For Electricity
59826,Sunshine Valley Solar,PV,SUN,SUN,,N,2024,EIA923_Schedules_2_3_4_5_M_12_2024_Final.xlsx,NETGEN SEP,25582,SEP,2024-09-01,Solar,Photovoltaic,Solar,generation,Solar - Photovoltaic - Solar - Generation
59826,Sunshine Valley Solar,PV,SUN,SUN,,N,2024,EIA923_Schedules_2_3_4_5_M_12_2024_Final.xlsx,NETGEN OCT,19457,OCT,2024-10-01,Solar,Photovoltaic,Solar,generation,Solar - Photovoltaic - Solar - Generation
59826,Sunshine Valley Solar,PV,SUN,SUN,,N,2024,EIA923_Schedules_2_3_4_5_M_12_2024_Final.xlsx,ELEC MMBTU OCT,66387,OCT,2024-10-01,Solar,Photovoltaic,Solar,quantity-consumed-electricity,Solar - Photovoltaic - Solar - Quantity Consumed For Electricity
59826,Sunshine Valley Solar,PV,SUN,SUN,,N,2024,EIA923_Schedules_2_3_4_5_M_12_2024_Final.xlsx,TOT MMBTU OCT,66387,OCT,2024-10-01,Solar,Photovoltaic,Solar,total-fuel-consumed,Solar - Photovoltaic - Solar - Total Fuel Consumed
59826,Sunshine Valley Solar,PV,SUN,SUN,,N,2024,EIA923_Schedules_2_3_4_5_M_12_2024_Final.xlsx,ELEC MMBTU NOV,50498,NOV,2024-11-01,Solar,Photovoltaic,Solar,quantity-consumed-electricity,Solar - Photovoltaic - Solar - Quantity Consumed For Electricity
59826,Sunshine Valley Solar,PV,SUN,SUN,,N,2024,EIA923_Schedules_2_3_4_5_M_12_2024_Final.xlsx,TOT MMBTU NOV,50498,NOV,2024-11-01,Solar,Photovoltaic,Solar,total-fuel-consumed,Solar - Photovoltaic - Solar - Total Fuel Consumed
59826,Sunshine Valley Solar,PV,SUN,SUN,,N,2024,EIA923_Schedules_2_3_4_5_M_12_2024_Final.xlsx,NETGEN NOV,14800,NOV,2024-11-01,Solar,Photovoltaic,Solar,generation,Solar - Photovoltaic - Solar - Generation
59826,Sunshine Valley Solar,PV,SUN,SUN,,N,2024,EIA923_Schedules_2_3_4_5_M_12_2024_Final.xlsx,ELEC MMBTU DEC,42438,DEC,2024-12-01,Solar,Photovoltaic,Solar,quantity-consumed-electricity,Solar - Photovoltaic - Solar - Quantity Consumed For Electricity
59826,Sunshine Valley Solar,PV,SUN,SUN,,N,2024,EIA923_Schedules_2_3_4_5_M_12_2024_Final.xlsx,TOT MMBTU DEC,42438,DEC,2024-12-01,Solar,Photovoltaic,Solar,total-fuel-consumed,Solar - Photovoltaic - Solar - Total Fuel Consumed
59826,Sunshine Valley Solar,PV,SUN,SUN,,N,2024,EIA923_Schedules_2_3_4_5_M_12_2024_Final.xlsx,NETGEN DEC,12438,DEC,2024-12-01,Solar,Photovoltaic,Solar,generation,Solar - Photovoltaic - Solar - Generation
59826,Sunshine Valley Solar,PV,SUN,SUN,,N,2025,EIA923_Schedules_2_3_4_5_M_10_2025_17DEC2025.xlsx,ELEC MMBTU JAN,53899,JAN,2025-01-01,Solar,Photovoltaic,Solar,quantity-consumed-electricity,Solar - Photovoltaic - Solar - Quantity Consumed For Electricity
59826,Sunshine Valley Solar,PV,SUN,SUN,,N,2025,EIA923_Schedules_2_3_4_5_M_10_2025_17DEC2025.xlsx,TOT MMBTU JAN,53899,JAN,2025-01-01,Solar,Photovoltaic,Solar,total-fuel-consumed,Solar - Photovoltaic - Solar - Total Fuel Consumed
59826,Sunshine Valley Solar,PV,SUN,SUN,,N,2025,EIA923_Schedules_2_3_4_5_M_10_2025_17DEC2025.xlsx,NETGEN JAN,15797,JAN,2025-01-01,Solar,Photovoltaic,Solar,generation,Solar - Photovoltaic - Solar - Generation
59826,Sunshine Valley Solar,PV,SUN,SUN,,N,2025,EIA923_Schedules_2_3_4_5_M_10_2025_17DEC2025.xlsx,ELEC MMBTU FEB,62371,FEB,2025-02-01,Solar,Photovoltaic,Solar,quantity-consumed-electricity,Solar - Photovoltaic - Solar - Quantity Consumed For Electricity
59826,Sunshine Valley Solar,PV,SUN,SUN,,N,2025,EIA923_Schedules_2_3_4_5_M_10_2025_17DEC2025.xlsx,TOT MMBTU FEB,62371,FEB,2025-02-01,Solar,Photovoltaic,Solar,total-fuel-consumed,Solar - Photovoltaic - Solar - Total Fuel Consumed
59826,Sunshine Valley Solar,PV,SUN,SUN,,N,2025,EIA923_Schedules_2_3_4_5_M_10_2025_17DEC2025.xlsx,NETGEN FEB,18280,FEB,2025-02-01,Solar,Photovoltaic,Solar,generation,Solar - Photovoltaic - Solar - Generation
59826,Sunshine Valley Solar,PV,SUN,SUN,,N,2025,EIA923_Schedules_2_3_4_5_M_10_2025_17DEC2025.xlsx,ELEC MMBTU MAR,75890,MAR,2025-03-01,Solar,Photovoltaic,Solar,quantity-consumed-electricity,Solar - Photovoltaic - Solar - Quantity Consumed For Electricity
59826,Sunshine Valley Solar,PV,SUN,SUN,,N,2025,EIA923_Schedules_2_3_4_5_M_10_2025_17DEC2025.xlsx,NETGEN MAR,22242,MAR,2025-03-01,Solar,Photovoltaic,Solar,generation,Solar - Photovoltaic - Solar - Generation
59826,Sunshine Valley Solar,PV,SUN,SUN,,N,2025,EIA923_Schedules_2_3_4_5_M_10_2025_17DEC2025.xlsx,TOT MMBTU MAR,75890,MAR,2025-03-01,Solar,Photovoltaic,Solar,total-fuel-consumed,Solar - Photovoltaic - Solar - Total Fuel Consumed
59826,Sunshine Valley Solar,PV,SUN,SUN,,N,2025,EIA923_Schedules_2_3_4_5_M_10_2025_17DEC2025.xlsx,TOT MMBTU APR,86300,APR,2025-04-01,Solar,Photovoltaic,Solar,total-fuel-consumed,Solar - Photovoltaic - Solar - Total Fuel Consumed
59826,Sunshine Valley Solar,PV,SUN,SUN,,N,2025,EIA923_Schedules_2_3_4_5_M_10_2025_17DEC2025.xlsx,NETGEN APR,25293,APR,2025-04-01,Solar,Photovoltaic,Solar,generation,Solar - Photovoltaic - Solar - Generation
59826,Sunshine Valley Solar,PV,SUN,SUN,,N,2025,EIA923_Schedules_2_3_4_5_M_10_2025_17DEC2025.xlsx,ELEC MMBTU APR,86300,APR,2025-04-01,Solar,Photovoltaic,Solar,quantity-consumed-electricity,Solar - Photovoltaic - Solar - Quantity Consumed For Electricity
59826,Sunshine Valley Solar,PV,SUN,SUN,,N,2025,EIA923_Schedules_2_3_4_5_M_10_2025_17DEC2025.xlsx,TOT MMBTU MAY,96959,MAY,2025-05-01,Solar,Photovoltaic,Solar,total-fuel-consumed,Solar - Photovoltaic - Solar - Total Fuel Consumed
59826,Sunshine Valley Solar,PV,SUN,SUN,,N,2025,EIA923_Schedules_2_3_4_5_M_10_2025_17DEC2025.xlsx,ELEC MMBTU MAY,96959,MAY,2025-05-01,Solar,Photovoltaic,Solar,quantity-consumed-electricity,Solar - Photovoltaic - Solar - Quantity Consumed For Electricity
59826,Sunshine Valley Solar,PV,SUN,SUN,,N,2025,EIA923_Schedules_2_3_4_5_M_10_2025_17DEC2025.xlsx,NETGEN MAY,28417,MAY,2025-05-01,Solar,Photovoltaic,Solar,generation,Solar - Photovoltaic - Solar - Generation
59826,Sunshine Valley Solar,PV,SUN,SUN,,N,2025,EIA923_Schedules_2_3_4_5_M_10_2025_17DEC2025.xlsx,NETGEN JUN,30993,JUN,2025-06-01,Solar,Photovoltaic,Solar,generation,Solar - Photovoltaic - Solar - Generation
59826,Sunshine Valley Solar,PV,SUN,SUN,,N,2025,EIA923_Schedules_2_3_4_5_M_10_2025_17DEC2025.xlsx,ELEC MMBTU JUN,105748,JUN,2025-06-01,Solar,Photovoltaic,Solar,quantity-consumed-electricity,Solar - Photovoltaic - Solar - Quantity Consumed For Electricity
59826,Sunshine Valley Solar,PV,SUN,SUN,,N,2025,EIA923_Schedules_2_3_4_5_M_10_2025_17DEC2025.xlsx,TOT MMBTU JUN,105748,JUN,2025-06-01,Solar,Photovoltaic,Solar,total-fuel-consumed,Solar - Photovoltaic - Solar - Total Fuel Consumed
59826,Sunshine Valley Solar,PV,SUN,SUN,,N,2025,EIA923_Schedules_2_3_4_5_M_10_2025_17DEC2025.xlsx,TOT MMBTU JUL,98736,JUL,2025-07-01,Solar,Photovoltaic,Solar,total-fuel-consumed,Solar - Photovoltaic - Solar - Total Fuel Consumed
59826,Sunshine Valley Solar,PV,SUN,SUN,,N,2025,EIA923_Schedules_2_3_4_5_M_10_2025_17DEC2025.xlsx,NETGEN JUL,28938,JUL,2025-07-01,Solar,Photovoltaic,Solar,generation,Solar - Photovoltaic - Solar - Generation
59826,Sunshine Valley Solar,PV,SUN,SUN,,N,2025,EIA923_Schedules_2_3_4_5_M_10_2025_17DEC2025.xlsx,ELEC MMBTU JUL,98736,JUL,2025-07-01,Solar,Photovoltaic,Solar,quantity-consumed-electricity,Solar - Photovoltaic - Solar - Quantity Consumed For Electricity
59826,Sunshine Valley Solar,PV,SUN,SUN,,N,2025,EIA923_Schedules_2_3_4_5_M_10_2025_17DEC2025.xlsx,TOT MMBTU AUG,88245,AUG,2025-08-01,Solar,Photovoltaic,Solar,total-fuel-consumed,Solar - Photovoltaic - Solar - Total Fuel Consumed
59826,Sunshine Valley Solar,PV,SUN,SUN,,N,2025,EIA923_Schedules_2_3_4_5_M_10_2025_17DEC2025.xlsx,NETGEN AUG,25863,AUG,2025-08-01,Solar,Photovoltaic,Solar,generation,Solar - Photovoltaic - Solar - Generation
59826,Sunshine Valley Solar,PV,SUN,SUN,,N,2025,EIA923_Schedules_2_3_4_5_M_10_2025_17DEC2025.xlsx,ELEC MMBTU AUG,88245,AUG,2025-08-01,Solar,Photovoltaic,Solar,quantity-consumed-electricity,Solar - Photovoltaic - Solar - Quantity Consumed For Electricity
59826,Sunshine Valley Solar,PV,SUN,SUN,,N,2025,EIA923_Schedules_2_3_4_5_M_10_2025_17DEC2025.xlsx,NETGEN SEP,24332,SEP,2025-09-01,Solar,Photovoltaic,Solar,generation,Solar - Photovoltaic - Solar - Generation
59826,Sunshine Valley Solar,PV,SUN,SUN,,N,2025,EIA923_Schedules_2_3_4_5_M_10_2025_17DEC2025.xlsx,ELEC MMBTU SEP,83021,SEP,2025-09-01,Solar,Photovoltaic,Solar,quantity-consumed-electricity,Solar - Photovoltaic - Solar - Quantity Consumed For Electricity
59826,Sunshine Valley Solar,PV,SUN,SUN,,N,2025,EIA923_Schedules_2_3_4_5_M_10_2025_17DEC2025.xlsx,TOT MMBTU SEP,83021,SEP,2025-09-01,Solar,Photovoltaic,Solar,total-fuel-consumed,Solar - Photovoltaic - Solar - Total Fuel Consumed
59826,Sunshine Valley Solar,PV,SUN,SUN,,N,2025,EIA923_Schedules_2_3_4_5_M_10_2025_17DEC2025.xlsx,ELEC MMBTU OCT,62818,OCT,2025-10-01,Solar,Photovoltaic,Solar,quantity-consumed-electricity,Solar - Photovoltaic - Solar - Quantity Consumed For Electricity
59826,Sunshine Valley Solar,PV,SUN,SUN,,N,2025,EIA923_Schedules_2_3_4_5_M_10_2025_17DEC2025.xlsx,TOT MMBTU OCT,62818,OCT,2025-10-01,Solar,Photovoltaic,Solar,total-fuel-consumed,Solar - Photovoltaic - Solar - Total Fuel Consumed
59826,Sunshine Valley Solar,PV,SUN,SUN,,N,2025,EIA923_Schedules_2_3_4_5_M_10_2025_17DEC2025.xlsx,NETGEN OCT,18411,OCT,2025-10-01,Solar,Photovoltaic,Solar,generation,Solar - Photovoltaic - Solar - Generation
