PLANT ID,PLANT NAME,REPORTED PRIME MOVER,REPORTED FUEL TYPE CODE,MER FUEL TYPE CODE,NUCLEAR UNIT ID,COMBINED HEAT AND POWER PLANT,YEAR,file,variable,value,MONTH,period,energy_type,prime_mover_type,mer_type,common_name,sensor_name
60083,Fresno Solar,PV,SUN,SUN,,N,2015,EIA923_Schedules_2_3_4_5_M_12_2015_Final_Revision.xlsx,TOT MMBTU OCT,2239,OCT,2015-10-01,Solar,Photovoltaic,Solar,total-fuel-consumed,Solar - Photovoltaic - Solar - Total Fuel Consumed
60083,Fresno Solar,PV,SUN,SUN,,N,2015,EIA923_Schedules_2_3_4_5_M_12_2015_Final_Revision.xlsx,ELEC MMBTU OCT,2239,OCT,2015-10-01,Solar,Photovoltaic,Solar,quantity-consumed-electricity,Solar - Photovoltaic - Solar - Quantity Consumed For Electricity
60083,Fresno Solar,PV,SUN,SUN,,N,2015,EIA923_Schedules_2_3_4_5_M_12_2015_Final_Revision.xlsx,NETGEN OCT,240.245,OCT,2015-10-01,Solar,Photovoltaic,Solar,generation,Solar - Photovoltaic - Solar - Generation
60083,Fresno Solar,PV,SUN,SUN,,N,2015,EIA923_Schedules_2_3_4_5_M_12_2015_Final_Revision.xlsx,NETGEN NOV,222.557,NOV,2015-11-01,Solar,Photovoltaic,Solar,generation,Solar - Photovoltaic - Solar - Generation
60083,Fresno Solar,PV,SUN,SUN,,N,2015,EIA923_Schedules_2_3_4_5_M_12_2015_Final_Revision.xlsx,TOT MMBTU NOV,2074,NOV,2015-11-01,Solar,Photovoltaic,Solar,total-fuel-consumed,Solar - Photovoltaic - Solar - Total Fuel Consumed
60083,Fresno Solar,PV,SUN,SUN,,N,2015,EIA923_Schedules_2_3_4_5_M_12_2015_Final_Revision.xlsx,ELEC MMBTU NOV,2074,NOV,2015-11-01,Solar,Photovoltaic,Solar,quantity-consumed-electricity,Solar - Photovoltaic - Solar - Quantity Consumed For Electricity
60083,Fresno Solar,PV,SUN,SUN,,N,2015,EIA923_Schedules_2_3_4_5_M_12_2015_Final_Revision.xlsx,NETGEN DEC,183.198,DEC,2015-12-01,Solar,Photovoltaic,Solar,generation,Solar - Photovoltaic - Solar - Generation
60083,Fresno Solar,PV,SUN,SUN,,N,2015,EIA923_Schedules_2_3_4_5_M_12_2015_Final_Revision.xlsx,TOT MMBTU DEC,1707,DEC,2015-12-01,Solar,Photovoltaic,Solar,total-fuel-consumed,Solar - Photovoltaic - Solar - Total Fuel Consumed
60083,Fresno Solar,PV,SUN,SUN,,N,2015,EIA923_Schedules_2_3_4_5_M_12_2015_Final_Revision.xlsx,ELEC MMBTU DEC,1707,DEC,2015-12-01,Solar,Photovoltaic,Solar,quantity-consumed-electricity,Solar - Photovoltaic - Solar - Quantity Consumed For Electricity
60083,Fresno Solar,PV,SUN,SUN,,N,2016,EIA923_Schedules_2_3_4_5_M_12_2016_Final_Revision.xlsx,NETGEN JAN,249.127,JAN,2016-01-01,Solar,Photovoltaic,Solar,generation,Solar - Photovoltaic - Solar - Generation
60083,Fresno Solar,PV,SUN,SUN,,N,2016,EIA923_Schedules_2_3_4_5_M_12_2016_Final_Revision.xlsx,TOT MMBTU JAN,2300,JAN,2016-01-01,Solar,Photovoltaic,Solar,total-fuel-consumed,Solar - Photovoltaic - Solar - Total Fuel Consumed
60083,Fresno Solar,PV,SUN,SUN,,N,2016,EIA923_Schedules_2_3_4_5_M_12_2016_Final_Revision.xlsx,ELEC MMBTU JAN,2300,JAN,2016-01-01,Solar,Photovoltaic,Solar,quantity-consumed-electricity,Solar - Photovoltaic - Solar - Quantity Consumed For Electricity
60083,Fresno Solar,PV,SUN,SUN,,N,2016,EIA923_Schedules_2_3_4_5_M_12_2016_Final_Revision.xlsx,NETGEN FEB,415.826,FEB,2016-02-01,Solar,Photovoltaic,Solar,generation,Solar - Photovoltaic - Solar - Generation
60083,Fresno Solar,PV,SUN,SUN,,N,2016,EIA923_Schedules_2_3_4_5_M_12_2016_Final_Revision.xlsx,ELEC MMBTU FEB,3839,FEB,2016-02-01,Solar,Photovoltaic,Solar,quantity-consumed-electricity,Solar - Photovoltaic - Solar - Quantity Consumed For Electricity
60083,Fresno Solar,PV,SUN,SUN,,N,2016,EIA923_Schedules_2_3_4_5_M_12_2016_Final_Revision.xlsx,TOT MMBTU FEB,3839,FEB,2016-02-01,Solar,Photovoltaic,Solar,total-fuel-consumed,Solar - Photovoltaic - Solar - Total Fuel Consumed
60083,Fresno Solar,PV,SUN,SUN,,N,2016,EIA923_Schedules_2_3_4_5_M_12_2016_Final_Revision.xlsx,NETGEN MAR,458.988,MAR,2016-03-01,Solar,Photovoltaic,Solar,generation,Solar - Photovoltaic - Solar - Generation
60083,Fresno Solar,PV,SUN,SUN,,N,2016,EIA923_Schedules_2_3_4_5_M_12_2016_Final_Revision.xlsx,ELEC MMBTU MAR,4237,MAR,2016-03-01,Solar,Photovoltaic,Solar,quantity-consumed-electricity,Solar - Photovoltaic - Solar - Quantity Consumed For Electricity
60083,Fresno Solar,PV,SUN,SUN,,N,2016,EIA923_Schedules_2_3_4_5_M_12_2016_Final_Revision.xlsx,TOT MMBTU MAR,4237,MAR,2016-03-01,Solar,Photovoltaic,Solar,total-fuel-consumed,Solar - Photovoltaic - Solar - Total Fuel Consumed
60083,Fresno Solar,PV,SUN,SUN,,N,2016,EIA923_Schedules_2_3_4_5_M_12_2016_Final_Revision.xlsx,ELEC MMBTU APR,4936,APR,2016-04-01,Solar,Photovoltaic,Solar,quantity-consumed-electricity,Solar - Photovoltaic - Solar - Quantity Consumed For Electricity
60083,Fresno Solar,PV,SUN,SUN,,N,2016,EIA923_Schedules_2_3_4_5_M_12_2016_Final_Revision.xlsx,TOT MMBTU APR,4936,APR,2016-04-01,Solar,Photovoltaic,Solar,total-fuel-consumed,Solar - Photovoltaic - Solar - Total Fuel Consumed
60083,Fresno Solar,PV,SUN,SUN,,N,2016,EIA923_Schedules_2_3_4_5_M_12_2016_Final_Revision.xlsx,NETGEN APR,534.69,APR,2016-04-01,Solar,Photovoltaic,Solar,generation,Solar - Photovoltaic - Solar - Generation
60083,Fresno Solar,PV,SUN,SUN,,N,2016,EIA923_Schedules_2_3_4_5_M_12_2016_Final_Revision.xlsx,ELEC MMBTU MAY,6136,MAY,2016-05-01,Solar,Photovoltaic,Solar,quantity-consumed-electricity,Solar - Photovoltaic - Solar - Quantity Consumed For Electricity
60083,Fresno Solar,PV,SUN,SUN,,N,2016,EIA923_Schedules_2_3_4_5_M_12_2016_Final_Revision.xlsx,TOT MMBTU MAY,6136,MAY,2016-05-01,Solar,Photovoltaic,Solar,total-fuel-consumed,Solar - Photovoltaic - Solar - Total Fuel Consumed
60083,Fresno Solar,PV,SUN,SUN,,N,2016,EIA923_Schedules_2_3_4_5_M_12_2016_Final_Revision.xlsx,NETGEN MAY,664.645,MAY,2016-05-01,Solar,Photovoltaic,Solar,generation,Solar - Photovoltaic - Solar - Generation
60083,Fresno Solar,PV,SUN,SUN,,N,2016,EIA923_Schedules_2_3_4_5_M_12_2016_Final_Revision.xlsx,NETGEN JUN,637.47,JUN,2016-06-01,Solar,Photovoltaic,Solar,generation,Solar - Photovoltaic - Solar - Generation
60083,Fresno Solar,PV,SUN,SUN,,N,2016,EIA923_Schedules_2_3_4_5_M_12_2016_Final_Revision.xlsx,ELEC MMBTU JUN,5885,JUN,2016-06-01,Solar,Photovoltaic,Solar,quantity-consumed-electricity,Solar - Photovoltaic - Solar - Quantity Consumed For Electricity
60083,Fresno Solar,PV,SUN,SUN,,N,2016,EIA923_Schedules_2_3_4_5_M_12_2016_Final_Revision.xlsx,TOT MMBTU JUN,5885,JUN,2016-06-01,Solar,Photovoltaic,Solar,total-fuel-consumed,Solar - Photovoltaic - Solar - Total Fuel Consumed
60083,Fresno Solar,PV,SUN,SUN,,N,2016,EIA923_Schedules_2_3_4_5_M_12_2016_Final_Revision.xlsx,ELEC MMBTU JUL,6870,JUL,2016-07-01,Solar,Photovoltaic,Solar,quantity-consumed-electricity,Solar - Photovoltaic - Solar - Quantity Consumed For Electricity
60083,Fresno Solar,PV,SUN,SUN,,N,2016,EIA923_Schedules_2_3_4_5_M_12_2016_Final_Revision.xlsx,NETGEN JUL,744.176,JUL,2016-07-01,Solar,Photovoltaic,Solar,generation,Solar - Photovoltaic - Solar - Generation
60083,Fresno Solar,PV,SUN,SUN,,N,2016,EIA923_Schedules_2_3_4_5_M_12_2016_Final_Revision.xlsx,TOT MMBTU JUL,6870,JUL,2016-07-01,Solar,Photovoltaic,Solar,total-fuel-consumed,Solar - Photovoltaic - Solar - Total Fuel Consumed
60083,Fresno Solar,PV,SUN,SUN,,N,2016,EIA923_Schedules_2_3_4_5_M_12_2016_Final_Revision.xlsx,ELEC MMBTU AUG,6775,AUG,2016-08-01,Solar,Photovoltaic,Solar,quantity-consumed-electricity,Solar - Photovoltaic - Solar - Quantity Consumed For Electricity
60083,Fresno Solar,PV,SUN,SUN,,N,2016,EIA923_Schedules_2_3_4_5_M_12_2016_Final_Revision.xlsx,TOT MMBTU AUG,6775,AUG,2016-08-01,Solar,Photovoltaic,Solar,total-fuel-consumed,Solar - Photovoltaic - Solar - Total Fuel Consumed
60083,Fresno Solar,PV,SUN,SUN,,N,2016,EIA923_Schedules_2_3_4_5_M_12_2016_Final_Revision.xlsx,NETGEN AUG,733.873,AUG,2016-08-01,Solar,Photovoltaic,Solar,generation,Solar - Photovoltaic - Solar - Generation
60083,Fresno Solar,PV,SUN,SUN,,N,2016,EIA923_Schedules_2_3_4_5_M_12_2016_Final_Revision.xlsx,TOT MMBTU SEP,5978,SEP,2016-09-01,Solar,Photovoltaic,Solar,total-fuel-consumed,Solar - Photovoltaic - Solar - Total Fuel Consumed
60083,Fresno Solar,PV,SUN,SUN,,N,2016,EIA923_Schedules_2_3_4_5_M_12_2016_Final_Revision.xlsx,ELEC MMBTU SEP,5978,SEP,2016-09-01,Solar,Photovoltaic,Solar,quantity-consumed-electricity,Solar - Photovoltaic - Solar - Quantity Consumed For Electricity
60083,Fresno Solar,PV,SUN,SUN,,N,2016,EIA923_Schedules_2_3_4_5_M_12_2016_Final_Revision.xlsx,NETGEN SEP,647.492,SEP,2016-09-01,Solar,Photovoltaic,Solar,generation,Solar - Photovoltaic - Solar - Generation
60083,Fresno Solar,PV,SUN,SUN,,N,2016,EIA923_Schedules_2_3_4_5_M_12_2016_Final_Revision.xlsx,NETGEN OCT,545.831,OCT,2016-10-01,Solar,Photovoltaic,Solar,generation,Solar - Photovoltaic - Solar - Generation
60083,Fresno Solar,PV,SUN,SUN,,N,2016,EIA923_Schedules_2_3_4_5_M_12_2016_Final_Revision.xlsx,TOT MMBTU OCT,5039,OCT,2016-10-01,Solar,Photovoltaic,Solar,total-fuel-consumed,Solar - Photovoltaic - Solar - Total Fuel Consumed
60083,Fresno Solar,PV,SUN,SUN,,N,2016,EIA923_Schedules_2_3_4_5_M_12_2016_Final_Revision.xlsx,ELEC MMBTU OCT,5039,OCT,2016-10-01,Solar,Photovoltaic,Solar,quantity-consumed-electricity,Solar - Photovoltaic - Solar - Quantity Consumed For Electricity
60083,Fresno Solar,PV,SUN,SUN,,N,2016,EIA923_Schedules_2_3_4_5_M_12_2016_Final_Revision.xlsx,TOT MMBTU NOV,4329,NOV,2016-11-01,Solar,Photovoltaic,Solar,total-fuel-consumed,Solar - Photovoltaic - Solar - Total Fuel Consumed
60083,Fresno Solar,PV,SUN,SUN,,N,2016,EIA923_Schedules_2_3_4_5_M_12_2016_Final_Revision.xlsx,NETGEN NOV,468.894,NOV,2016-11-01,Solar,Photovoltaic,Solar,generation,Solar - Photovoltaic - Solar - Generation
60083,Fresno Solar,PV,SUN,SUN,,N,2016,EIA923_Schedules_2_3_4_5_M_12_2016_Final_Revision.xlsx,ELEC MMBTU NOV,4329,NOV,2016-11-01,Solar,Photovoltaic,Solar,quantity-consumed-electricity,Solar - Photovoltaic - Solar - Quantity Consumed For Electricity
60083,Fresno Solar,PV,SUN,SUN,,N,2016,EIA923_Schedules_2_3_4_5_M_12_2016_Final_Revision.xlsx,ELEC MMBTU DEC,3157,DEC,2016-12-01,Solar,Photovoltaic,Solar,quantity-consumed-electricity,Solar - Photovoltaic - Solar - Quantity Consumed For Electricity
60083,Fresno Solar,PV,SUN,SUN,,N,2016,EIA923_Schedules_2_3_4_5_M_12_2016_Final_Revision.xlsx,TOT MMBTU DEC,3157,DEC,2016-12-01,Solar,Photovoltaic,Solar,total-fuel-consumed,Solar - Photovoltaic - Solar - Total Fuel Consumed
60083,Fresno Solar,PV,SUN,SUN,,N,2016,EIA923_Schedules_2_3_4_5_M_12_2016_Final_Revision.xlsx,NETGEN DEC,341.988,DEC,2016-12-01,Solar,Photovoltaic,Solar,generation,Solar - Photovoltaic - Solar - Generation
60083,Fresno Solar,PV,SUN,SUN,,N,2017,EIA923_Schedules_2_3_4_5_M_12_2017_Final_Revision.xlsx,ELEC MMBTU JAN,2308,JAN,2017-01-01,Solar,Photovoltaic,Solar,quantity-consumed-electricity,Solar - Photovoltaic - Solar - Quantity Consumed For Electricity
60083,Fresno Solar,PV,SUN,SUN,,N,2017,EIA923_Schedules_2_3_4_5_M_12_2017_Final_Revision.xlsx,TOT MMBTU JAN,2308,JAN,2017-01-01,Solar,Photovoltaic,Solar,total-fuel-consumed,Solar - Photovoltaic - Solar - Total Fuel Consumed
60083,Fresno Solar,PV,SUN,SUN,,N,2017,EIA923_Schedules_2_3_4_5_M_12_2017_Final_Revision.xlsx,NETGEN JAN,250.534,JAN,2017-01-01,Solar,Photovoltaic,Solar,generation,Solar - Photovoltaic - Solar - Generation
60083,Fresno Solar,PV,SUN,SUN,,N,2017,EIA923_Schedules_2_3_4_5_M_12_2017_Final_Revision.xlsx,TOT MMBTU FEB,2578,FEB,2017-02-01,Solar,Photovoltaic,Solar,total-fuel-consumed,Solar - Photovoltaic - Solar - Total Fuel Consumed
60083,Fresno Solar,PV,SUN,SUN,,N,2017,EIA923_Schedules_2_3_4_5_M_12_2017_Final_Revision.xlsx,NETGEN FEB,279.835,FEB,2017-02-01,Solar,Photovoltaic,Solar,generation,Solar - Photovoltaic - Solar - Generation
60083,Fresno Solar,PV,SUN,SUN,,N,2017,EIA923_Schedules_2_3_4_5_M_12_2017_Final_Revision.xlsx,ELEC MMBTU FEB,2578,FEB,2017-02-01,Solar,Photovoltaic,Solar,quantity-consumed-electricity,Solar - Photovoltaic - Solar - Quantity Consumed For Electricity
60083,Fresno Solar,PV,SUN,SUN,,N,2017,EIA923_Schedules_2_3_4_5_M_12_2017_Final_Revision.xlsx,NETGEN MAR,521.819,MAR,2017-03-01,Solar,Photovoltaic,Solar,generation,Solar - Photovoltaic - Solar - Generation
60083,Fresno Solar,PV,SUN,SUN,,N,2017,EIA923_Schedules_2_3_4_5_M_12_2017_Final_Revision.xlsx,TOT MMBTU MAR,4808,MAR,2017-03-01,Solar,Photovoltaic,Solar,total-fuel-consumed,Solar - Photovoltaic - Solar - Total Fuel Consumed
60083,Fresno Solar,PV,SUN,SUN,,N,2017,EIA923_Schedules_2_3_4_5_M_12_2017_Final_Revision.xlsx,ELEC MMBTU MAR,4808,MAR,2017-03-01,Solar,Photovoltaic,Solar,quantity-consumed-electricity,Solar - Photovoltaic - Solar - Quantity Consumed For Electricity
60083,Fresno Solar,PV,SUN,SUN,,N,2017,EIA923_Schedules_2_3_4_5_M_12_2017_Final_Revision.xlsx,ELEC MMBTU APR,5065,APR,2017-04-01,Solar,Photovoltaic,Solar,quantity-consumed-electricity,Solar - Photovoltaic - Solar - Quantity Consumed For Electricity
60083,Fresno Solar,PV,SUN,SUN,,N,2017,EIA923_Schedules_2_3_4_5_M_12_2017_Final_Revision.xlsx,TOT MMBTU APR,5065,APR,2017-04-01,Solar,Photovoltaic,Solar,total-fuel-consumed,Solar - Photovoltaic - Solar - Total Fuel Consumed
60083,Fresno Solar,PV,SUN,SUN,,N,2017,EIA923_Schedules_2_3_4_5_M_12_2017_Final_Revision.xlsx,NETGEN APR,549.777,APR,2017-04-01,Solar,Photovoltaic,Solar,generation,Solar - Photovoltaic - Solar - Generation
60083,Fresno Solar,PV,SUN,SUN,,N,2017,EIA923_Schedules_2_3_4_5_M_12_2017_Final_Revision.xlsx,ELEC MMBTU MAY,6368,MAY,2017-05-01,Solar,Photovoltaic,Solar,quantity-consumed-electricity,Solar - Photovoltaic - Solar - Quantity Consumed For Electricity
60083,Fresno Solar,PV,SUN,SUN,,N,2017,EIA923_Schedules_2_3_4_5_M_12_2017_Final_Revision.xlsx,TOT MMBTU MAY,6368,MAY,2017-05-01,Solar,Photovoltaic,Solar,total-fuel-consumed,Solar - Photovoltaic - Solar - Total Fuel Consumed
60083,Fresno Solar,PV,SUN,SUN,,N,2017,EIA923_Schedules_2_3_4_5_M_12_2017_Final_Revision.xlsx,NETGEN MAY,691.251,MAY,2017-05-01,Solar,Photovoltaic,Solar,generation,Solar - Photovoltaic - Solar - Generation
60083,Fresno Solar,PV,SUN,SUN,,N,2017,EIA923_Schedules_2_3_4_5_M_12_2017_Final_Revision.xlsx,TOT MMBTU JUN,6902,JUN,2017-06-01,Solar,Photovoltaic,Solar,total-fuel-consumed,Solar - Photovoltaic - Solar - Total Fuel Consumed
60083,Fresno Solar,PV,SUN,SUN,,N,2017,EIA923_Schedules_2_3_4_5_M_12_2017_Final_Revision.xlsx,ELEC MMBTU JUN,6902,JUN,2017-06-01,Solar,Photovoltaic,Solar,quantity-consumed-electricity,Solar - Photovoltaic - Solar - Quantity Consumed For Electricity
60083,Fresno Solar,PV,SUN,SUN,,N,2017,EIA923_Schedules_2_3_4_5_M_12_2017_Final_Revision.xlsx,NETGEN JUN,749.114,JUN,2017-06-01,Solar,Photovoltaic,Solar,generation,Solar - Photovoltaic - Solar - Generation
60083,Fresno Solar,PV,SUN,SUN,,N,2017,EIA923_Schedules_2_3_4_5_M_12_2017_Final_Revision.xlsx,ELEC MMBTU JUL,6291,JUL,2017-07-01,Solar,Photovoltaic,Solar,quantity-consumed-electricity,Solar - Photovoltaic - Solar - Quantity Consumed For Electricity
60083,Fresno Solar,PV,SUN,SUN,,N,2017,EIA923_Schedules_2_3_4_5_M_12_2017_Final_Revision.xlsx,NETGEN JUL,682.826,JUL,2017-07-01,Solar,Photovoltaic,Solar,generation,Solar - Photovoltaic - Solar - Generation
60083,Fresno Solar,PV,SUN,SUN,,N,2017,EIA923_Schedules_2_3_4_5_M_12_2017_Final_Revision.xlsx,TOT MMBTU JUL,6291,JUL,2017-07-01,Solar,Photovoltaic,Solar,total-fuel-consumed,Solar - Photovoltaic - Solar - Total Fuel Consumed
60083,Fresno Solar,PV,SUN,SUN,,N,2017,EIA923_Schedules_2_3_4_5_M_12_2017_Final_Revision.xlsx,NETGEN AUG,631.038,AUG,2017-08-01,Solar,Photovoltaic,Solar,generation,Solar - Photovoltaic - Solar - Generation
60083,Fresno Solar,PV,SUN,SUN,,N,2017,EIA923_Schedules_2_3_4_5_M_12_2017_Final_Revision.xlsx,TOT MMBTU AUG,5814,AUG,2017-08-01,Solar,Photovoltaic,Solar,total-fuel-consumed,Solar - Photovoltaic - Solar - Total Fuel Consumed
60083,Fresno Solar,PV,SUN,SUN,,N,2017,EIA923_Schedules_2_3_4_5_M_12_2017_Final_Revision.xlsx,ELEC MMBTU AUG,5814,AUG,2017-08-01,Solar,Photovoltaic,Solar,quantity-consumed-electricity,Solar - Photovoltaic - Solar - Quantity Consumed For Electricity
60083,Fresno Solar,PV,SUN,SUN,,N,2017,EIA923_Schedules_2_3_4_5_M_12_2017_Final_Revision.xlsx,NETGEN SEP,589.254,SEP,2017-09-01,Solar,Photovoltaic,Solar,generation,Solar - Photovoltaic - Solar - Generation
60083,Fresno Solar,PV,SUN,SUN,,N,2017,EIA923_Schedules_2_3_4_5_M_12_2017_Final_Revision.xlsx,TOT MMBTU SEP,5429,SEP,2017-09-01,Solar,Photovoltaic,Solar,total-fuel-consumed,Solar - Photovoltaic - Solar - Total Fuel Consumed
60083,Fresno Solar,PV,SUN,SUN,,N,2017,EIA923_Schedules_2_3_4_5_M_12_2017_Final_Revision.xlsx,ELEC MMBTU SEP,5429,SEP,2017-09-01,Solar,Photovoltaic,Solar,quantity-consumed-electricity,Solar - Photovoltaic - Solar - Quantity Consumed For Electricity
60083,Fresno Solar,PV,SUN,SUN,,N,2017,EIA923_Schedules_2_3_4_5_M_12_2017_Final_Revision.xlsx,ELEC MMBTU OCT,5001,OCT,2017-10-01,Solar,Photovoltaic,Solar,quantity-consumed-electricity,Solar - Photovoltaic - Solar - Quantity Consumed For Electricity
60083,Fresno Solar,PV,SUN,SUN,,N,2017,EIA923_Schedules_2_3_4_5_M_12_2017_Final_Revision.xlsx,TOT MMBTU OCT,5001,OCT,2017-10-01,Solar,Photovoltaic,Solar,total-fuel-consumed,Solar - Photovoltaic - Solar - Total Fuel Consumed
60083,Fresno Solar,PV,SUN,SUN,,N,2017,EIA923_Schedules_2_3_4_5_M_12_2017_Final_Revision.xlsx,NETGEN OCT,542.84,OCT,2017-10-01,Solar,Photovoltaic,Solar,generation,Solar - Photovoltaic - Solar - Generation
60083,Fresno Solar,PV,SUN,SUN,,N,2017,EIA923_Schedules_2_3_4_5_M_12_2017_Final_Revision.xlsx,TOT MMBTU NOV,3073,NOV,2017-11-01,Solar,Photovoltaic,Solar,total-fuel-consumed,Solar - Photovoltaic - Solar - Total Fuel Consumed
60083,Fresno Solar,PV,SUN,SUN,,N,2017,EIA923_Schedules_2_3_4_5_M_12_2017_Final_Revision.xlsx,NETGEN NOV,333.577,NOV,2017-11-01,Solar,Photovoltaic,Solar,generation,Solar - Photovoltaic - Solar - Generation
60083,Fresno Solar,PV,SUN,SUN,,N,2017,EIA923_Schedules_2_3_4_5_M_12_2017_Final_Revision.xlsx,ELEC MMBTU NOV,3073,NOV,2017-11-01,Solar,Photovoltaic,Solar,quantity-consumed-electricity,Solar - Photovoltaic - Solar - Quantity Consumed For Electricity
60083,Fresno Solar,PV,SUN,SUN,,N,2017,EIA923_Schedules_2_3_4_5_M_12_2017_Final_Revision.xlsx,TOT MMBTU DEC,2931,DEC,2017-12-01,Solar,Photovoltaic,Solar,total-fuel-consumed,Solar - Photovoltaic - Solar - Total Fuel Consumed
60083,Fresno Solar,PV,SUN,SUN,,N,2017,EIA923_Schedules_2_3_4_5_M_12_2017_Final_Revision.xlsx,ELEC MMBTU DEC,2931,DEC,2017-12-01,Solar,Photovoltaic,Solar,quantity-consumed-electricity,Solar - Photovoltaic - Solar - Quantity Consumed For Electricity
60083,Fresno Solar,PV,SUN,SUN,,N,2017,EIA923_Schedules_2_3_4_5_M_12_2017_Final_Revision.xlsx,NETGEN DEC,318.135,DEC,2017-12-01,Solar,Photovoltaic,Solar,generation,Solar - Photovoltaic - Solar - Generation
60083,Fresno Solar,PV,SUN,SUN,,N,2018,EIA923_Schedules_2_3_4_5_M_12_2018_Final_Revision.xlsx,ELEC MMBTU JAN,2631,JAN,2018-01-01,Solar,Photovoltaic,Solar,quantity-consumed-electricity,Solar - Photovoltaic - Solar - Quantity Consumed For Electricity
60083,Fresno Solar,PV,SUN,SUN,,N,2018,EIA923_Schedules_2_3_4_5_M_12_2018_Final_Revision.xlsx,NETGEN JAN,288.964,JAN,2018-01-01,Solar,Photovoltaic,Solar,generation,Solar - Photovoltaic - Solar - Generation
60083,Fresno Solar,PV,SUN,SUN,,N,2018,EIA923_Schedules_2_3_4_5_M_12_2018_Final_Revision.xlsx,TOT MMBTU JAN,2631,JAN,2018-01-01,Solar,Photovoltaic,Solar,total-fuel-consumed,Solar - Photovoltaic - Solar - Total Fuel Consumed
60083,Fresno Solar,PV,SUN,SUN,,N,2018,EIA923_Schedules_2_3_4_5_M_12_2018_Final_Revision.xlsx,NETGEN FEB,406.76,FEB,2018-02-01,Solar,Photovoltaic,Solar,generation,Solar - Photovoltaic - Solar - Generation
60083,Fresno Solar,PV,SUN,SUN,,N,2018,EIA923_Schedules_2_3_4_5_M_12_2018_Final_Revision.xlsx,TOT MMBTU FEB,3703,FEB,2018-02-01,Solar,Photovoltaic,Solar,total-fuel-consumed,Solar - Photovoltaic - Solar - Total Fuel Consumed
60083,Fresno Solar,PV,SUN,SUN,,N,2018,EIA923_Schedules_2_3_4_5_M_12_2018_Final_Revision.xlsx,ELEC MMBTU FEB,3703,FEB,2018-02-01,Solar,Photovoltaic,Solar,quantity-consumed-electricity,Solar - Photovoltaic - Solar - Quantity Consumed For Electricity
60083,Fresno Solar,PV,SUN,SUN,,N,2018,EIA923_Schedules_2_3_4_5_M_12_2018_Final_Revision.xlsx,TOT MMBTU MAR,4234,MAR,2018-03-01,Solar,Photovoltaic,Solar,total-fuel-consumed,Solar - Photovoltaic - Solar - Total Fuel Consumed
60083,Fresno Solar,PV,SUN,SUN,,N,2018,EIA923_Schedules_2_3_4_5_M_12_2018_Final_Revision.xlsx,NETGEN MAR,465.104,MAR,2018-03-01,Solar,Photovoltaic,Solar,generation,Solar - Photovoltaic - Solar - Generation
60083,Fresno Solar,PV,SUN,SUN,,N,2018,EIA923_Schedules_2_3_4_5_M_12_2018_Final_Revision.xlsx,ELEC MMBTU MAR,4234,MAR,2018-03-01,Solar,Photovoltaic,Solar,quantity-consumed-electricity,Solar - Photovoltaic - Solar - Quantity Consumed For Electricity
60083,Fresno Solar,PV,SUN,SUN,,N,2018,EIA923_Schedules_2_3_4_5_M_12_2018_Final_Revision.xlsx,ELEC MMBTU APR,5293,APR,2018-04-01,Solar,Photovoltaic,Solar,quantity-consumed-electricity,Solar - Photovoltaic - Solar - Quantity Consumed For Electricity
60083,Fresno Solar,PV,SUN,SUN,,N,2018,EIA923_Schedules_2_3_4_5_M_12_2018_Final_Revision.xlsx,NETGEN APR,581.439,APR,2018-04-01,Solar,Photovoltaic,Solar,generation,Solar - Photovoltaic - Solar - Generation
60083,Fresno Solar,PV,SUN,SUN,,N,2018,EIA923_Schedules_2_3_4_5_M_12_2018_Final_Revision.xlsx,TOT MMBTU APR,5293,APR,2018-04-01,Solar,Photovoltaic,Solar,total-fuel-consumed,Solar - Photovoltaic - Solar - Total Fuel Consumed
60083,Fresno Solar,PV,SUN,SUN,,N,2018,EIA923_Schedules_2_3_4_5_M_12_2018_Final_Revision.xlsx,NETGEN MAY,700.855,MAY,2018-05-01,Solar,Photovoltaic,Solar,generation,Solar - Photovoltaic - Solar - Generation
60083,Fresno Solar,PV,SUN,SUN,,N,2018,EIA923_Schedules_2_3_4_5_M_12_2018_Final_Revision.xlsx,ELEC MMBTU MAY,6381,MAY,2018-05-01,Solar,Photovoltaic,Solar,quantity-consumed-electricity,Solar - Photovoltaic - Solar - Quantity Consumed For Electricity
60083,Fresno Solar,PV,SUN,SUN,,N,2018,EIA923_Schedules_2_3_4_5_M_12_2018_Final_Revision.xlsx,TOT MMBTU MAY,6381,MAY,2018-05-01,Solar,Photovoltaic,Solar,total-fuel-consumed,Solar - Photovoltaic - Solar - Total Fuel Consumed
60083,Fresno Solar,PV,SUN,SUN,,N,2018,EIA923_Schedules_2_3_4_5_M_12_2018_Final_Revision.xlsx,TOT MMBTU JUN,6875,JUN,2018-06-01,Solar,Photovoltaic,Solar,total-fuel-consumed,Solar - Photovoltaic - Solar - Total Fuel Consumed
60083,Fresno Solar,PV,SUN,SUN,,N,2018,EIA923_Schedules_2_3_4_5_M_12_2018_Final_Revision.xlsx,NETGEN JUN,755.125,JUN,2018-06-01,Solar,Photovoltaic,Solar,generation,Solar - Photovoltaic - Solar - Generation
60083,Fresno Solar,PV,SUN,SUN,,N,2018,EIA923_Schedules_2_3_4_5_M_12_2018_Final_Revision.xlsx,ELEC MMBTU JUN,6875,JUN,2018-06-01,Solar,Photovoltaic,Solar,quantity-consumed-electricity,Solar - Photovoltaic - Solar - Quantity Consumed For Electricity
60083,Fresno Solar,PV,SUN,SUN,,N,2018,EIA923_Schedules_2_3_4_5_M_12_2018_Final_Revision.xlsx,TOT MMBTU JUL,5942,JUL,2018-07-01,Solar,Photovoltaic,Solar,total-fuel-consumed,Solar - Photovoltaic - Solar - Total Fuel Consumed
60083,Fresno Solar,PV,SUN,SUN,,N,2018,EIA923_Schedules_2_3_4_5_M_12_2018_Final_Revision.xlsx,NETGEN JUL,652.707,JUL,2018-07-01,Solar,Photovoltaic,Solar,generation,Solar - Photovoltaic - Solar - Generation
60083,Fresno Solar,PV,SUN,SUN,,N,2018,EIA923_Schedules_2_3_4_5_M_12_2018_Final_Revision.xlsx,ELEC MMBTU JUL,5942,JUL,2018-07-01,Solar,Photovoltaic,Solar,quantity-consumed-electricity,Solar - Photovoltaic - Solar - Quantity Consumed For Electricity
60083,Fresno Solar,PV,SUN,SUN,,N,2018,EIA923_Schedules_2_3_4_5_M_12_2018_Final_Revision.xlsx,ELEC MMBTU AUG,5984,AUG,2018-08-01,Solar,Photovoltaic,Solar,quantity-consumed-electricity,Solar - Photovoltaic - Solar - Quantity Consumed For Electricity
60083,Fresno Solar,PV,SUN,SUN,,N,2018,EIA923_Schedules_2_3_4_5_M_12_2018_Final_Revision.xlsx,TOT MMBTU AUG,5984,AUG,2018-08-01,Solar,Photovoltaic,Solar,total-fuel-consumed,Solar - Photovoltaic - Solar - Total Fuel Consumed
60083,Fresno Solar,PV,SUN,SUN,,N,2018,EIA923_Schedules_2_3_4_5_M_12_2018_Final_Revision.xlsx,NETGEN AUG,657.251,AUG,2018-08-01,Solar,Photovoltaic,Solar,generation,Solar - Photovoltaic - Solar - Generation
60083,Fresno Solar,PV,SUN,SUN,,N,2018,EIA923_Schedules_2_3_4_5_M_12_2018_Final_Revision.xlsx,NETGEN SEP,622.18,SEP,2018-09-01,Solar,Photovoltaic,Solar,generation,Solar - Photovoltaic - Solar - Generation
60083,Fresno Solar,PV,SUN,SUN,,N,2018,EIA923_Schedules_2_3_4_5_M_12_2018_Final_Revision.xlsx,ELEC MMBTU SEP,5664,SEP,2018-09-01,Solar,Photovoltaic,Solar,quantity-consumed-electricity,Solar - Photovoltaic - Solar - Quantity Consumed For Electricity
60083,Fresno Solar,PV,SUN,SUN,,N,2018,EIA923_Schedules_2_3_4_5_M_12_2018_Final_Revision.xlsx,TOT MMBTU SEP,5664,SEP,2018-09-01,Solar,Photovoltaic,Solar,total-fuel-consumed,Solar - Photovoltaic - Solar - Total Fuel Consumed
60083,Fresno Solar,PV,SUN,SUN,,N,2018,EIA923_Schedules_2_3_4_5_M_12_2018_Final_Revision.xlsx,TOT MMBTU OCT,4463,OCT,2018-10-01,Solar,Photovoltaic,Solar,total-fuel-consumed,Solar - Photovoltaic - Solar - Total Fuel Consumed
60083,Fresno Solar,PV,SUN,SUN,,N,2018,EIA923_Schedules_2_3_4_5_M_12_2018_Final_Revision.xlsx,NETGEN OCT,490.196,OCT,2018-10-01,Solar,Photovoltaic,Solar,generation,Solar - Photovoltaic - Solar - Generation
60083,Fresno Solar,PV,SUN,SUN,,N,2018,EIA923_Schedules_2_3_4_5_M_12_2018_Final_Revision.xlsx,ELEC MMBTU OCT,4463,OCT,2018-10-01,Solar,Photovoltaic,Solar,quantity-consumed-electricity,Solar - Photovoltaic - Solar - Quantity Consumed For Electricity
60083,Fresno Solar,PV,SUN,SUN,,N,2018,EIA923_Schedules_2_3_4_5_M_12_2018_Final_Revision.xlsx,NETGEN NOV,337.178,NOV,2018-11-01,Solar,Photovoltaic,Solar,generation,Solar - Photovoltaic - Solar - Generation
60083,Fresno Solar,PV,SUN,SUN,,N,2018,EIA923_Schedules_2_3_4_5_M_12_2018_Final_Revision.xlsx,ELEC MMBTU NOV,3070,NOV,2018-11-01,Solar,Photovoltaic,Solar,quantity-consumed-electricity,Solar - Photovoltaic - Solar - Quantity Consumed For Electricity
60083,Fresno Solar,PV,SUN,SUN,,N,2018,EIA923_Schedules_2_3_4_5_M_12_2018_Final_Revision.xlsx,TOT MMBTU NOV,3070,NOV,2018-11-01,Solar,Photovoltaic,Solar,total-fuel-consumed,Solar - Photovoltaic - Solar - Total Fuel Consumed
60083,Fresno Solar,PV,SUN,SUN,,N,2018,EIA923_Schedules_2_3_4_5_M_12_2018_Final_Revision.xlsx,ELEC MMBTU DEC,2442,DEC,2018-12-01,Solar,Photovoltaic,Solar,quantity-consumed-electricity,Solar - Photovoltaic - Solar - Quantity Consumed For Electricity
60083,Fresno Solar,PV,SUN,SUN,,N,2018,EIA923_Schedules_2_3_4_5_M_12_2018_Final_Revision.xlsx,TOT MMBTU DEC,2442,DEC,2018-12-01,Solar,Photovoltaic,Solar,total-fuel-consumed,Solar - Photovoltaic - Solar - Total Fuel Consumed
60083,Fresno Solar,PV,SUN,SUN,,N,2018,EIA923_Schedules_2_3_4_5_M_12_2018_Final_Revision.xlsx,NETGEN DEC,268.241,DEC,2018-12-01,Solar,Photovoltaic,Solar,generation,Solar - Photovoltaic - Solar - Generation
60083,Fresno Solar,PV,SUN,SUN,,N,2019,EIA923_Schedules_2_3_4_5_M_12_2019_Final_Revision.xlsx,ELEC MMBTU JAN,2550,JAN,2019-01-01,Solar,Photovoltaic,Solar,quantity-consumed-electricity,Solar - Photovoltaic - Solar - Quantity Consumed For Electricity
60083,Fresno Solar,PV,SUN,SUN,,N,2019,EIA923_Schedules_2_3_4_5_M_12_2019_Final_Revision.xlsx,NETGEN JAN,286.408,JAN,2019-01-01,Solar,Photovoltaic,Solar,generation,Solar - Photovoltaic - Solar - Generation
60083,Fresno Solar,PV,SUN,SUN,,N,2019,EIA923_Schedules_2_3_4_5_M_12_2019_Final_Revision.xlsx,TOT MMBTU JAN,2550,JAN,2019-01-01,Solar,Photovoltaic,Solar,total-fuel-consumed,Solar - Photovoltaic - Solar - Total Fuel Consumed
60083,Fresno Solar,PV,SUN,SUN,,N,2019,EIA923_Schedules_2_3_4_5_M_12_2019_Final_Revision.xlsx,TOT MMBTU FEB,2976,FEB,2019-02-01,Solar,Photovoltaic,Solar,total-fuel-consumed,Solar - Photovoltaic - Solar - Total Fuel Consumed
60083,Fresno Solar,PV,SUN,SUN,,N,2019,EIA923_Schedules_2_3_4_5_M_12_2019_Final_Revision.xlsx,ELEC MMBTU FEB,2976,FEB,2019-02-01,Solar,Photovoltaic,Solar,quantity-consumed-electricity,Solar - Photovoltaic - Solar - Quantity Consumed For Electricity
60083,Fresno Solar,PV,SUN,SUN,,N,2019,EIA923_Schedules_2_3_4_5_M_12_2019_Final_Revision.xlsx,NETGEN FEB,334.189,FEB,2019-02-01,Solar,Photovoltaic,Solar,generation,Solar - Photovoltaic - Solar - Generation
60083,Fresno Solar,PV,SUN,SUN,,N,2019,EIA923_Schedules_2_3_4_5_M_12_2019_Final_Revision.xlsx,TOT MMBTU MAR,4521,MAR,2019-03-01,Solar,Photovoltaic,Solar,total-fuel-consumed,Solar - Photovoltaic - Solar - Total Fuel Consumed
60083,Fresno Solar,PV,SUN,SUN,,N,2019,EIA923_Schedules_2_3_4_5_M_12_2019_Final_Revision.xlsx,NETGEN MAR,507.637,MAR,2019-03-01,Solar,Photovoltaic,Solar,generation,Solar - Photovoltaic - Solar - Generation
60083,Fresno Solar,PV,SUN,SUN,,N,2019,EIA923_Schedules_2_3_4_5_M_12_2019_Final_Revision.xlsx,ELEC MMBTU MAR,4521,MAR,2019-03-01,Solar,Photovoltaic,Solar,quantity-consumed-electricity,Solar - Photovoltaic - Solar - Quantity Consumed For Electricity
60083,Fresno Solar,PV,SUN,SUN,,N,2019,EIA923_Schedules_2_3_4_5_M_12_2019_Final_Revision.xlsx,NETGEN APR,590.417,APR,2019-04-01,Solar,Photovoltaic,Solar,generation,Solar - Photovoltaic - Solar - Generation
60083,Fresno Solar,PV,SUN,SUN,,N,2019,EIA923_Schedules_2_3_4_5_M_12_2019_Final_Revision.xlsx,ELEC MMBTU APR,5258,APR,2019-04-01,Solar,Photovoltaic,Solar,quantity-consumed-electricity,Solar - Photovoltaic - Solar - Quantity Consumed For Electricity
60083,Fresno Solar,PV,SUN,SUN,,N,2019,EIA923_Schedules_2_3_4_5_M_12_2019_Final_Revision.xlsx,TOT MMBTU APR,5258,APR,2019-04-01,Solar,Photovoltaic,Solar,total-fuel-consumed,Solar - Photovoltaic - Solar - Total Fuel Consumed
60083,Fresno Solar,PV,SUN,SUN,,N,2019,EIA923_Schedules_2_3_4_5_M_12_2019_Final_Revision.xlsx,TOT MMBTU MAY,5474,MAY,2019-05-01,Solar,Photovoltaic,Solar,total-fuel-consumed,Solar - Photovoltaic - Solar - Total Fuel Consumed
60083,Fresno Solar,PV,SUN,SUN,,N,2019,EIA923_Schedules_2_3_4_5_M_12_2019_Final_Revision.xlsx,NETGEN MAY,614.719,MAY,2019-05-01,Solar,Photovoltaic,Solar,generation,Solar - Photovoltaic - Solar - Generation
60083,Fresno Solar,PV,SUN,SUN,,N,2019,EIA923_Schedules_2_3_4_5_M_12_2019_Final_Revision.xlsx,ELEC MMBTU MAY,5474,MAY,2019-05-01,Solar,Photovoltaic,Solar,quantity-consumed-electricity,Solar - Photovoltaic - Solar - Quantity Consumed For Electricity
60083,Fresno Solar,PV,SUN,SUN,,N,2019,EIA923_Schedules_2_3_4_5_M_12_2019_Final_Revision.xlsx,TOT MMBTU JUN,6618,JUN,2019-06-01,Solar,Photovoltaic,Solar,total-fuel-consumed,Solar - Photovoltaic - Solar - Total Fuel Consumed
60083,Fresno Solar,PV,SUN,SUN,,N,2019,EIA923_Schedules_2_3_4_5_M_12_2019_Final_Revision.xlsx,ELEC MMBTU JUN,6618,JUN,2019-06-01,Solar,Photovoltaic,Solar,quantity-consumed-electricity,Solar - Photovoltaic - Solar - Quantity Consumed For Electricity
60083,Fresno Solar,PV,SUN,SUN,,N,2019,EIA923_Schedules_2_3_4_5_M_12_2019_Final_Revision.xlsx,NETGEN JUN,743.159,JUN,2019-06-01,Solar,Photovoltaic,Solar,generation,Solar - Photovoltaic - Solar - Generation
60083,Fresno Solar,PV,SUN,SUN,,N,2019,EIA923_Schedules_2_3_4_5_M_12_2019_Final_Revision.xlsx,ELEC MMBTU JUL,6531,JUL,2019-07-01,Solar,Photovoltaic,Solar,quantity-consumed-electricity,Solar - Photovoltaic - Solar - Quantity Consumed For Electricity
60083,Fresno Solar,PV,SUN,SUN,,N,2019,EIA923_Schedules_2_3_4_5_M_12_2019_Final_Revision.xlsx,TOT MMBTU JUL,6531,JUL,2019-07-01,Solar,Photovoltaic,Solar,total-fuel-consumed,Solar - Photovoltaic - Solar - Total Fuel Consumed
60083,Fresno Solar,PV,SUN,SUN,,N,2019,EIA923_Schedules_2_3_4_5_M_12_2019_Final_Revision.xlsx,NETGEN JUL,733.405,JUL,2019-07-01,Solar,Photovoltaic,Solar,generation,Solar - Photovoltaic - Solar - Generation
60083,Fresno Solar,PV,SUN,SUN,,N,2019,EIA923_Schedules_2_3_4_5_M_12_2019_Final_Revision.xlsx,TOT MMBTU AUG,6396,AUG,2019-08-01,Solar,Photovoltaic,Solar,total-fuel-consumed,Solar - Photovoltaic - Solar - Total Fuel Consumed
60083,Fresno Solar,PV,SUN,SUN,,N,2019,EIA923_Schedules_2_3_4_5_M_12_2019_Final_Revision.xlsx,NETGEN AUG,718.282,AUG,2019-08-01,Solar,Photovoltaic,Solar,generation,Solar - Photovoltaic - Solar - Generation
60083,Fresno Solar,PV,SUN,SUN,,N,2019,EIA923_Schedules_2_3_4_5_M_12_2019_Final_Revision.xlsx,ELEC MMBTU AUG,6396,AUG,2019-08-01,Solar,Photovoltaic,Solar,quantity-consumed-electricity,Solar - Photovoltaic - Solar - Quantity Consumed For Electricity
60083,Fresno Solar,PV,SUN,SUN,,N,2019,EIA923_Schedules_2_3_4_5_M_12_2019_Final_Revision.xlsx,NETGEN SEP,587.404,SEP,2019-09-01,Solar,Photovoltaic,Solar,generation,Solar - Photovoltaic - Solar - Generation
60083,Fresno Solar,PV,SUN,SUN,,N,2019,EIA923_Schedules_2_3_4_5_M_12_2019_Final_Revision.xlsx,TOT MMBTU SEP,5231,SEP,2019-09-01,Solar,Photovoltaic,Solar,total-fuel-consumed,Solar - Photovoltaic - Solar - Total Fuel Consumed
60083,Fresno Solar,PV,SUN,SUN,,N,2019,EIA923_Schedules_2_3_4_5_M_12_2019_Final_Revision.xlsx,ELEC MMBTU SEP,5231,SEP,2019-09-01,Solar,Photovoltaic,Solar,quantity-consumed-electricity,Solar - Photovoltaic - Solar - Quantity Consumed For Electricity
60083,Fresno Solar,PV,SUN,SUN,,N,2019,EIA923_Schedules_2_3_4_5_M_12_2019_Final_Revision.xlsx,TOT MMBTU OCT,4806,OCT,2019-10-01,Solar,Photovoltaic,Solar,total-fuel-consumed,Solar - Photovoltaic - Solar - Total Fuel Consumed
60083,Fresno Solar,PV,SUN,SUN,,N,2019,EIA923_Schedules_2_3_4_5_M_12_2019_Final_Revision.xlsx,NETGEN OCT,539.727,OCT,2019-10-01,Solar,Photovoltaic,Solar,generation,Solar - Photovoltaic - Solar - Generation
60083,Fresno Solar,PV,SUN,SUN,,N,2019,EIA923_Schedules_2_3_4_5_M_12_2019_Final_Revision.xlsx,ELEC MMBTU OCT,4806,OCT,2019-10-01,Solar,Photovoltaic,Solar,quantity-consumed-electricity,Solar - Photovoltaic - Solar - Quantity Consumed For Electricity
60083,Fresno Solar,PV,SUN,SUN,,N,2019,EIA923_Schedules_2_3_4_5_M_12_2019_Final_Revision.xlsx,TOT MMBTU NOV,3074,NOV,2019-11-01,Solar,Photovoltaic,Solar,total-fuel-consumed,Solar - Photovoltaic - Solar - Total Fuel Consumed
60083,Fresno Solar,PV,SUN,SUN,,N,2019,EIA923_Schedules_2_3_4_5_M_12_2019_Final_Revision.xlsx,NETGEN NOV,345.174,NOV,2019-11-01,Solar,Photovoltaic,Solar,generation,Solar - Photovoltaic - Solar - Generation
60083,Fresno Solar,PV,SUN,SUN,,N,2019,EIA923_Schedules_2_3_4_5_M_12_2019_Final_Revision.xlsx,ELEC MMBTU NOV,3074,NOV,2019-11-01,Solar,Photovoltaic,Solar,quantity-consumed-electricity,Solar - Photovoltaic - Solar - Quantity Consumed For Electricity
60083,Fresno Solar,PV,SUN,SUN,,N,2019,EIA923_Schedules_2_3_4_5_M_12_2019_Final_Revision.xlsx,TOT MMBTU DEC,1981,DEC,2019-12-01,Solar,Photovoltaic,Solar,total-fuel-consumed,Solar - Photovoltaic - Solar - Total Fuel Consumed
60083,Fresno Solar,PV,SUN,SUN,,N,2019,EIA923_Schedules_2_3_4_5_M_12_2019_Final_Revision.xlsx,ELEC MMBTU DEC,1981,DEC,2019-12-01,Solar,Photovoltaic,Solar,quantity-consumed-electricity,Solar - Photovoltaic - Solar - Quantity Consumed For Electricity
60083,Fresno Solar,PV,SUN,SUN,,N,2019,EIA923_Schedules_2_3_4_5_M_12_2019_Final_Revision.xlsx,NETGEN DEC,222.479,DEC,2019-12-01,Solar,Photovoltaic,Solar,generation,Solar - Photovoltaic - Solar - Generation
60083,Fresno Solar,PV,SUN,SUN,,N,2020,EIA923_Schedules_2_3_4_5_M_12_2020_Final_Revision.xlsx,TOT MMBTU JAN,2888,JAN,2020-01-01,Solar,Photovoltaic,Solar,total-fuel-consumed,Solar - Photovoltaic - Solar - Total Fuel Consumed
60083,Fresno Solar,PV,SUN,SUN,,N,2020,EIA923_Schedules_2_3_4_5_M_12_2020_Final_Revision.xlsx,ELEC MMBTU JAN,2888,JAN,2020-01-01,Solar,Photovoltaic,Solar,quantity-consumed-electricity,Solar - Photovoltaic - Solar - Quantity Consumed For Electricity
60083,Fresno Solar,PV,SUN,SUN,,N,2020,EIA923_Schedules_2_3_4_5_M_12_2020_Final_Revision.xlsx,NETGEN JAN,329.439,JAN,2020-01-01,Solar,Photovoltaic,Solar,generation,Solar - Photovoltaic - Solar - Generation
60083,Fresno Solar,PV,SUN,SUN,,N,2020,EIA923_Schedules_2_3_4_5_M_12_2020_Final_Revision.xlsx,TOT MMBTU FEB,3915,FEB,2020-02-01,Solar,Photovoltaic,Solar,total-fuel-consumed,Solar - Photovoltaic - Solar - Total Fuel Consumed
60083,Fresno Solar,PV,SUN,SUN,,N,2020,EIA923_Schedules_2_3_4_5_M_12_2020_Final_Revision.xlsx,NETGEN FEB,446.571,FEB,2020-02-01,Solar,Photovoltaic,Solar,generation,Solar - Photovoltaic - Solar - Generation
60083,Fresno Solar,PV,SUN,SUN,,N,2020,EIA923_Schedules_2_3_4_5_M_12_2020_Final_Revision.xlsx,ELEC MMBTU FEB,3915,FEB,2020-02-01,Solar,Photovoltaic,Solar,quantity-consumed-electricity,Solar - Photovoltaic - Solar - Quantity Consumed For Electricity
60083,Fresno Solar,PV,SUN,SUN,,N,2020,EIA923_Schedules_2_3_4_5_M_12_2020_Final_Revision.xlsx,NETGEN MAR,436.996,MAR,2020-03-01,Solar,Photovoltaic,Solar,generation,Solar - Photovoltaic - Solar - Generation
60083,Fresno Solar,PV,SUN,SUN,,N,2020,EIA923_Schedules_2_3_4_5_M_12_2020_Final_Revision.xlsx,TOT MMBTU MAR,3831,MAR,2020-03-01,Solar,Photovoltaic,Solar,total-fuel-consumed,Solar - Photovoltaic - Solar - Total Fuel Consumed
60083,Fresno Solar,PV,SUN,SUN,,N,2020,EIA923_Schedules_2_3_4_5_M_12_2020_Final_Revision.xlsx,ELEC MMBTU MAR,3831,MAR,2020-03-01,Solar,Photovoltaic,Solar,quantity-consumed-electricity,Solar - Photovoltaic - Solar - Quantity Consumed For Electricity
60083,Fresno Solar,PV,SUN,SUN,,N,2020,EIA923_Schedules_2_3_4_5_M_12_2020_Final_Revision.xlsx,NETGEN APR,550.738,APR,2020-04-01,Solar,Photovoltaic,Solar,generation,Solar - Photovoltaic - Solar - Generation
60083,Fresno Solar,PV,SUN,SUN,,N,2020,EIA923_Schedules_2_3_4_5_M_12_2020_Final_Revision.xlsx,ELEC MMBTU APR,4828,APR,2020-04-01,Solar,Photovoltaic,Solar,quantity-consumed-electricity,Solar - Photovoltaic - Solar - Quantity Consumed For Electricity
60083,Fresno Solar,PV,SUN,SUN,,N,2020,EIA923_Schedules_2_3_4_5_M_12_2020_Final_Revision.xlsx,TOT MMBTU APR,4828,APR,2020-04-01,Solar,Photovoltaic,Solar,total-fuel-consumed,Solar - Photovoltaic - Solar - Total Fuel Consumed
60083,Fresno Solar,PV,SUN,SUN,,N,2020,EIA923_Schedules_2_3_4_5_M_12_2020_Final_Revision.xlsx,NETGEN MAY,720.779,MAY,2020-05-01,Solar,Photovoltaic,Solar,generation,Solar - Photovoltaic - Solar - Generation
60083,Fresno Solar,PV,SUN,SUN,,N,2020,EIA923_Schedules_2_3_4_5_M_12_2020_Final_Revision.xlsx,TOT MMBTU MAY,6319,MAY,2020-05-01,Solar,Photovoltaic,Solar,total-fuel-consumed,Solar - Photovoltaic - Solar - Total Fuel Consumed
60083,Fresno Solar,PV,SUN,SUN,,N,2020,EIA923_Schedules_2_3_4_5_M_12_2020_Final_Revision.xlsx,ELEC MMBTU MAY,6319,MAY,2020-05-01,Solar,Photovoltaic,Solar,quantity-consumed-electricity,Solar - Photovoltaic - Solar - Quantity Consumed For Electricity
60083,Fresno Solar,PV,SUN,SUN,,N,2020,EIA923_Schedules_2_3_4_5_M_12_2020_Final_Revision.xlsx,ELEC MMBTU JUN,6293,JUN,2020-06-01,Solar,Photovoltaic,Solar,quantity-consumed-electricity,Solar - Photovoltaic - Solar - Quantity Consumed For Electricity
60083,Fresno Solar,PV,SUN,SUN,,N,2020,EIA923_Schedules_2_3_4_5_M_12_2020_Final_Revision.xlsx,TOT MMBTU JUN,6293,JUN,2020-06-01,Solar,Photovoltaic,Solar,total-fuel-consumed,Solar - Photovoltaic - Solar - Total Fuel Consumed
60083,Fresno Solar,PV,SUN,SUN,,N,2020,EIA923_Schedules_2_3_4_5_M_12_2020_Final_Revision.xlsx,NETGEN JUN,717.752,JUN,2020-06-01,Solar,Photovoltaic,Solar,generation,Solar - Photovoltaic - Solar - Generation
60083,Fresno Solar,PV,SUN,SUN,,N,2020,EIA923_Schedules_2_3_4_5_M_12_2020_Final_Revision.xlsx,ELEC MMBTU JUL,7108,JUL,2020-07-01,Solar,Photovoltaic,Solar,quantity-consumed-electricity,Solar - Photovoltaic - Solar - Quantity Consumed For Electricity
60083,Fresno Solar,PV,SUN,SUN,,N,2020,EIA923_Schedules_2_3_4_5_M_12_2020_Final_Revision.xlsx,NETGEN JUL,810.712,JUL,2020-07-01,Solar,Photovoltaic,Solar,generation,Solar - Photovoltaic - Solar - Generation
60083,Fresno Solar,PV,SUN,SUN,,N,2020,EIA923_Schedules_2_3_4_5_M_12_2020_Final_Revision.xlsx,TOT MMBTU JUL,7108,JUL,2020-07-01,Solar,Photovoltaic,Solar,total-fuel-consumed,Solar - Photovoltaic - Solar - Total Fuel Consumed
60083,Fresno Solar,PV,SUN,SUN,,N,2020,EIA923_Schedules_2_3_4_5_M_12_2020_Final_Revision.xlsx,ELEC MMBTU AUG,5888,AUG,2020-08-01,Solar,Photovoltaic,Solar,quantity-consumed-electricity,Solar - Photovoltaic - Solar - Quantity Consumed For Electricity
60083,Fresno Solar,PV,SUN,SUN,,N,2020,EIA923_Schedules_2_3_4_5_M_12_2020_Final_Revision.xlsx,TOT MMBTU AUG,5888,AUG,2020-08-01,Solar,Photovoltaic,Solar,total-fuel-consumed,Solar - Photovoltaic - Solar - Total Fuel Consumed
60083,Fresno Solar,PV,SUN,SUN,,N,2020,EIA923_Schedules_2_3_4_5_M_12_2020_Final_Revision.xlsx,NETGEN AUG,671.653,AUG,2020-08-01,Solar,Photovoltaic,Solar,generation,Solar - Photovoltaic - Solar - Generation
60083,Fresno Solar,PV,SUN,SUN,,N,2020,EIA923_Schedules_2_3_4_5_M_12_2020_Final_Revision.xlsx,TOT MMBTU SEP,4624,SEP,2020-09-01,Solar,Photovoltaic,Solar,total-fuel-consumed,Solar - Photovoltaic - Solar - Total Fuel Consumed
60083,Fresno Solar,PV,SUN,SUN,,N,2020,EIA923_Schedules_2_3_4_5_M_12_2020_Final_Revision.xlsx,ELEC MMBTU SEP,4624,SEP,2020-09-01,Solar,Photovoltaic,Solar,quantity-consumed-electricity,Solar - Photovoltaic - Solar - Quantity Consumed For Electricity
60083,Fresno Solar,PV,SUN,SUN,,N,2020,EIA923_Schedules_2_3_4_5_M_12_2020_Final_Revision.xlsx,NETGEN SEP,527.38,SEP,2020-09-01,Solar,Photovoltaic,Solar,generation,Solar - Photovoltaic - Solar - Generation
60083,Fresno Solar,PV,SUN,SUN,,N,2020,EIA923_Schedules_2_3_4_5_M_12_2020_Final_Revision.xlsx,TOT MMBTU OCT,4274,OCT,2020-10-01,Solar,Photovoltaic,Solar,total-fuel-consumed,Solar - Photovoltaic - Solar - Total Fuel Consumed
60083,Fresno Solar,PV,SUN,SUN,,N,2020,EIA923_Schedules_2_3_4_5_M_12_2020_Final_Revision.xlsx,NETGEN OCT,487.472,OCT,2020-10-01,Solar,Photovoltaic,Solar,generation,Solar - Photovoltaic - Solar - Generation
60083,Fresno Solar,PV,SUN,SUN,,N,2020,EIA923_Schedules_2_3_4_5_M_12_2020_Final_Revision.xlsx,ELEC MMBTU OCT,4274,OCT,2020-10-01,Solar,Photovoltaic,Solar,quantity-consumed-electricity,Solar - Photovoltaic - Solar - Quantity Consumed For Electricity
60083,Fresno Solar,PV,SUN,SUN,,N,2020,EIA923_Schedules_2_3_4_5_M_12_2020_Final_Revision.xlsx,NETGEN NOV,385.382,NOV,2020-11-01,Solar,Photovoltaic,Solar,generation,Solar - Photovoltaic - Solar - Generation
60083,Fresno Solar,PV,SUN,SUN,,N,2020,EIA923_Schedules_2_3_4_5_M_12_2020_Final_Revision.xlsx,TOT MMBTU NOV,3379,NOV,2020-11-01,Solar,Photovoltaic,Solar,total-fuel-consumed,Solar - Photovoltaic - Solar - Total Fuel Consumed
60083,Fresno Solar,PV,SUN,SUN,,N,2020,EIA923_Schedules_2_3_4_5_M_12_2020_Final_Revision.xlsx,ELEC MMBTU NOV,3379,NOV,2020-11-01,Solar,Photovoltaic,Solar,quantity-consumed-electricity,Solar - Photovoltaic - Solar - Quantity Consumed For Electricity
60083,Fresno Solar,PV,SUN,SUN,,N,2020,EIA923_Schedules_2_3_4_5_M_12_2020_Final_Revision.xlsx,ELEC MMBTU DEC,2675,DEC,2020-12-01,Solar,Photovoltaic,Solar,quantity-consumed-electricity,Solar - Photovoltaic - Solar - Quantity Consumed For Electricity
60083,Fresno Solar,PV,SUN,SUN,,N,2020,EIA923_Schedules_2_3_4_5_M_12_2020_Final_Revision.xlsx,NETGEN DEC,305.126,DEC,2020-12-01,Solar,Photovoltaic,Solar,generation,Solar - Photovoltaic - Solar - Generation
60083,Fresno Solar,PV,SUN,SUN,,N,2020,EIA923_Schedules_2_3_4_5_M_12_2020_Final_Revision.xlsx,TOT MMBTU DEC,2675,DEC,2020-12-01,Solar,Photovoltaic,Solar,total-fuel-consumed,Solar - Photovoltaic - Solar - Total Fuel Consumed
60083,Fresno Solar,PV,SUN,SUN,,N,2021,EIA923_Schedules_2_3_4_5_M_12_2021_Final_Revision.xlsx,TOT MMBTU JAN,2807,JAN,2021-01-01,Solar,Photovoltaic,Solar,total-fuel-consumed,Solar - Photovoltaic - Solar - Total Fuel Consumed
60083,Fresno Solar,PV,SUN,SUN,,N,2021,EIA923_Schedules_2_3_4_5_M_12_2021_Final_Revision.xlsx,ELEC MMBTU JAN,2807,JAN,2021-01-01,Solar,Photovoltaic,Solar,quantity-consumed-electricity,Solar - Photovoltaic - Solar - Quantity Consumed For Electricity
60083,Fresno Solar,PV,SUN,SUN,,N,2021,EIA923_Schedules_2_3_4_5_M_12_2021_Final_Revision.xlsx,NETGEN JAN,317.341,JAN,2021-01-01,Solar,Photovoltaic,Solar,generation,Solar - Photovoltaic - Solar - Generation
60083,Fresno Solar,PV,SUN,SUN,,N,2021,EIA923_Schedules_2_3_4_5_M_12_2021_Final_Revision.xlsx,TOT MMBTU FEB,3677,FEB,2021-02-01,Solar,Photovoltaic,Solar,total-fuel-consumed,Solar - Photovoltaic - Solar - Total Fuel Consumed
60083,Fresno Solar,PV,SUN,SUN,,N,2021,EIA923_Schedules_2_3_4_5_M_12_2021_Final_Revision.xlsx,NETGEN FEB,415.707,FEB,2021-02-01,Solar,Photovoltaic,Solar,generation,Solar - Photovoltaic - Solar - Generation
60083,Fresno Solar,PV,SUN,SUN,,N,2021,EIA923_Schedules_2_3_4_5_M_12_2021_Final_Revision.xlsx,ELEC MMBTU FEB,3677,FEB,2021-02-01,Solar,Photovoltaic,Solar,quantity-consumed-electricity,Solar - Photovoltaic - Solar - Quantity Consumed For Electricity
60083,Fresno Solar,PV,SUN,SUN,,N,2021,EIA923_Schedules_2_3_4_5_M_12_2021_Final_Revision.xlsx,NETGEN MAR,536.75,MAR,2021-03-01,Solar,Photovoltaic,Solar,generation,Solar - Photovoltaic - Solar - Generation
60083,Fresno Solar,PV,SUN,SUN,,N,2021,EIA923_Schedules_2_3_4_5_M_12_2021_Final_Revision.xlsx,TOT MMBTU MAR,4747,MAR,2021-03-01,Solar,Photovoltaic,Solar,total-fuel-consumed,Solar - Photovoltaic - Solar - Total Fuel Consumed
60083,Fresno Solar,PV,SUN,SUN,,N,2021,EIA923_Schedules_2_3_4_5_M_12_2021_Final_Revision.xlsx,ELEC MMBTU MAR,4747,MAR,2021-03-01,Solar,Photovoltaic,Solar,quantity-consumed-electricity,Solar - Photovoltaic - Solar - Quantity Consumed For Electricity
60083,Fresno Solar,PV,SUN,SUN,,N,2021,EIA923_Schedules_2_3_4_5_M_12_2021_Final_Revision.xlsx,ELEC MMBTU APR,5942,APR,2021-04-01,Solar,Photovoltaic,Solar,quantity-consumed-electricity,Solar - Photovoltaic - Solar - Quantity Consumed For Electricity
60083,Fresno Solar,PV,SUN,SUN,,N,2021,EIA923_Schedules_2_3_4_5_M_12_2021_Final_Revision.xlsx,NETGEN APR,671.871,APR,2021-04-01,Solar,Photovoltaic,Solar,generation,Solar - Photovoltaic - Solar - Generation
60083,Fresno Solar,PV,SUN,SUN,,N,2021,EIA923_Schedules_2_3_4_5_M_12_2021_Final_Revision.xlsx,TOT MMBTU APR,5942,APR,2021-04-01,Solar,Photovoltaic,Solar,total-fuel-consumed,Solar - Photovoltaic - Solar - Total Fuel Consumed
60083,Fresno Solar,PV,SUN,SUN,,N,2021,EIA923_Schedules_2_3_4_5_M_12_2021_Final_Revision.xlsx,TOT MMBTU MAY,6477,MAY,2021-05-01,Solar,Photovoltaic,Solar,total-fuel-consumed,Solar - Photovoltaic - Solar - Total Fuel Consumed
60083,Fresno Solar,PV,SUN,SUN,,N,2021,EIA923_Schedules_2_3_4_5_M_12_2021_Final_Revision.xlsx,ELEC MMBTU MAY,6477,MAY,2021-05-01,Solar,Photovoltaic,Solar,quantity-consumed-electricity,Solar - Photovoltaic - Solar - Quantity Consumed For Electricity
60083,Fresno Solar,PV,SUN,SUN,,N,2021,EIA923_Schedules_2_3_4_5_M_12_2021_Final_Revision.xlsx,NETGEN MAY,732.327,MAY,2021-05-01,Solar,Photovoltaic,Solar,generation,Solar - Photovoltaic - Solar - Generation
60083,Fresno Solar,PV,SUN,SUN,,N,2021,EIA923_Schedules_2_3_4_5_M_12_2021_Final_Revision.xlsx,NETGEN JUN,711.377,JUN,2021-06-01,Solar,Photovoltaic,Solar,generation,Solar - Photovoltaic - Solar - Generation
60083,Fresno Solar,PV,SUN,SUN,,N,2021,EIA923_Schedules_2_3_4_5_M_12_2021_Final_Revision.xlsx,TOT MMBTU JUN,6291,JUN,2021-06-01,Solar,Photovoltaic,Solar,total-fuel-consumed,Solar - Photovoltaic - Solar - Total Fuel Consumed
60083,Fresno Solar,PV,SUN,SUN,,N,2021,EIA923_Schedules_2_3_4_5_M_12_2021_Final_Revision.xlsx,ELEC MMBTU JUN,6291,JUN,2021-06-01,Solar,Photovoltaic,Solar,quantity-consumed-electricity,Solar - Photovoltaic - Solar - Quantity Consumed For Electricity
60083,Fresno Solar,PV,SUN,SUN,,N,2021,EIA923_Schedules_2_3_4_5_M_12_2021_Final_Revision.xlsx,NETGEN JUL,681.363,JUL,2021-07-01,Solar,Photovoltaic,Solar,generation,Solar - Photovoltaic - Solar - Generation
60083,Fresno Solar,PV,SUN,SUN,,N,2021,EIA923_Schedules_2_3_4_5_M_12_2021_Final_Revision.xlsx,TOT MMBTU JUL,6026,JUL,2021-07-01,Solar,Photovoltaic,Solar,total-fuel-consumed,Solar - Photovoltaic - Solar - Total Fuel Consumed
60083,Fresno Solar,PV,SUN,SUN,,N,2021,EIA923_Schedules_2_3_4_5_M_12_2021_Final_Revision.xlsx,ELEC MMBTU JUL,6026,JUL,2021-07-01,Solar,Photovoltaic,Solar,quantity-consumed-electricity,Solar - Photovoltaic - Solar - Quantity Consumed For Electricity
60083,Fresno Solar,PV,SUN,SUN,,N,2021,EIA923_Schedules_2_3_4_5_M_12_2021_Final_Revision.xlsx,NETGEN AUG,670.19,AUG,2021-08-01,Solar,Photovoltaic,Solar,generation,Solar - Photovoltaic - Solar - Generation
60083,Fresno Solar,PV,SUN,SUN,,N,2021,EIA923_Schedules_2_3_4_5_M_12_2021_Final_Revision.xlsx,TOT MMBTU AUG,5927,AUG,2021-08-01,Solar,Photovoltaic,Solar,total-fuel-consumed,Solar - Photovoltaic - Solar - Total Fuel Consumed
60083,Fresno Solar,PV,SUN,SUN,,N,2021,EIA923_Schedules_2_3_4_5_M_12_2021_Final_Revision.xlsx,ELEC MMBTU AUG,5927,AUG,2021-08-01,Solar,Photovoltaic,Solar,quantity-consumed-electricity,Solar - Photovoltaic - Solar - Quantity Consumed For Electricity
60083,Fresno Solar,PV,SUN,SUN,,N,2021,EIA923_Schedules_2_3_4_5_M_12_2021_Final_Revision.xlsx,ELEC MMBTU SEP,5111,SEP,2021-09-01,Solar,Photovoltaic,Solar,quantity-consumed-electricity,Solar - Photovoltaic - Solar - Quantity Consumed For Electricity
60083,Fresno Solar,PV,SUN,SUN,,N,2021,EIA923_Schedules_2_3_4_5_M_12_2021_Final_Revision.xlsx,NETGEN SEP,577.877,SEP,2021-09-01,Solar,Photovoltaic,Solar,generation,Solar - Photovoltaic - Solar - Generation
60083,Fresno Solar,PV,SUN,SUN,,N,2021,EIA923_Schedules_2_3_4_5_M_12_2021_Final_Revision.xlsx,TOT MMBTU SEP,5111,SEP,2021-09-01,Solar,Photovoltaic,Solar,total-fuel-consumed,Solar - Photovoltaic - Solar - Total Fuel Consumed
60083,Fresno Solar,PV,SUN,SUN,,N,2021,EIA923_Schedules_2_3_4_5_M_12_2021_Final_Revision.xlsx,ELEC MMBTU OCT,4254,OCT,2021-10-01,Solar,Photovoltaic,Solar,quantity-consumed-electricity,Solar - Photovoltaic - Solar - Quantity Consumed For Electricity
60083,Fresno Solar,PV,SUN,SUN,,N,2021,EIA923_Schedules_2_3_4_5_M_12_2021_Final_Revision.xlsx,NETGEN OCT,480.982,OCT,2021-10-01,Solar,Photovoltaic,Solar,generation,Solar - Photovoltaic - Solar - Generation
60083,Fresno Solar,PV,SUN,SUN,,N,2021,EIA923_Schedules_2_3_4_5_M_12_2021_Final_Revision.xlsx,TOT MMBTU OCT,4254,OCT,2021-10-01,Solar,Photovoltaic,Solar,total-fuel-consumed,Solar - Photovoltaic - Solar - Total Fuel Consumed
60083,Fresno Solar,PV,SUN,SUN,,N,2021,EIA923_Schedules_2_3_4_5_M_12_2021_Final_Revision.xlsx,ELEC MMBTU NOV,3385,NOV,2021-11-01,Solar,Photovoltaic,Solar,quantity-consumed-electricity,Solar - Photovoltaic - Solar - Quantity Consumed For Electricity
60083,Fresno Solar,PV,SUN,SUN,,N,2021,EIA923_Schedules_2_3_4_5_M_12_2021_Final_Revision.xlsx,TOT MMBTU NOV,3385,NOV,2021-11-01,Solar,Photovoltaic,Solar,total-fuel-consumed,Solar - Photovoltaic - Solar - Total Fuel Consumed
60083,Fresno Solar,PV,SUN,SUN,,N,2021,EIA923_Schedules_2_3_4_5_M_12_2021_Final_Revision.xlsx,NETGEN NOV,382.713,NOV,2021-11-01,Solar,Photovoltaic,Solar,generation,Solar - Photovoltaic - Solar - Generation
60083,Fresno Solar,PV,SUN,SUN,,N,2021,EIA923_Schedules_2_3_4_5_M_12_2021_Final_Revision.xlsx,NETGEN DEC,261.502,DEC,2021-12-01,Solar,Photovoltaic,Solar,generation,Solar - Photovoltaic - Solar - Generation
60083,Fresno Solar,PV,SUN,SUN,,N,2021,EIA923_Schedules_2_3_4_5_M_12_2021_Final_Revision.xlsx,TOT MMBTU DEC,2313,DEC,2021-12-01,Solar,Photovoltaic,Solar,total-fuel-consumed,Solar - Photovoltaic - Solar - Total Fuel Consumed
60083,Fresno Solar,PV,SUN,SUN,,N,2021,EIA923_Schedules_2_3_4_5_M_12_2021_Final_Revision.xlsx,ELEC MMBTU DEC,2313,DEC,2021-12-01,Solar,Photovoltaic,Solar,quantity-consumed-electricity,Solar - Photovoltaic - Solar - Quantity Consumed For Electricity
60083,Fresno Solar,PV,SUN,SUN,,N,2022,EIA923_Schedules_2_3_4_5_M_12_2022_Final_Revision.xlsx,NETGEN JAN,321.822,JAN,2022-01-01,Solar,Photovoltaic,Solar,generation,Solar - Photovoltaic - Solar - Generation
60083,Fresno Solar,PV,SUN,SUN,,N,2022,EIA923_Schedules_2_3_4_5_M_12_2022_Final_Revision.xlsx,TOT MMBTU JAN,1098,JAN,2022-01-01,Solar,Photovoltaic,Solar,total-fuel-consumed,Solar - Photovoltaic - Solar - Total Fuel Consumed
60083,Fresno Solar,PV,SUN,SUN,,N,2022,EIA923_Schedules_2_3_4_5_M_12_2022_Final_Revision.xlsx,ELEC MMBTU JAN,1098,JAN,2022-01-01,Solar,Photovoltaic,Solar,quantity-consumed-electricity,Solar - Photovoltaic - Solar - Quantity Consumed For Electricity
60083,Fresno Solar,PV,SUN,SUN,,N,2022,EIA923_Schedules_2_3_4_5_M_12_2022_Final_Revision.xlsx,NETGEN FEB,383.869,FEB,2022-02-01,Solar,Photovoltaic,Solar,generation,Solar - Photovoltaic - Solar - Generation
60083,Fresno Solar,PV,SUN,SUN,,N,2022,EIA923_Schedules_2_3_4_5_M_12_2022_Final_Revision.xlsx,TOT MMBTU FEB,1310,FEB,2022-02-01,Solar,Photovoltaic,Solar,total-fuel-consumed,Solar - Photovoltaic - Solar - Total Fuel Consumed
60083,Fresno Solar,PV,SUN,SUN,,N,2022,EIA923_Schedules_2_3_4_5_M_12_2022_Final_Revision.xlsx,ELEC MMBTU FEB,1310,FEB,2022-02-01,Solar,Photovoltaic,Solar,quantity-consumed-electricity,Solar - Photovoltaic - Solar - Quantity Consumed For Electricity
60083,Fresno Solar,PV,SUN,SUN,,N,2022,EIA923_Schedules_2_3_4_5_M_12_2022_Final_Revision.xlsx,TOT MMBTU MAR,1736,MAR,2022-03-01,Solar,Photovoltaic,Solar,total-fuel-consumed,Solar - Photovoltaic - Solar - Total Fuel Consumed
60083,Fresno Solar,PV,SUN,SUN,,N,2022,EIA923_Schedules_2_3_4_5_M_12_2022_Final_Revision.xlsx,ELEC MMBTU MAR,1736,MAR,2022-03-01,Solar,Photovoltaic,Solar,quantity-consumed-electricity,Solar - Photovoltaic - Solar - Quantity Consumed For Electricity
60083,Fresno Solar,PV,SUN,SUN,,N,2022,EIA923_Schedules_2_3_4_5_M_12_2022_Final_Revision.xlsx,NETGEN MAR,508.928,MAR,2022-03-01,Solar,Photovoltaic,Solar,generation,Solar - Photovoltaic - Solar - Generation
60083,Fresno Solar,PV,SUN,SUN,,N,2022,EIA923_Schedules_2_3_4_5_M_12_2022_Final_Revision.xlsx,TOT MMBTU APR,1959,APR,2022-04-01,Solar,Photovoltaic,Solar,total-fuel-consumed,Solar - Photovoltaic - Solar - Total Fuel Consumed
60083,Fresno Solar,PV,SUN,SUN,,N,2022,EIA923_Schedules_2_3_4_5_M_12_2022_Final_Revision.xlsx,ELEC MMBTU APR,1959,APR,2022-04-01,Solar,Photovoltaic,Solar,quantity-consumed-electricity,Solar - Photovoltaic - Solar - Quantity Consumed For Electricity
60083,Fresno Solar,PV,SUN,SUN,,N,2022,EIA923_Schedules_2_3_4_5_M_12_2022_Final_Revision.xlsx,NETGEN APR,574.088,APR,2022-04-01,Solar,Photovoltaic,Solar,generation,Solar - Photovoltaic - Solar - Generation
60083,Fresno Solar,PV,SUN,SUN,,N,2022,EIA923_Schedules_2_3_4_5_M_12_2022_Final_Revision.xlsx,NETGEN MAY,672.849,MAY,2022-05-01,Solar,Photovoltaic,Solar,generation,Solar - Photovoltaic - Solar - Generation
60083,Fresno Solar,PV,SUN,SUN,,N,2022,EIA923_Schedules_2_3_4_5_M_12_2022_Final_Revision.xlsx,ELEC MMBTU MAY,2296,MAY,2022-05-01,Solar,Photovoltaic,Solar,quantity-consumed-electricity,Solar - Photovoltaic - Solar - Quantity Consumed For Electricity
60083,Fresno Solar,PV,SUN,SUN,,N,2022,EIA923_Schedules_2_3_4_5_M_12_2022_Final_Revision.xlsx,TOT MMBTU MAY,2296,MAY,2022-05-01,Solar,Photovoltaic,Solar,total-fuel-consumed,Solar - Photovoltaic - Solar - Total Fuel Consumed
60083,Fresno Solar,PV,SUN,SUN,,N,2022,EIA923_Schedules_2_3_4_5_M_12_2022_Final_Revision.xlsx,ELEC MMBTU JUN,2390,JUN,2022-06-01,Solar,Photovoltaic,Solar,quantity-consumed-electricity,Solar - Photovoltaic - Solar - Quantity Consumed For Electricity
60083,Fresno Solar,PV,SUN,SUN,,N,2022,EIA923_Schedules_2_3_4_5_M_12_2022_Final_Revision.xlsx,TOT MMBTU JUN,2390,JUN,2022-06-01,Solar,Photovoltaic,Solar,total-fuel-consumed,Solar - Photovoltaic - Solar - Total Fuel Consumed
60083,Fresno Solar,PV,SUN,SUN,,N,2022,EIA923_Schedules_2_3_4_5_M_12_2022_Final_Revision.xlsx,NETGEN JUN,700.604,JUN,2022-06-01,Solar,Photovoltaic,Solar,generation,Solar - Photovoltaic - Solar - Generation
60083,Fresno Solar,PV,SUN,SUN,,N,2022,EIA923_Schedules_2_3_4_5_M_12_2022_Final_Revision.xlsx,TOT MMBTU JUL,2306,JUL,2022-07-01,Solar,Photovoltaic,Solar,total-fuel-consumed,Solar - Photovoltaic - Solar - Total Fuel Consumed
60083,Fresno Solar,PV,SUN,SUN,,N,2022,EIA923_Schedules_2_3_4_5_M_12_2022_Final_Revision.xlsx,NETGEN JUL,675.723,JUL,2022-07-01,Solar,Photovoltaic,Solar,generation,Solar - Photovoltaic - Solar - Generation
60083,Fresno Solar,PV,SUN,SUN,,N,2022,EIA923_Schedules_2_3_4_5_M_12_2022_Final_Revision.xlsx,ELEC MMBTU JUL,2306,JUL,2022-07-01,Solar,Photovoltaic,Solar,quantity-consumed-electricity,Solar - Photovoltaic - Solar - Quantity Consumed For Electricity
60083,Fresno Solar,PV,SUN,SUN,,N,2022,EIA923_Schedules_2_3_4_5_M_12_2022_Final_Revision.xlsx,TOT MMBTU AUG,2141,AUG,2022-08-01,Solar,Photovoltaic,Solar,total-fuel-consumed,Solar - Photovoltaic - Solar - Total Fuel Consumed
60083,Fresno Solar,PV,SUN,SUN,,N,2022,EIA923_Schedules_2_3_4_5_M_12_2022_Final_Revision.xlsx,ELEC MMBTU AUG,2141,AUG,2022-08-01,Solar,Photovoltaic,Solar,quantity-consumed-electricity,Solar - Photovoltaic - Solar - Quantity Consumed For Electricity
60083,Fresno Solar,PV,SUN,SUN,,N,2022,EIA923_Schedules_2_3_4_5_M_12_2022_Final_Revision.xlsx,NETGEN AUG,627.403,AUG,2022-08-01,Solar,Photovoltaic,Solar,generation,Solar - Photovoltaic - Solar - Generation
60083,Fresno Solar,PV,SUN,SUN,,N,2022,EIA923_Schedules_2_3_4_5_M_12_2022_Final_Revision.xlsx,ELEC MMBTU SEP,1807,SEP,2022-09-01,Solar,Photovoltaic,Solar,quantity-consumed-electricity,Solar - Photovoltaic - Solar - Quantity Consumed For Electricity
60083,Fresno Solar,PV,SUN,SUN,,N,2022,EIA923_Schedules_2_3_4_5_M_12_2022_Final_Revision.xlsx,TOT MMBTU SEP,1807,SEP,2022-09-01,Solar,Photovoltaic,Solar,total-fuel-consumed,Solar - Photovoltaic - Solar - Total Fuel Consumed
60083,Fresno Solar,PV,SUN,SUN,,N,2022,EIA923_Schedules_2_3_4_5_M_12_2022_Final_Revision.xlsx,NETGEN SEP,529.476,SEP,2022-09-01,Solar,Photovoltaic,Solar,generation,Solar - Photovoltaic - Solar - Generation
60083,Fresno Solar,PV,SUN,SUN,,N,2022,EIA923_Schedules_2_3_4_5_M_12_2022_Final_Revision.xlsx,NETGEN OCT,487.801,OCT,2022-10-01,Solar,Photovoltaic,Solar,generation,Solar - Photovoltaic - Solar - Generation
60083,Fresno Solar,PV,SUN,SUN,,N,2022,EIA923_Schedules_2_3_4_5_M_12_2022_Final_Revision.xlsx,TOT MMBTU OCT,1664,OCT,2022-10-01,Solar,Photovoltaic,Solar,total-fuel-consumed,Solar - Photovoltaic - Solar - Total Fuel Consumed
60083,Fresno Solar,PV,SUN,SUN,,N,2022,EIA923_Schedules_2_3_4_5_M_12_2022_Final_Revision.xlsx,ELEC MMBTU OCT,1664,OCT,2022-10-01,Solar,Photovoltaic,Solar,quantity-consumed-electricity,Solar - Photovoltaic - Solar - Quantity Consumed For Electricity
60083,Fresno Solar,PV,SUN,SUN,,N,2022,EIA923_Schedules_2_3_4_5_M_12_2022_Final_Revision.xlsx,TOT MMBTU NOV,1234,NOV,2022-11-01,Solar,Photovoltaic,Solar,total-fuel-consumed,Solar - Photovoltaic - Solar - Total Fuel Consumed
60083,Fresno Solar,PV,SUN,SUN,,N,2022,EIA923_Schedules_2_3_4_5_M_12_2022_Final_Revision.xlsx,NETGEN NOV,361.622,NOV,2022-11-01,Solar,Photovoltaic,Solar,generation,Solar - Photovoltaic - Solar - Generation
60083,Fresno Solar,PV,SUN,SUN,,N,2022,EIA923_Schedules_2_3_4_5_M_12_2022_Final_Revision.xlsx,ELEC MMBTU NOV,1234,NOV,2022-11-01,Solar,Photovoltaic,Solar,quantity-consumed-electricity,Solar - Photovoltaic - Solar - Quantity Consumed For Electricity
60083,Fresno Solar,PV,SUN,SUN,,N,2022,EIA923_Schedules_2_3_4_5_M_12_2022_Final_Revision.xlsx,ELEC MMBTU DEC,863,DEC,2022-12-01,Solar,Photovoltaic,Solar,quantity-consumed-electricity,Solar - Photovoltaic - Solar - Quantity Consumed For Electricity
60083,Fresno Solar,PV,SUN,SUN,,N,2022,EIA923_Schedules_2_3_4_5_M_12_2022_Final_Revision.xlsx,NETGEN DEC,252.815,DEC,2022-12-01,Solar,Photovoltaic,Solar,generation,Solar - Photovoltaic - Solar - Generation
60083,Fresno Solar,PV,SUN,SUN,,N,2022,EIA923_Schedules_2_3_4_5_M_12_2022_Final_Revision.xlsx,TOT MMBTU DEC,863,DEC,2022-12-01,Solar,Photovoltaic,Solar,total-fuel-consumed,Solar - Photovoltaic - Solar - Total Fuel Consumed
60083,Fresno Solar,PV,SUN,SUN,,N,2023,EIA923_Schedules_2_3_4_5_M_12_2023_Final_Revision.xlsx,TOT MMBTU JAN,515,JAN,2023-01-01,Solar,Photovoltaic,Solar,total-fuel-consumed,Solar - Photovoltaic - Solar - Total Fuel Consumed
60083,Fresno Solar,PV,SUN,SUN,,N,2023,EIA923_Schedules_2_3_4_5_M_12_2023_Final_Revision.xlsx,NETGEN JAN,151,JAN,2023-01-01,Solar,Photovoltaic,Solar,generation,Solar - Photovoltaic - Solar - Generation
60083,Fresno Solar,PV,SUN,SUN,,N,2023,EIA923_Schedules_2_3_4_5_M_12_2023_Final_Revision.xlsx,ELEC MMBTU JAN,515,JAN,2023-01-01,Solar,Photovoltaic,Solar,quantity-consumed-electricity,Solar - Photovoltaic - Solar - Quantity Consumed For Electricity
60083,Fresno Solar,PV,SUN,SUN,,N,2023,EIA923_Schedules_2_3_4_5_M_12_2023_Final_Revision.xlsx,NETGEN FEB,185,FEB,2023-02-01,Solar,Photovoltaic,Solar,generation,Solar - Photovoltaic - Solar - Generation
60083,Fresno Solar,PV,SUN,SUN,,N,2023,EIA923_Schedules_2_3_4_5_M_12_2023_Final_Revision.xlsx,ELEC MMBTU FEB,631,FEB,2023-02-01,Solar,Photovoltaic,Solar,quantity-consumed-electricity,Solar - Photovoltaic - Solar - Quantity Consumed For Electricity
60083,Fresno Solar,PV,SUN,SUN,,N,2023,EIA923_Schedules_2_3_4_5_M_12_2023_Final_Revision.xlsx,TOT MMBTU FEB,631,FEB,2023-02-01,Solar,Photovoltaic,Solar,total-fuel-consumed,Solar - Photovoltaic - Solar - Total Fuel Consumed
60083,Fresno Solar,PV,SUN,SUN,,N,2023,EIA923_Schedules_2_3_4_5_M_12_2023_Final_Revision.xlsx,ELEC MMBTU MAR,839,MAR,2023-03-01,Solar,Photovoltaic,Solar,quantity-consumed-electricity,Solar - Photovoltaic - Solar - Quantity Consumed For Electricity
60083,Fresno Solar,PV,SUN,SUN,,N,2023,EIA923_Schedules_2_3_4_5_M_12_2023_Final_Revision.xlsx,TOT MMBTU MAR,839,MAR,2023-03-01,Solar,Photovoltaic,Solar,total-fuel-consumed,Solar - Photovoltaic - Solar - Total Fuel Consumed
60083,Fresno Solar,PV,SUN,SUN,,N,2023,EIA923_Schedules_2_3_4_5_M_12_2023_Final_Revision.xlsx,NETGEN MAR,246,MAR,2023-03-01,Solar,Photovoltaic,Solar,generation,Solar - Photovoltaic - Solar - Generation
60083,Fresno Solar,PV,SUN,SUN,,N,2023,EIA923_Schedules_2_3_4_5_M_12_2023_Final_Revision.xlsx,TOT MMBTU APR,1307,APR,2023-04-01,Solar,Photovoltaic,Solar,total-fuel-consumed,Solar - Photovoltaic - Solar - Total Fuel Consumed
60083,Fresno Solar,PV,SUN,SUN,,N,2023,EIA923_Schedules_2_3_4_5_M_12_2023_Final_Revision.xlsx,ELEC MMBTU APR,1307,APR,2023-04-01,Solar,Photovoltaic,Solar,quantity-consumed-electricity,Solar - Photovoltaic - Solar - Quantity Consumed For Electricity
60083,Fresno Solar,PV,SUN,SUN,,N,2023,EIA923_Schedules_2_3_4_5_M_12_2023_Final_Revision.xlsx,NETGEN APR,383,APR,2023-04-01,Solar,Photovoltaic,Solar,generation,Solar - Photovoltaic - Solar - Generation
60083,Fresno Solar,PV,SUN,SUN,,N,2023,EIA923_Schedules_2_3_4_5_M_12_2023_Final_Revision.xlsx,TOT MMBTU MAY,1358,MAY,2023-05-01,Solar,Photovoltaic,Solar,total-fuel-consumed,Solar - Photovoltaic - Solar - Total Fuel Consumed
60083,Fresno Solar,PV,SUN,SUN,,N,2023,EIA923_Schedules_2_3_4_5_M_12_2023_Final_Revision.xlsx,ELEC MMBTU MAY,1358,MAY,2023-05-01,Solar,Photovoltaic,Solar,quantity-consumed-electricity,Solar - Photovoltaic - Solar - Quantity Consumed For Electricity
60083,Fresno Solar,PV,SUN,SUN,,N,2023,EIA923_Schedules_2_3_4_5_M_12_2023_Final_Revision.xlsx,NETGEN MAY,398,MAY,2023-05-01,Solar,Photovoltaic,Solar,generation,Solar - Photovoltaic - Solar - Generation
60083,Fresno Solar,PV,SUN,SUN,,N,2023,EIA923_Schedules_2_3_4_5_M_12_2023_Final_Revision.xlsx,ELEC MMBTU JUN,1201,JUN,2023-06-01,Solar,Photovoltaic,Solar,quantity-consumed-electricity,Solar - Photovoltaic - Solar - Quantity Consumed For Electricity
60083,Fresno Solar,PV,SUN,SUN,,N,2023,EIA923_Schedules_2_3_4_5_M_12_2023_Final_Revision.xlsx,NETGEN JUN,352,JUN,2023-06-01,Solar,Photovoltaic,Solar,generation,Solar - Photovoltaic - Solar - Generation
60083,Fresno Solar,PV,SUN,SUN,,N,2023,EIA923_Schedules_2_3_4_5_M_12_2023_Final_Revision.xlsx,TOT MMBTU JUN,1201,JUN,2023-06-01,Solar,Photovoltaic,Solar,total-fuel-consumed,Solar - Photovoltaic - Solar - Total Fuel Consumed
60083,Fresno Solar,PV,SUN,SUN,,N,2023,EIA923_Schedules_2_3_4_5_M_12_2023_Final_Revision.xlsx,TOT MMBTU JUL,1402,JUL,2023-07-01,Solar,Photovoltaic,Solar,total-fuel-consumed,Solar - Photovoltaic - Solar - Total Fuel Consumed
60083,Fresno Solar,PV,SUN,SUN,,N,2023,EIA923_Schedules_2_3_4_5_M_12_2023_Final_Revision.xlsx,NETGEN JUL,411,JUL,2023-07-01,Solar,Photovoltaic,Solar,generation,Solar - Photovoltaic - Solar - Generation
60083,Fresno Solar,PV,SUN,SUN,,N,2023,EIA923_Schedules_2_3_4_5_M_12_2023_Final_Revision.xlsx,ELEC MMBTU JUL,1402,JUL,2023-07-01,Solar,Photovoltaic,Solar,quantity-consumed-electricity,Solar - Photovoltaic - Solar - Quantity Consumed For Electricity
60083,Fresno Solar,PV,SUN,SUN,,N,2023,EIA923_Schedules_2_3_4_5_M_12_2023_Final_Revision.xlsx,TOT MMBTU AUG,1658,AUG,2023-08-01,Solar,Photovoltaic,Solar,total-fuel-consumed,Solar - Photovoltaic - Solar - Total Fuel Consumed
60083,Fresno Solar,PV,SUN,SUN,,N,2023,EIA923_Schedules_2_3_4_5_M_12_2023_Final_Revision.xlsx,ELEC MMBTU AUG,1658,AUG,2023-08-01,Solar,Photovoltaic,Solar,quantity-consumed-electricity,Solar - Photovoltaic - Solar - Quantity Consumed For Electricity
60083,Fresno Solar,PV,SUN,SUN,,N,2023,EIA923_Schedules_2_3_4_5_M_12_2023_Final_Revision.xlsx,NETGEN AUG,486,AUG,2023-08-01,Solar,Photovoltaic,Solar,generation,Solar - Photovoltaic - Solar - Generation
60083,Fresno Solar,PV,SUN,SUN,,N,2023,EIA923_Schedules_2_3_4_5_M_12_2023_Final_Revision.xlsx,TOT MMBTU SEP,1491,SEP,2023-09-01,Solar,Photovoltaic,Solar,total-fuel-consumed,Solar - Photovoltaic - Solar - Total Fuel Consumed
60083,Fresno Solar,PV,SUN,SUN,,N,2023,EIA923_Schedules_2_3_4_5_M_12_2023_Final_Revision.xlsx,ELEC MMBTU SEP,1491,SEP,2023-09-01,Solar,Photovoltaic,Solar,quantity-consumed-electricity,Solar - Photovoltaic - Solar - Quantity Consumed For Electricity
60083,Fresno Solar,PV,SUN,SUN,,N,2023,EIA923_Schedules_2_3_4_5_M_12_2023_Final_Revision.xlsx,NETGEN SEP,437,SEP,2023-09-01,Solar,Photovoltaic,Solar,generation,Solar - Photovoltaic - Solar - Generation
60083,Fresno Solar,PV,SUN,SUN,,N,2023,EIA923_Schedules_2_3_4_5_M_12_2023_Final_Revision.xlsx,ELEC MMBTU OCT,1123,OCT,2023-10-01,Solar,Photovoltaic,Solar,quantity-consumed-electricity,Solar - Photovoltaic - Solar - Quantity Consumed For Electricity
60083,Fresno Solar,PV,SUN,SUN,,N,2023,EIA923_Schedules_2_3_4_5_M_12_2023_Final_Revision.xlsx,TOT MMBTU OCT,1123,OCT,2023-10-01,Solar,Photovoltaic,Solar,total-fuel-consumed,Solar - Photovoltaic - Solar - Total Fuel Consumed
60083,Fresno Solar,PV,SUN,SUN,,N,2023,EIA923_Schedules_2_3_4_5_M_12_2023_Final_Revision.xlsx,NETGEN OCT,329,OCT,2023-10-01,Solar,Photovoltaic,Solar,generation,Solar - Photovoltaic - Solar - Generation
60083,Fresno Solar,PV,SUN,SUN,,N,2023,EIA923_Schedules_2_3_4_5_M_12_2023_Final_Revision.xlsx,TOT MMBTU NOV,884,NOV,2023-11-01,Solar,Photovoltaic,Solar,total-fuel-consumed,Solar - Photovoltaic - Solar - Total Fuel Consumed
60083,Fresno Solar,PV,SUN,SUN,,N,2023,EIA923_Schedules_2_3_4_5_M_12_2023_Final_Revision.xlsx,NETGEN NOV,259,NOV,2023-11-01,Solar,Photovoltaic,Solar,generation,Solar - Photovoltaic - Solar - Generation
60083,Fresno Solar,PV,SUN,SUN,,N,2023,EIA923_Schedules_2_3_4_5_M_12_2023_Final_Revision.xlsx,ELEC MMBTU NOV,884,NOV,2023-11-01,Solar,Photovoltaic,Solar,quantity-consumed-electricity,Solar - Photovoltaic - Solar - Quantity Consumed For Electricity
60083,Fresno Solar,PV,SUN,SUN,,N,2023,EIA923_Schedules_2_3_4_5_M_12_2023_Final_Revision.xlsx,NETGEN DEC,176,DEC,2023-12-01,Solar,Photovoltaic,Solar,generation,Solar - Photovoltaic - Solar - Generation
60083,Fresno Solar,PV,SUN,SUN,,N,2023,EIA923_Schedules_2_3_4_5_M_12_2023_Final_Revision.xlsx,TOT MMBTU DEC,601,DEC,2023-12-01,Solar,Photovoltaic,Solar,total-fuel-consumed,Solar - Photovoltaic - Solar - Total Fuel Consumed
60083,Fresno Solar,PV,SUN,SUN,,N,2023,EIA923_Schedules_2_3_4_5_M_12_2023_Final_Revision.xlsx,ELEC MMBTU DEC,601,DEC,2023-12-01,Solar,Photovoltaic,Solar,quantity-consumed-electricity,Solar - Photovoltaic - Solar - Quantity Consumed For Electricity
60083,Fresno Solar,PV,SUN,SUN,,N,2024,EIA923_Schedules_2_3_4_5_M_12_2024_Final.xlsx,ELEC MMBTU JAN,594,JAN,2024-01-01,Solar,Photovoltaic,Solar,quantity-consumed-electricity,Solar - Photovoltaic - Solar - Quantity Consumed For Electricity
60083,Fresno Solar,PV,SUN,SUN,,N,2024,EIA923_Schedules_2_3_4_5_M_12_2024_Final.xlsx,TOT MMBTU JAN,594,JAN,2024-01-01,Solar,Photovoltaic,Solar,total-fuel-consumed,Solar - Photovoltaic - Solar - Total Fuel Consumed
60083,Fresno Solar,PV,SUN,SUN,,N,2024,EIA923_Schedules_2_3_4_5_M_12_2024_Final.xlsx,NETGEN JAN,174,JAN,2024-01-01,Solar,Photovoltaic,Solar,generation,Solar - Photovoltaic - Solar - Generation
60083,Fresno Solar,PV,SUN,SUN,,N,2024,EIA923_Schedules_2_3_4_5_M_12_2024_Final.xlsx,ELEC MMBTU FEB,877,FEB,2024-02-01,Solar,Photovoltaic,Solar,quantity-consumed-electricity,Solar - Photovoltaic - Solar - Quantity Consumed For Electricity
60083,Fresno Solar,PV,SUN,SUN,,N,2024,EIA923_Schedules_2_3_4_5_M_12_2024_Final.xlsx,NETGEN FEB,257,FEB,2024-02-01,Solar,Photovoltaic,Solar,generation,Solar - Photovoltaic - Solar - Generation
60083,Fresno Solar,PV,SUN,SUN,,N,2024,EIA923_Schedules_2_3_4_5_M_12_2024_Final.xlsx,TOT MMBTU FEB,877,FEB,2024-02-01,Solar,Photovoltaic,Solar,total-fuel-consumed,Solar - Photovoltaic - Solar - Total Fuel Consumed
60083,Fresno Solar,PV,SUN,SUN,,N,2024,EIA923_Schedules_2_3_4_5_M_12_2024_Final.xlsx,TOT MMBTU MAR,1382,MAR,2024-03-01,Solar,Photovoltaic,Solar,total-fuel-consumed,Solar - Photovoltaic - Solar - Total Fuel Consumed
60083,Fresno Solar,PV,SUN,SUN,,N,2024,EIA923_Schedules_2_3_4_5_M_12_2024_Final.xlsx,ELEC MMBTU MAR,1382,MAR,2024-03-01,Solar,Photovoltaic,Solar,quantity-consumed-electricity,Solar - Photovoltaic - Solar - Quantity Consumed For Electricity
60083,Fresno Solar,PV,SUN,SUN,,N,2024,EIA923_Schedules_2_3_4_5_M_12_2024_Final.xlsx,NETGEN MAR,405,MAR,2024-03-01,Solar,Photovoltaic,Solar,generation,Solar - Photovoltaic - Solar - Generation
60083,Fresno Solar,PV,SUN,SUN,,N,2024,EIA923_Schedules_2_3_4_5_M_12_2024_Final.xlsx,TOT MMBTU APR,1761,APR,2024-04-01,Solar,Photovoltaic,Solar,total-fuel-consumed,Solar - Photovoltaic - Solar - Total Fuel Consumed
60083,Fresno Solar,PV,SUN,SUN,,N,2024,EIA923_Schedules_2_3_4_5_M_12_2024_Final.xlsx,NETGEN APR,516,APR,2024-04-01,Solar,Photovoltaic,Solar,generation,Solar - Photovoltaic - Solar - Generation
60083,Fresno Solar,PV,SUN,SUN,,N,2024,EIA923_Schedules_2_3_4_5_M_12_2024_Final.xlsx,ELEC MMBTU APR,1761,APR,2024-04-01,Solar,Photovoltaic,Solar,quantity-consumed-electricity,Solar - Photovoltaic - Solar - Quantity Consumed For Electricity
60083,Fresno Solar,PV,SUN,SUN,,N,2024,EIA923_Schedules_2_3_4_5_M_12_2024_Final.xlsx,TOT MMBTU MAY,2197,MAY,2024-05-01,Solar,Photovoltaic,Solar,total-fuel-consumed,Solar - Photovoltaic - Solar - Total Fuel Consumed
60083,Fresno Solar,PV,SUN,SUN,,N,2024,EIA923_Schedules_2_3_4_5_M_12_2024_Final.xlsx,ELEC MMBTU MAY,2197,MAY,2024-05-01,Solar,Photovoltaic,Solar,quantity-consumed-electricity,Solar - Photovoltaic - Solar - Quantity Consumed For Electricity
60083,Fresno Solar,PV,SUN,SUN,,N,2024,EIA923_Schedules_2_3_4_5_M_12_2024_Final.xlsx,NETGEN MAY,644,MAY,2024-05-01,Solar,Photovoltaic,Solar,generation,Solar - Photovoltaic - Solar - Generation
60083,Fresno Solar,PV,SUN,SUN,,N,2024,EIA923_Schedules_2_3_4_5_M_12_2024_Final.xlsx,TOT MMBTU JUN,2006,JUN,2024-06-01,Solar,Photovoltaic,Solar,total-fuel-consumed,Solar - Photovoltaic - Solar - Total Fuel Consumed
60083,Fresno Solar,PV,SUN,SUN,,N,2024,EIA923_Schedules_2_3_4_5_M_12_2024_Final.xlsx,ELEC MMBTU JUN,2006,JUN,2024-06-01,Solar,Photovoltaic,Solar,quantity-consumed-electricity,Solar - Photovoltaic - Solar - Quantity Consumed For Electricity
60083,Fresno Solar,PV,SUN,SUN,,N,2024,EIA923_Schedules_2_3_4_5_M_12_2024_Final.xlsx,NETGEN JUN,588,JUN,2024-06-01,Solar,Photovoltaic,Solar,generation,Solar - Photovoltaic - Solar - Generation
60083,Fresno Solar,PV,SUN,SUN,,N,2024,EIA923_Schedules_2_3_4_5_M_12_2024_Final.xlsx,NETGEN JUL,565,JUL,2024-07-01,Solar,Photovoltaic,Solar,generation,Solar - Photovoltaic - Solar - Generation
60083,Fresno Solar,PV,SUN,SUN,,N,2024,EIA923_Schedules_2_3_4_5_M_12_2024_Final.xlsx,ELEC MMBTU JUL,1928,JUL,2024-07-01,Solar,Photovoltaic,Solar,quantity-consumed-electricity,Solar - Photovoltaic - Solar - Quantity Consumed For Electricity
60083,Fresno Solar,PV,SUN,SUN,,N,2024,EIA923_Schedules_2_3_4_5_M_12_2024_Final.xlsx,TOT MMBTU JUL,1928,JUL,2024-07-01,Solar,Photovoltaic,Solar,total-fuel-consumed,Solar - Photovoltaic - Solar - Total Fuel Consumed
60083,Fresno Solar,PV,SUN,SUN,,N,2024,EIA923_Schedules_2_3_4_5_M_12_2024_Final.xlsx,ELEC MMBTU AUG,1730,AUG,2024-08-01,Solar,Photovoltaic,Solar,quantity-consumed-electricity,Solar - Photovoltaic - Solar - Quantity Consumed For Electricity
60083,Fresno Solar,PV,SUN,SUN,,N,2024,EIA923_Schedules_2_3_4_5_M_12_2024_Final.xlsx,TOT MMBTU AUG,1730,AUG,2024-08-01,Solar,Photovoltaic,Solar,total-fuel-consumed,Solar - Photovoltaic - Solar - Total Fuel Consumed
60083,Fresno Solar,PV,SUN,SUN,,N,2024,EIA923_Schedules_2_3_4_5_M_12_2024_Final.xlsx,NETGEN AUG,507,AUG,2024-08-01,Solar,Photovoltaic,Solar,generation,Solar - Photovoltaic - Solar - Generation
60083,Fresno Solar,PV,SUN,SUN,,N,2024,EIA923_Schedules_2_3_4_5_M_12_2024_Final.xlsx,ELEC MMBTU SEP,1382,SEP,2024-09-01,Solar,Photovoltaic,Solar,quantity-consumed-electricity,Solar - Photovoltaic - Solar - Quantity Consumed For Electricity
60083,Fresno Solar,PV,SUN,SUN,,N,2024,EIA923_Schedules_2_3_4_5_M_12_2024_Final.xlsx,NETGEN SEP,405,SEP,2024-09-01,Solar,Photovoltaic,Solar,generation,Solar - Photovoltaic - Solar - Generation
60083,Fresno Solar,PV,SUN,SUN,,N,2024,EIA923_Schedules_2_3_4_5_M_12_2024_Final.xlsx,TOT MMBTU SEP,1382,SEP,2024-09-01,Solar,Photovoltaic,Solar,total-fuel-consumed,Solar - Photovoltaic - Solar - Total Fuel Consumed
60083,Fresno Solar,PV,SUN,SUN,,N,2024,EIA923_Schedules_2_3_4_5_M_12_2024_Final.xlsx,NETGEN OCT,290,OCT,2024-10-01,Solar,Photovoltaic,Solar,generation,Solar - Photovoltaic - Solar - Generation
60083,Fresno Solar,PV,SUN,SUN,,N,2024,EIA923_Schedules_2_3_4_5_M_12_2024_Final.xlsx,ELEC MMBTU OCT,989,OCT,2024-10-01,Solar,Photovoltaic,Solar,quantity-consumed-electricity,Solar - Photovoltaic - Solar - Quantity Consumed For Electricity
60083,Fresno Solar,PV,SUN,SUN,,N,2024,EIA923_Schedules_2_3_4_5_M_12_2024_Final.xlsx,TOT MMBTU OCT,989,OCT,2024-10-01,Solar,Photovoltaic,Solar,total-fuel-consumed,Solar - Photovoltaic - Solar - Total Fuel Consumed
60083,Fresno Solar,PV,SUN,SUN,,N,2024,EIA923_Schedules_2_3_4_5_M_12_2024_Final.xlsx,NETGEN NOV,223,NOV,2024-11-01,Solar,Photovoltaic,Solar,generation,Solar - Photovoltaic - Solar - Generation
60083,Fresno Solar,PV,SUN,SUN,,N,2024,EIA923_Schedules_2_3_4_5_M_12_2024_Final.xlsx,ELEC MMBTU NOV,761,NOV,2024-11-01,Solar,Photovoltaic,Solar,quantity-consumed-electricity,Solar - Photovoltaic - Solar - Quantity Consumed For Electricity
60083,Fresno Solar,PV,SUN,SUN,,N,2024,EIA923_Schedules_2_3_4_5_M_12_2024_Final.xlsx,TOT MMBTU NOV,761,NOV,2024-11-01,Solar,Photovoltaic,Solar,total-fuel-consumed,Solar - Photovoltaic - Solar - Total Fuel Consumed
60083,Fresno Solar,PV,SUN,SUN,,N,2024,EIA923_Schedules_2_3_4_5_M_12_2024_Final.xlsx,TOT MMBTU DEC,498,DEC,2024-12-01,Solar,Photovoltaic,Solar,total-fuel-consumed,Solar - Photovoltaic - Solar - Total Fuel Consumed
60083,Fresno Solar,PV,SUN,SUN,,N,2024,EIA923_Schedules_2_3_4_5_M_12_2024_Final.xlsx,ELEC MMBTU DEC,498,DEC,2024-12-01,Solar,Photovoltaic,Solar,quantity-consumed-electricity,Solar - Photovoltaic - Solar - Quantity Consumed For Electricity
60083,Fresno Solar,PV,SUN,SUN,,N,2024,EIA923_Schedules_2_3_4_5_M_12_2024_Final.xlsx,NETGEN DEC,146,DEC,2024-12-01,Solar,Photovoltaic,Solar,generation,Solar - Photovoltaic - Solar - Generation
