PLANT ID,PLANT NAME,REPORTED PRIME MOVER,REPORTED FUEL TYPE CODE,MER FUEL TYPE CODE,NUCLEAR UNIT ID,COMBINED HEAT AND POWER PLANT,YEAR,file,variable,value,MONTH,period,energy_type,prime_mover_type,mer_type,common_name,sensor_name
61371,Centaurus Solar - MA,PV,SUN,SUN,,N,2016,EIA923_Schedules_2_3_4_5_M_12_2016_Final_Revision.xlsx,ELEC MMBTU NOV,0,NOV,2016-11-01,Solar,Photovoltaic,Solar,quantity-consumed-electricity,Solar - Photovoltaic - Solar - Quantity Consumed For Electricity
61371,Centaurus Solar - MA,PV,SUN,SUN,,N,2016,EIA923_Schedules_2_3_4_5_M_12_2016_Final_Revision.xlsx,NETGEN NOV,0,NOV,2016-11-01,Solar,Photovoltaic,Solar,generation,Solar - Photovoltaic - Solar - Generation
61371,Centaurus Solar - MA,PV,SUN,SUN,,N,2016,EIA923_Schedules_2_3_4_5_M_12_2016_Final_Revision.xlsx,TOT MMBTU NOV,0,NOV,2016-11-01,Solar,Photovoltaic,Solar,total-fuel-consumed,Solar - Photovoltaic - Solar - Total Fuel Consumed
61371,Centaurus Solar - MA,PV,SUN,SUN,,N,2016,EIA923_Schedules_2_3_4_5_M_12_2016_Final_Revision.xlsx,TOT MMBTU DEC,0,DEC,2016-12-01,Solar,Photovoltaic,Solar,total-fuel-consumed,Solar - Photovoltaic - Solar - Total Fuel Consumed
61371,Centaurus Solar - MA,PV,SUN,SUN,,N,2016,EIA923_Schedules_2_3_4_5_M_12_2016_Final_Revision.xlsx,ELEC MMBTU DEC,0,DEC,2016-12-01,Solar,Photovoltaic,Solar,quantity-consumed-electricity,Solar - Photovoltaic - Solar - Quantity Consumed For Electricity
61371,Centaurus Solar - MA,PV,SUN,SUN,,N,2016,EIA923_Schedules_2_3_4_5_M_12_2016_Final_Revision.xlsx,NETGEN DEC,0,DEC,2016-12-01,Solar,Photovoltaic,Solar,generation,Solar - Photovoltaic - Solar - Generation
61371,Centaurus Solar - MA,PV,SUN,SUN,,N,2017,EIA923_Schedules_2_3_4_5_M_12_2017_Final_Revision.xlsx,ELEC MMBTU JAN,1272,JAN,2017-01-01,Solar,Photovoltaic,Solar,quantity-consumed-electricity,Solar - Photovoltaic - Solar - Quantity Consumed For Electricity
61371,Centaurus Solar - MA,PV,SUN,SUN,,N,2017,EIA923_Schedules_2_3_4_5_M_12_2017_Final_Revision.xlsx,NETGEN JAN,138.071,JAN,2017-01-01,Solar,Photovoltaic,Solar,generation,Solar - Photovoltaic - Solar - Generation
61371,Centaurus Solar - MA,PV,SUN,SUN,,N,2017,EIA923_Schedules_2_3_4_5_M_12_2017_Final_Revision.xlsx,TOT MMBTU JAN,1272,JAN,2017-01-01,Solar,Photovoltaic,Solar,total-fuel-consumed,Solar - Photovoltaic - Solar - Total Fuel Consumed
61371,Centaurus Solar - MA,PV,SUN,SUN,,N,2017,EIA923_Schedules_2_3_4_5_M_12_2017_Final_Revision.xlsx,TOT MMBTU FEB,2072,FEB,2017-02-01,Solar,Photovoltaic,Solar,total-fuel-consumed,Solar - Photovoltaic - Solar - Total Fuel Consumed
61371,Centaurus Solar - MA,PV,SUN,SUN,,N,2017,EIA923_Schedules_2_3_4_5_M_12_2017_Final_Revision.xlsx,NETGEN FEB,224.95,FEB,2017-02-01,Solar,Photovoltaic,Solar,generation,Solar - Photovoltaic - Solar - Generation
61371,Centaurus Solar - MA,PV,SUN,SUN,,N,2017,EIA923_Schedules_2_3_4_5_M_12_2017_Final_Revision.xlsx,ELEC MMBTU FEB,2072,FEB,2017-02-01,Solar,Photovoltaic,Solar,quantity-consumed-electricity,Solar - Photovoltaic - Solar - Quantity Consumed For Electricity
61371,Centaurus Solar - MA,PV,SUN,SUN,,N,2017,EIA923_Schedules_2_3_4_5_M_12_2017_Final_Revision.xlsx,ELEC MMBTU MAR,2845,MAR,2017-03-01,Solar,Photovoltaic,Solar,quantity-consumed-electricity,Solar - Photovoltaic - Solar - Quantity Consumed For Electricity
61371,Centaurus Solar - MA,PV,SUN,SUN,,N,2017,EIA923_Schedules_2_3_4_5_M_12_2017_Final_Revision.xlsx,NETGEN MAR,308.839,MAR,2017-03-01,Solar,Photovoltaic,Solar,generation,Solar - Photovoltaic - Solar - Generation
61371,Centaurus Solar - MA,PV,SUN,SUN,,N,2017,EIA923_Schedules_2_3_4_5_M_12_2017_Final_Revision.xlsx,TOT MMBTU MAR,2845,MAR,2017-03-01,Solar,Photovoltaic,Solar,total-fuel-consumed,Solar - Photovoltaic - Solar - Total Fuel Consumed
61371,Centaurus Solar - MA,PV,SUN,SUN,,N,2017,EIA923_Schedules_2_3_4_5_M_12_2017_Final_Revision.xlsx,TOT MMBTU APR,3000,APR,2017-04-01,Solar,Photovoltaic,Solar,total-fuel-consumed,Solar - Photovoltaic - Solar - Total Fuel Consumed
61371,Centaurus Solar - MA,PV,SUN,SUN,,N,2017,EIA923_Schedules_2_3_4_5_M_12_2017_Final_Revision.xlsx,ELEC MMBTU APR,3000,APR,2017-04-01,Solar,Photovoltaic,Solar,quantity-consumed-electricity,Solar - Photovoltaic - Solar - Quantity Consumed For Electricity
61371,Centaurus Solar - MA,PV,SUN,SUN,,N,2017,EIA923_Schedules_2_3_4_5_M_12_2017_Final_Revision.xlsx,NETGEN APR,325.654,APR,2017-04-01,Solar,Photovoltaic,Solar,generation,Solar - Photovoltaic - Solar - Generation
61371,Centaurus Solar - MA,PV,SUN,SUN,,N,2017,EIA923_Schedules_2_3_4_5_M_12_2017_Final_Revision.xlsx,ELEC MMBTU MAY,2978,MAY,2017-05-01,Solar,Photovoltaic,Solar,quantity-consumed-electricity,Solar - Photovoltaic - Solar - Quantity Consumed For Electricity
61371,Centaurus Solar - MA,PV,SUN,SUN,,N,2017,EIA923_Schedules_2_3_4_5_M_12_2017_Final_Revision.xlsx,TOT MMBTU MAY,2978,MAY,2017-05-01,Solar,Photovoltaic,Solar,total-fuel-consumed,Solar - Photovoltaic - Solar - Total Fuel Consumed
61371,Centaurus Solar - MA,PV,SUN,SUN,,N,2017,EIA923_Schedules_2_3_4_5_M_12_2017_Final_Revision.xlsx,NETGEN MAY,323.225,MAY,2017-05-01,Solar,Photovoltaic,Solar,generation,Solar - Photovoltaic - Solar - Generation
61371,Centaurus Solar - MA,PV,SUN,SUN,,N,2017,EIA923_Schedules_2_3_4_5_M_12_2017_Final_Revision.xlsx,ELEC MMBTU JUN,3577,JUN,2017-06-01,Solar,Photovoltaic,Solar,quantity-consumed-electricity,Solar - Photovoltaic - Solar - Quantity Consumed For Electricity
61371,Centaurus Solar - MA,PV,SUN,SUN,,N,2017,EIA923_Schedules_2_3_4_5_M_12_2017_Final_Revision.xlsx,TOT MMBTU JUN,3577,JUN,2017-06-01,Solar,Photovoltaic,Solar,total-fuel-consumed,Solar - Photovoltaic - Solar - Total Fuel Consumed
61371,Centaurus Solar - MA,PV,SUN,SUN,,N,2017,EIA923_Schedules_2_3_4_5_M_12_2017_Final_Revision.xlsx,NETGEN JUN,388.244,JUN,2017-06-01,Solar,Photovoltaic,Solar,generation,Solar - Photovoltaic - Solar - Generation
61371,Centaurus Solar - MA,PV,SUN,SUN,,N,2017,EIA923_Schedules_2_3_4_5_M_12_2017_Final_Revision.xlsx,NETGEN JUL,379.65,JUL,2017-07-01,Solar,Photovoltaic,Solar,generation,Solar - Photovoltaic - Solar - Generation
61371,Centaurus Solar - MA,PV,SUN,SUN,,N,2017,EIA923_Schedules_2_3_4_5_M_12_2017_Final_Revision.xlsx,ELEC MMBTU JUL,3498,JUL,2017-07-01,Solar,Photovoltaic,Solar,quantity-consumed-electricity,Solar - Photovoltaic - Solar - Quantity Consumed For Electricity
61371,Centaurus Solar - MA,PV,SUN,SUN,,N,2017,EIA923_Schedules_2_3_4_5_M_12_2017_Final_Revision.xlsx,TOT MMBTU JUL,3498,JUL,2017-07-01,Solar,Photovoltaic,Solar,total-fuel-consumed,Solar - Photovoltaic - Solar - Total Fuel Consumed
61371,Centaurus Solar - MA,PV,SUN,SUN,,N,2017,EIA923_Schedules_2_3_4_5_M_12_2017_Final_Revision.xlsx,NETGEN AUG,376.474,AUG,2017-08-01,Solar,Photovoltaic,Solar,generation,Solar - Photovoltaic - Solar - Generation
61371,Centaurus Solar - MA,PV,SUN,SUN,,N,2017,EIA923_Schedules_2_3_4_5_M_12_2017_Final_Revision.xlsx,ELEC MMBTU AUG,3468,AUG,2017-08-01,Solar,Photovoltaic,Solar,quantity-consumed-electricity,Solar - Photovoltaic - Solar - Quantity Consumed For Electricity
61371,Centaurus Solar - MA,PV,SUN,SUN,,N,2017,EIA923_Schedules_2_3_4_5_M_12_2017_Final_Revision.xlsx,TOT MMBTU AUG,3468,AUG,2017-08-01,Solar,Photovoltaic,Solar,total-fuel-consumed,Solar - Photovoltaic - Solar - Total Fuel Consumed
61371,Centaurus Solar - MA,PV,SUN,SUN,,N,2017,EIA923_Schedules_2_3_4_5_M_12_2017_Final_Revision.xlsx,ELEC MMBTU SEP,2801,SEP,2017-09-01,Solar,Photovoltaic,Solar,quantity-consumed-electricity,Solar - Photovoltaic - Solar - Quantity Consumed For Electricity
61371,Centaurus Solar - MA,PV,SUN,SUN,,N,2017,EIA923_Schedules_2_3_4_5_M_12_2017_Final_Revision.xlsx,TOT MMBTU SEP,2801,SEP,2017-09-01,Solar,Photovoltaic,Solar,total-fuel-consumed,Solar - Photovoltaic - Solar - Total Fuel Consumed
61371,Centaurus Solar - MA,PV,SUN,SUN,,N,2017,EIA923_Schedules_2_3_4_5_M_12_2017_Final_Revision.xlsx,NETGEN SEP,303.981,SEP,2017-09-01,Solar,Photovoltaic,Solar,generation,Solar - Photovoltaic - Solar - Generation
61371,Centaurus Solar - MA,PV,SUN,SUN,,N,2017,EIA923_Schedules_2_3_4_5_M_12_2017_Final_Revision.xlsx,NETGEN OCT,268.483,OCT,2017-10-01,Solar,Photovoltaic,Solar,generation,Solar - Photovoltaic - Solar - Generation
61371,Centaurus Solar - MA,PV,SUN,SUN,,N,2017,EIA923_Schedules_2_3_4_5_M_12_2017_Final_Revision.xlsx,TOT MMBTU OCT,2474,OCT,2017-10-01,Solar,Photovoltaic,Solar,total-fuel-consumed,Solar - Photovoltaic - Solar - Total Fuel Consumed
61371,Centaurus Solar - MA,PV,SUN,SUN,,N,2017,EIA923_Schedules_2_3_4_5_M_12_2017_Final_Revision.xlsx,ELEC MMBTU OCT,2474,OCT,2017-10-01,Solar,Photovoltaic,Solar,quantity-consumed-electricity,Solar - Photovoltaic - Solar - Quantity Consumed For Electricity
61371,Centaurus Solar - MA,PV,SUN,SUN,,N,2017,EIA923_Schedules_2_3_4_5_M_12_2017_Final_Revision.xlsx,TOT MMBTU NOV,1520,NOV,2017-11-01,Solar,Photovoltaic,Solar,total-fuel-consumed,Solar - Photovoltaic - Solar - Total Fuel Consumed
61371,Centaurus Solar - MA,PV,SUN,SUN,,N,2017,EIA923_Schedules_2_3_4_5_M_12_2017_Final_Revision.xlsx,ELEC MMBTU NOV,1520,NOV,2017-11-01,Solar,Photovoltaic,Solar,quantity-consumed-electricity,Solar - Photovoltaic - Solar - Quantity Consumed For Electricity
61371,Centaurus Solar - MA,PV,SUN,SUN,,N,2017,EIA923_Schedules_2_3_4_5_M_12_2017_Final_Revision.xlsx,NETGEN NOV,164.976,NOV,2017-11-01,Solar,Photovoltaic,Solar,generation,Solar - Photovoltaic - Solar - Generation
61371,Centaurus Solar - MA,PV,SUN,SUN,,N,2017,EIA923_Schedules_2_3_4_5_M_12_2017_Final_Revision.xlsx,NETGEN DEC,120.883,DEC,2017-12-01,Solar,Photovoltaic,Solar,generation,Solar - Photovoltaic - Solar - Generation
61371,Centaurus Solar - MA,PV,SUN,SUN,,N,2017,EIA923_Schedules_2_3_4_5_M_12_2017_Final_Revision.xlsx,TOT MMBTU DEC,1114,DEC,2017-12-01,Solar,Photovoltaic,Solar,total-fuel-consumed,Solar - Photovoltaic - Solar - Total Fuel Consumed
61371,Centaurus Solar - MA,PV,SUN,SUN,,N,2017,EIA923_Schedules_2_3_4_5_M_12_2017_Final_Revision.xlsx,ELEC MMBTU DEC,1114,DEC,2017-12-01,Solar,Photovoltaic,Solar,quantity-consumed-electricity,Solar - Photovoltaic - Solar - Quantity Consumed For Electricity
61371,Centaurus Solar - MA,PV,SUN,SUN,,N,2018,EIA923_Schedules_2_3_4_5_M_12_2018_Final_Revision.xlsx,ELEC MMBTU JAN,1421,JAN,2018-01-01,Solar,Photovoltaic,Solar,quantity-consumed-electricity,Solar - Photovoltaic - Solar - Quantity Consumed For Electricity
61371,Centaurus Solar - MA,PV,SUN,SUN,,N,2018,EIA923_Schedules_2_3_4_5_M_12_2018_Final_Revision.xlsx,NETGEN JAN,156.07,JAN,2018-01-01,Solar,Photovoltaic,Solar,generation,Solar - Photovoltaic - Solar - Generation
61371,Centaurus Solar - MA,PV,SUN,SUN,,N,2018,EIA923_Schedules_2_3_4_5_M_12_2018_Final_Revision.xlsx,TOT MMBTU JAN,1421,JAN,2018-01-01,Solar,Photovoltaic,Solar,total-fuel-consumed,Solar - Photovoltaic - Solar - Total Fuel Consumed
61371,Centaurus Solar - MA,PV,SUN,SUN,,N,2018,EIA923_Schedules_2_3_4_5_M_12_2018_Final_Revision.xlsx,NETGEN FEB,170.863,FEB,2018-02-01,Solar,Photovoltaic,Solar,generation,Solar - Photovoltaic - Solar - Generation
61371,Centaurus Solar - MA,PV,SUN,SUN,,N,2018,EIA923_Schedules_2_3_4_5_M_12_2018_Final_Revision.xlsx,TOT MMBTU FEB,1556,FEB,2018-02-01,Solar,Photovoltaic,Solar,total-fuel-consumed,Solar - Photovoltaic - Solar - Total Fuel Consumed
61371,Centaurus Solar - MA,PV,SUN,SUN,,N,2018,EIA923_Schedules_2_3_4_5_M_12_2018_Final_Revision.xlsx,ELEC MMBTU FEB,1556,FEB,2018-02-01,Solar,Photovoltaic,Solar,quantity-consumed-electricity,Solar - Photovoltaic - Solar - Quantity Consumed For Electricity
61371,Centaurus Solar - MA,PV,SUN,SUN,,N,2018,EIA923_Schedules_2_3_4_5_M_12_2018_Final_Revision.xlsx,TOT MMBTU MAR,2506,MAR,2018-03-01,Solar,Photovoltaic,Solar,total-fuel-consumed,Solar - Photovoltaic - Solar - Total Fuel Consumed
61371,Centaurus Solar - MA,PV,SUN,SUN,,N,2018,EIA923_Schedules_2_3_4_5_M_12_2018_Final_Revision.xlsx,NETGEN MAR,275.313,MAR,2018-03-01,Solar,Photovoltaic,Solar,generation,Solar - Photovoltaic - Solar - Generation
61371,Centaurus Solar - MA,PV,SUN,SUN,,N,2018,EIA923_Schedules_2_3_4_5_M_12_2018_Final_Revision.xlsx,ELEC MMBTU MAR,2506,MAR,2018-03-01,Solar,Photovoltaic,Solar,quantity-consumed-electricity,Solar - Photovoltaic - Solar - Quantity Consumed For Electricity
61371,Centaurus Solar - MA,PV,SUN,SUN,,N,2018,EIA923_Schedules_2_3_4_5_M_12_2018_Final_Revision.xlsx,ELEC MMBTU APR,2798,APR,2018-04-01,Solar,Photovoltaic,Solar,quantity-consumed-electricity,Solar - Photovoltaic - Solar - Quantity Consumed For Electricity
61371,Centaurus Solar - MA,PV,SUN,SUN,,N,2018,EIA923_Schedules_2_3_4_5_M_12_2018_Final_Revision.xlsx,TOT MMBTU APR,2798,APR,2018-04-01,Solar,Photovoltaic,Solar,total-fuel-consumed,Solar - Photovoltaic - Solar - Total Fuel Consumed
61371,Centaurus Solar - MA,PV,SUN,SUN,,N,2018,EIA923_Schedules_2_3_4_5_M_12_2018_Final_Revision.xlsx,NETGEN APR,307.312,APR,2018-04-01,Solar,Photovoltaic,Solar,generation,Solar - Photovoltaic - Solar - Generation
61371,Centaurus Solar - MA,PV,SUN,SUN,,N,2018,EIA923_Schedules_2_3_4_5_M_12_2018_Final_Revision.xlsx,NETGEN MAY,387.309,MAY,2018-05-01,Solar,Photovoltaic,Solar,generation,Solar - Photovoltaic - Solar - Generation
61371,Centaurus Solar - MA,PV,SUN,SUN,,N,2018,EIA923_Schedules_2_3_4_5_M_12_2018_Final_Revision.xlsx,TOT MMBTU MAY,3526,MAY,2018-05-01,Solar,Photovoltaic,Solar,total-fuel-consumed,Solar - Photovoltaic - Solar - Total Fuel Consumed
61371,Centaurus Solar - MA,PV,SUN,SUN,,N,2018,EIA923_Schedules_2_3_4_5_M_12_2018_Final_Revision.xlsx,ELEC MMBTU MAY,3526,MAY,2018-05-01,Solar,Photovoltaic,Solar,quantity-consumed-electricity,Solar - Photovoltaic - Solar - Quantity Consumed For Electricity
61371,Centaurus Solar - MA,PV,SUN,SUN,,N,2018,EIA923_Schedules_2_3_4_5_M_12_2018_Final_Revision.xlsx,ELEC MMBTU JUN,3438,JUN,2018-06-01,Solar,Photovoltaic,Solar,quantity-consumed-electricity,Solar - Photovoltaic - Solar - Quantity Consumed For Electricity
61371,Centaurus Solar - MA,PV,SUN,SUN,,N,2018,EIA923_Schedules_2_3_4_5_M_12_2018_Final_Revision.xlsx,NETGEN JUN,377.649,JUN,2018-06-01,Solar,Photovoltaic,Solar,generation,Solar - Photovoltaic - Solar - Generation
61371,Centaurus Solar - MA,PV,SUN,SUN,,N,2018,EIA923_Schedules_2_3_4_5_M_12_2018_Final_Revision.xlsx,TOT MMBTU JUN,3438,JUN,2018-06-01,Solar,Photovoltaic,Solar,total-fuel-consumed,Solar - Photovoltaic - Solar - Total Fuel Consumed
61371,Centaurus Solar - MA,PV,SUN,SUN,,N,2018,EIA923_Schedules_2_3_4_5_M_12_2018_Final_Revision.xlsx,NETGEN JUL,443.761,JUL,2018-07-01,Solar,Photovoltaic,Solar,generation,Solar - Photovoltaic - Solar - Generation
61371,Centaurus Solar - MA,PV,SUN,SUN,,N,2018,EIA923_Schedules_2_3_4_5_M_12_2018_Final_Revision.xlsx,ELEC MMBTU JUL,4040,JUL,2018-07-01,Solar,Photovoltaic,Solar,quantity-consumed-electricity,Solar - Photovoltaic - Solar - Quantity Consumed For Electricity
61371,Centaurus Solar - MA,PV,SUN,SUN,,N,2018,EIA923_Schedules_2_3_4_5_M_12_2018_Final_Revision.xlsx,TOT MMBTU JUL,4040,JUL,2018-07-01,Solar,Photovoltaic,Solar,total-fuel-consumed,Solar - Photovoltaic - Solar - Total Fuel Consumed
61371,Centaurus Solar - MA,PV,SUN,SUN,,N,2018,EIA923_Schedules_2_3_4_5_M_12_2018_Final_Revision.xlsx,TOT MMBTU AUG,3265,AUG,2018-08-01,Solar,Photovoltaic,Solar,total-fuel-consumed,Solar - Photovoltaic - Solar - Total Fuel Consumed
61371,Centaurus Solar - MA,PV,SUN,SUN,,N,2018,EIA923_Schedules_2_3_4_5_M_12_2018_Final_Revision.xlsx,NETGEN AUG,358.631,AUG,2018-08-01,Solar,Photovoltaic,Solar,generation,Solar - Photovoltaic - Solar - Generation
61371,Centaurus Solar - MA,PV,SUN,SUN,,N,2018,EIA923_Schedules_2_3_4_5_M_12_2018_Final_Revision.xlsx,ELEC MMBTU AUG,3265,AUG,2018-08-01,Solar,Photovoltaic,Solar,quantity-consumed-electricity,Solar - Photovoltaic - Solar - Quantity Consumed For Electricity
61371,Centaurus Solar - MA,PV,SUN,SUN,,N,2018,EIA923_Schedules_2_3_4_5_M_12_2018_Final_Revision.xlsx,ELEC MMBTU SEP,2020,SEP,2018-09-01,Solar,Photovoltaic,Solar,quantity-consumed-electricity,Solar - Photovoltaic - Solar - Quantity Consumed For Electricity
61371,Centaurus Solar - MA,PV,SUN,SUN,,N,2018,EIA923_Schedules_2_3_4_5_M_12_2018_Final_Revision.xlsx,TOT MMBTU SEP,2020,SEP,2018-09-01,Solar,Photovoltaic,Solar,total-fuel-consumed,Solar - Photovoltaic - Solar - Total Fuel Consumed
61371,Centaurus Solar - MA,PV,SUN,SUN,,N,2018,EIA923_Schedules_2_3_4_5_M_12_2018_Final_Revision.xlsx,NETGEN SEP,221.88,SEP,2018-09-01,Solar,Photovoltaic,Solar,generation,Solar - Photovoltaic - Solar - Generation
61371,Centaurus Solar - MA,PV,SUN,SUN,,N,2018,EIA923_Schedules_2_3_4_5_M_12_2018_Final_Revision.xlsx,TOT MMBTU OCT,1938,OCT,2018-10-01,Solar,Photovoltaic,Solar,total-fuel-consumed,Solar - Photovoltaic - Solar - Total Fuel Consumed
61371,Centaurus Solar - MA,PV,SUN,SUN,,N,2018,EIA923_Schedules_2_3_4_5_M_12_2018_Final_Revision.xlsx,NETGEN OCT,212.824,OCT,2018-10-01,Solar,Photovoltaic,Solar,generation,Solar - Photovoltaic - Solar - Generation
61371,Centaurus Solar - MA,PV,SUN,SUN,,N,2018,EIA923_Schedules_2_3_4_5_M_12_2018_Final_Revision.xlsx,ELEC MMBTU OCT,1938,OCT,2018-10-01,Solar,Photovoltaic,Solar,quantity-consumed-electricity,Solar - Photovoltaic - Solar - Quantity Consumed For Electricity
61371,Centaurus Solar - MA,PV,SUN,SUN,,N,2018,EIA923_Schedules_2_3_4_5_M_12_2018_Final_Revision.xlsx,NETGEN NOV,127.091,NOV,2018-11-01,Solar,Photovoltaic,Solar,generation,Solar - Photovoltaic - Solar - Generation
61371,Centaurus Solar - MA,PV,SUN,SUN,,N,2018,EIA923_Schedules_2_3_4_5_M_12_2018_Final_Revision.xlsx,ELEC MMBTU NOV,1157,NOV,2018-11-01,Solar,Photovoltaic,Solar,quantity-consumed-electricity,Solar - Photovoltaic - Solar - Quantity Consumed For Electricity
61371,Centaurus Solar - MA,PV,SUN,SUN,,N,2018,EIA923_Schedules_2_3_4_5_M_12_2018_Final_Revision.xlsx,TOT MMBTU NOV,1157,NOV,2018-11-01,Solar,Photovoltaic,Solar,total-fuel-consumed,Solar - Photovoltaic - Solar - Total Fuel Consumed
61371,Centaurus Solar - MA,PV,SUN,SUN,,N,2018,EIA923_Schedules_2_3_4_5_M_12_2018_Final_Revision.xlsx,NETGEN DEC,176.297,DEC,2018-12-01,Solar,Photovoltaic,Solar,generation,Solar - Photovoltaic - Solar - Generation
61371,Centaurus Solar - MA,PV,SUN,SUN,,N,2018,EIA923_Schedules_2_3_4_5_M_12_2018_Final_Revision.xlsx,TOT MMBTU DEC,1605,DEC,2018-12-01,Solar,Photovoltaic,Solar,total-fuel-consumed,Solar - Photovoltaic - Solar - Total Fuel Consumed
61371,Centaurus Solar - MA,PV,SUN,SUN,,N,2018,EIA923_Schedules_2_3_4_5_M_12_2018_Final_Revision.xlsx,ELEC MMBTU DEC,1605,DEC,2018-12-01,Solar,Photovoltaic,Solar,quantity-consumed-electricity,Solar - Photovoltaic - Solar - Quantity Consumed For Electricity
61371,Centaurus Solar - MA,PV,SUN,SUN,,N,2019,EIA923_Schedules_2_3_4_5_M_12_2019_Final_Revision.xlsx,TOT MMBTU JAN,1655,JAN,2019-01-01,Solar,Photovoltaic,Solar,total-fuel-consumed,Solar - Photovoltaic - Solar - Total Fuel Consumed
61371,Centaurus Solar - MA,PV,SUN,SUN,,N,2019,EIA923_Schedules_2_3_4_5_M_12_2019_Final_Revision.xlsx,NETGEN JAN,185.814,JAN,2019-01-01,Solar,Photovoltaic,Solar,generation,Solar - Photovoltaic - Solar - Generation
61371,Centaurus Solar - MA,PV,SUN,SUN,,N,2019,EIA923_Schedules_2_3_4_5_M_12_2019_Final_Revision.xlsx,ELEC MMBTU JAN,1655,JAN,2019-01-01,Solar,Photovoltaic,Solar,quantity-consumed-electricity,Solar - Photovoltaic - Solar - Quantity Consumed For Electricity
61371,Centaurus Solar - MA,PV,SUN,SUN,,N,2019,EIA923_Schedules_2_3_4_5_M_12_2019_Final_Revision.xlsx,NETGEN FEB,214.596,FEB,2019-02-01,Solar,Photovoltaic,Solar,generation,Solar - Photovoltaic - Solar - Generation
61371,Centaurus Solar - MA,PV,SUN,SUN,,N,2019,EIA923_Schedules_2_3_4_5_M_12_2019_Final_Revision.xlsx,TOT MMBTU FEB,1911,FEB,2019-02-01,Solar,Photovoltaic,Solar,total-fuel-consumed,Solar - Photovoltaic - Solar - Total Fuel Consumed
61371,Centaurus Solar - MA,PV,SUN,SUN,,N,2019,EIA923_Schedules_2_3_4_5_M_12_2019_Final_Revision.xlsx,ELEC MMBTU FEB,1911,FEB,2019-02-01,Solar,Photovoltaic,Solar,quantity-consumed-electricity,Solar - Photovoltaic - Solar - Quantity Consumed For Electricity
61371,Centaurus Solar - MA,PV,SUN,SUN,,N,2019,EIA923_Schedules_2_3_4_5_M_12_2019_Final_Revision.xlsx,NETGEN MAR,301.657,MAR,2019-03-01,Solar,Photovoltaic,Solar,generation,Solar - Photovoltaic - Solar - Generation
61371,Centaurus Solar - MA,PV,SUN,SUN,,N,2019,EIA923_Schedules_2_3_4_5_M_12_2019_Final_Revision.xlsx,TOT MMBTU MAR,2686,MAR,2019-03-01,Solar,Photovoltaic,Solar,total-fuel-consumed,Solar - Photovoltaic - Solar - Total Fuel Consumed
61371,Centaurus Solar - MA,PV,SUN,SUN,,N,2019,EIA923_Schedules_2_3_4_5_M_12_2019_Final_Revision.xlsx,ELEC MMBTU MAR,2686,MAR,2019-03-01,Solar,Photovoltaic,Solar,quantity-consumed-electricity,Solar - Photovoltaic - Solar - Quantity Consumed For Electricity
61371,Centaurus Solar - MA,PV,SUN,SUN,,N,2019,EIA923_Schedules_2_3_4_5_M_12_2019_Final_Revision.xlsx,NETGEN APR,330.618,APR,2019-04-01,Solar,Photovoltaic,Solar,generation,Solar - Photovoltaic - Solar - Generation
61371,Centaurus Solar - MA,PV,SUN,SUN,,N,2019,EIA923_Schedules_2_3_4_5_M_12_2019_Final_Revision.xlsx,TOT MMBTU APR,2944,APR,2019-04-01,Solar,Photovoltaic,Solar,total-fuel-consumed,Solar - Photovoltaic - Solar - Total Fuel Consumed
61371,Centaurus Solar - MA,PV,SUN,SUN,,N,2019,EIA923_Schedules_2_3_4_5_M_12_2019_Final_Revision.xlsx,ELEC MMBTU APR,2944,APR,2019-04-01,Solar,Photovoltaic,Solar,quantity-consumed-electricity,Solar - Photovoltaic - Solar - Quantity Consumed For Electricity
61371,Centaurus Solar - MA,PV,SUN,SUN,,N,2019,EIA923_Schedules_2_3_4_5_M_12_2019_Final_Revision.xlsx,NETGEN MAY,333.856,MAY,2019-05-01,Solar,Photovoltaic,Solar,generation,Solar - Photovoltaic - Solar - Generation
61371,Centaurus Solar - MA,PV,SUN,SUN,,N,2019,EIA923_Schedules_2_3_4_5_M_12_2019_Final_Revision.xlsx,ELEC MMBTU MAY,2973,MAY,2019-05-01,Solar,Photovoltaic,Solar,quantity-consumed-electricity,Solar - Photovoltaic - Solar - Quantity Consumed For Electricity
61371,Centaurus Solar - MA,PV,SUN,SUN,,N,2019,EIA923_Schedules_2_3_4_5_M_12_2019_Final_Revision.xlsx,TOT MMBTU MAY,2973,MAY,2019-05-01,Solar,Photovoltaic,Solar,total-fuel-consumed,Solar - Photovoltaic - Solar - Total Fuel Consumed
61371,Centaurus Solar - MA,PV,SUN,SUN,,N,2019,EIA923_Schedules_2_3_4_5_M_12_2019_Final_Revision.xlsx,TOT MMBTU JUN,3279,JUN,2019-06-01,Solar,Photovoltaic,Solar,total-fuel-consumed,Solar - Photovoltaic - Solar - Total Fuel Consumed
61371,Centaurus Solar - MA,PV,SUN,SUN,,N,2019,EIA923_Schedules_2_3_4_5_M_12_2019_Final_Revision.xlsx,NETGEN JUN,368.213,JUN,2019-06-01,Solar,Photovoltaic,Solar,generation,Solar - Photovoltaic - Solar - Generation
61371,Centaurus Solar - MA,PV,SUN,SUN,,N,2019,EIA923_Schedules_2_3_4_5_M_12_2019_Final_Revision.xlsx,ELEC MMBTU JUN,3279,JUN,2019-06-01,Solar,Photovoltaic,Solar,quantity-consumed-electricity,Solar - Photovoltaic - Solar - Quantity Consumed For Electricity
61371,Centaurus Solar - MA,PV,SUN,SUN,,N,2019,EIA923_Schedules_2_3_4_5_M_12_2019_Final_Revision.xlsx,NETGEN JUL,440.884,JUL,2019-07-01,Solar,Photovoltaic,Solar,generation,Solar - Photovoltaic - Solar - Generation
61371,Centaurus Solar - MA,PV,SUN,SUN,,N,2019,EIA923_Schedules_2_3_4_5_M_12_2019_Final_Revision.xlsx,TOT MMBTU JUL,3926,JUL,2019-07-01,Solar,Photovoltaic,Solar,total-fuel-consumed,Solar - Photovoltaic - Solar - Total Fuel Consumed
61371,Centaurus Solar - MA,PV,SUN,SUN,,N,2019,EIA923_Schedules_2_3_4_5_M_12_2019_Final_Revision.xlsx,ELEC MMBTU JUL,3926,JUL,2019-07-01,Solar,Photovoltaic,Solar,quantity-consumed-electricity,Solar - Photovoltaic - Solar - Quantity Consumed For Electricity
61371,Centaurus Solar - MA,PV,SUN,SUN,,N,2019,EIA923_Schedules_2_3_4_5_M_12_2019_Final_Revision.xlsx,NETGEN AUG,364.975,AUG,2019-08-01,Solar,Photovoltaic,Solar,generation,Solar - Photovoltaic - Solar - Generation
61371,Centaurus Solar - MA,PV,SUN,SUN,,N,2019,EIA923_Schedules_2_3_4_5_M_12_2019_Final_Revision.xlsx,ELEC MMBTU AUG,3250,AUG,2019-08-01,Solar,Photovoltaic,Solar,quantity-consumed-electricity,Solar - Photovoltaic - Solar - Quantity Consumed For Electricity
61371,Centaurus Solar - MA,PV,SUN,SUN,,N,2019,EIA923_Schedules_2_3_4_5_M_12_2019_Final_Revision.xlsx,TOT MMBTU AUG,3250,AUG,2019-08-01,Solar,Photovoltaic,Solar,total-fuel-consumed,Solar - Photovoltaic - Solar - Total Fuel Consumed
61371,Centaurus Solar - MA,PV,SUN,SUN,,N,2019,EIA923_Schedules_2_3_4_5_M_12_2019_Final_Revision.xlsx,TOT MMBTU SEP,3064,SEP,2019-09-01,Solar,Photovoltaic,Solar,total-fuel-consumed,Solar - Photovoltaic - Solar - Total Fuel Consumed
61371,Centaurus Solar - MA,PV,SUN,SUN,,N,2019,EIA923_Schedules_2_3_4_5_M_12_2019_Final_Revision.xlsx,ELEC MMBTU SEP,3064,SEP,2019-09-01,Solar,Photovoltaic,Solar,quantity-consumed-electricity,Solar - Photovoltaic - Solar - Quantity Consumed For Electricity
61371,Centaurus Solar - MA,PV,SUN,SUN,,N,2019,EIA923_Schedules_2_3_4_5_M_12_2019_Final_Revision.xlsx,NETGEN SEP,344.109,SEP,2019-09-01,Solar,Photovoltaic,Solar,generation,Solar - Photovoltaic - Solar - Generation
61371,Centaurus Solar - MA,PV,SUN,SUN,,N,2019,EIA923_Schedules_2_3_4_5_M_12_2019_Final_Revision.xlsx,NETGEN OCT,232.764,OCT,2019-10-01,Solar,Photovoltaic,Solar,generation,Solar - Photovoltaic - Solar - Generation
61371,Centaurus Solar - MA,PV,SUN,SUN,,N,2019,EIA923_Schedules_2_3_4_5_M_12_2019_Final_Revision.xlsx,TOT MMBTU OCT,2073,OCT,2019-10-01,Solar,Photovoltaic,Solar,total-fuel-consumed,Solar - Photovoltaic - Solar - Total Fuel Consumed
61371,Centaurus Solar - MA,PV,SUN,SUN,,N,2019,EIA923_Schedules_2_3_4_5_M_12_2019_Final_Revision.xlsx,ELEC MMBTU OCT,2073,OCT,2019-10-01,Solar,Photovoltaic,Solar,quantity-consumed-electricity,Solar - Photovoltaic - Solar - Quantity Consumed For Electricity
61371,Centaurus Solar - MA,PV,SUN,SUN,,N,2019,EIA923_Schedules_2_3_4_5_M_12_2019_Final_Revision.xlsx,TOT MMBTU NOV,1674,NOV,2019-11-01,Solar,Photovoltaic,Solar,total-fuel-consumed,Solar - Photovoltaic - Solar - Total Fuel Consumed
61371,Centaurus Solar - MA,PV,SUN,SUN,,N,2019,EIA923_Schedules_2_3_4_5_M_12_2019_Final_Revision.xlsx,ELEC MMBTU NOV,1674,NOV,2019-11-01,Solar,Photovoltaic,Solar,quantity-consumed-electricity,Solar - Photovoltaic - Solar - Quantity Consumed For Electricity
61371,Centaurus Solar - MA,PV,SUN,SUN,,N,2019,EIA923_Schedules_2_3_4_5_M_12_2019_Final_Revision.xlsx,NETGEN NOV,187.974,NOV,2019-11-01,Solar,Photovoltaic,Solar,generation,Solar - Photovoltaic - Solar - Generation
61371,Centaurus Solar - MA,PV,SUN,SUN,,N,2019,EIA923_Schedules_2_3_4_5_M_12_2019_Final_Revision.xlsx,ELEC MMBTU DEC,1056,DEC,2019-12-01,Solar,Photovoltaic,Solar,quantity-consumed-electricity,Solar - Photovoltaic - Solar - Quantity Consumed For Electricity
61371,Centaurus Solar - MA,PV,SUN,SUN,,N,2019,EIA923_Schedules_2_3_4_5_M_12_2019_Final_Revision.xlsx,TOT MMBTU DEC,1056,DEC,2019-12-01,Solar,Photovoltaic,Solar,total-fuel-consumed,Solar - Photovoltaic - Solar - Total Fuel Consumed
61371,Centaurus Solar - MA,PV,SUN,SUN,,N,2019,EIA923_Schedules_2_3_4_5_M_12_2019_Final_Revision.xlsx,NETGEN DEC,118.54,DEC,2019-12-01,Solar,Photovoltaic,Solar,generation,Solar - Photovoltaic - Solar - Generation
61371,Centaurus Solar - MA,PV,SUN,SUN,,N,2020,EIA923_Schedules_2_3_4_5_M_12_2020_Final_Revision.xlsx,TOT MMBTU JAN,1427,JAN,2020-01-01,Solar,Photovoltaic,Solar,total-fuel-consumed,Solar - Photovoltaic - Solar - Total Fuel Consumed
61371,Centaurus Solar - MA,PV,SUN,SUN,,N,2020,EIA923_Schedules_2_3_4_5_M_12_2020_Final_Revision.xlsx,NETGEN JAN,162.776,JAN,2020-01-01,Solar,Photovoltaic,Solar,generation,Solar - Photovoltaic - Solar - Generation
61371,Centaurus Solar - MA,PV,SUN,SUN,,N,2020,EIA923_Schedules_2_3_4_5_M_12_2020_Final_Revision.xlsx,ELEC MMBTU JAN,1427,JAN,2020-01-01,Solar,Photovoltaic,Solar,quantity-consumed-electricity,Solar - Photovoltaic - Solar - Quantity Consumed For Electricity
61371,Centaurus Solar - MA,PV,SUN,SUN,,N,2020,EIA923_Schedules_2_3_4_5_M_12_2020_Final_Revision.xlsx,NETGEN FEB,213.21,FEB,2020-02-01,Solar,Photovoltaic,Solar,generation,Solar - Photovoltaic - Solar - Generation
61371,Centaurus Solar - MA,PV,SUN,SUN,,N,2020,EIA923_Schedules_2_3_4_5_M_12_2020_Final_Revision.xlsx,TOT MMBTU FEB,1869,FEB,2020-02-01,Solar,Photovoltaic,Solar,total-fuel-consumed,Solar - Photovoltaic - Solar - Total Fuel Consumed
61371,Centaurus Solar - MA,PV,SUN,SUN,,N,2020,EIA923_Schedules_2_3_4_5_M_12_2020_Final_Revision.xlsx,ELEC MMBTU FEB,1869,FEB,2020-02-01,Solar,Photovoltaic,Solar,quantity-consumed-electricity,Solar - Photovoltaic - Solar - Quantity Consumed For Electricity
61371,Centaurus Solar - MA,PV,SUN,SUN,,N,2020,EIA923_Schedules_2_3_4_5_M_12_2020_Final_Revision.xlsx,NETGEN MAR,324.418,MAR,2020-03-01,Solar,Photovoltaic,Solar,generation,Solar - Photovoltaic - Solar - Generation
61371,Centaurus Solar - MA,PV,SUN,SUN,,N,2020,EIA923_Schedules_2_3_4_5_M_12_2020_Final_Revision.xlsx,ELEC MMBTU MAR,2844,MAR,2020-03-01,Solar,Photovoltaic,Solar,quantity-consumed-electricity,Solar - Photovoltaic - Solar - Quantity Consumed For Electricity
61371,Centaurus Solar - MA,PV,SUN,SUN,,N,2020,EIA923_Schedules_2_3_4_5_M_12_2020_Final_Revision.xlsx,TOT MMBTU MAR,2844,MAR,2020-03-01,Solar,Photovoltaic,Solar,total-fuel-consumed,Solar - Photovoltaic - Solar - Total Fuel Consumed
61371,Centaurus Solar - MA,PV,SUN,SUN,,N,2020,EIA923_Schedules_2_3_4_5_M_12_2020_Final_Revision.xlsx,ELEC MMBTU APR,2727,APR,2020-04-01,Solar,Photovoltaic,Solar,quantity-consumed-electricity,Solar - Photovoltaic - Solar - Quantity Consumed For Electricity
61371,Centaurus Solar - MA,PV,SUN,SUN,,N,2020,EIA923_Schedules_2_3_4_5_M_12_2020_Final_Revision.xlsx,NETGEN APR,311.053,APR,2020-04-01,Solar,Photovoltaic,Solar,generation,Solar - Photovoltaic - Solar - Generation
61371,Centaurus Solar - MA,PV,SUN,SUN,,N,2020,EIA923_Schedules_2_3_4_5_M_12_2020_Final_Revision.xlsx,TOT MMBTU APR,2727,APR,2020-04-01,Solar,Photovoltaic,Solar,total-fuel-consumed,Solar - Photovoltaic - Solar - Total Fuel Consumed
61371,Centaurus Solar - MA,PV,SUN,SUN,,N,2020,EIA923_Schedules_2_3_4_5_M_12_2020_Final_Revision.xlsx,NETGEN MAY,438.525,MAY,2020-05-01,Solar,Photovoltaic,Solar,generation,Solar - Photovoltaic - Solar - Generation
61371,Centaurus Solar - MA,PV,SUN,SUN,,N,2020,EIA923_Schedules_2_3_4_5_M_12_2020_Final_Revision.xlsx,TOT MMBTU MAY,3845,MAY,2020-05-01,Solar,Photovoltaic,Solar,total-fuel-consumed,Solar - Photovoltaic - Solar - Total Fuel Consumed
61371,Centaurus Solar - MA,PV,SUN,SUN,,N,2020,EIA923_Schedules_2_3_4_5_M_12_2020_Final_Revision.xlsx,ELEC MMBTU MAY,3845,MAY,2020-05-01,Solar,Photovoltaic,Solar,quantity-consumed-electricity,Solar - Photovoltaic - Solar - Quantity Consumed For Electricity
61371,Centaurus Solar - MA,PV,SUN,SUN,,N,2020,EIA923_Schedules_2_3_4_5_M_12_2020_Final_Revision.xlsx,TOT MMBTU JUN,3632,JUN,2020-06-01,Solar,Photovoltaic,Solar,total-fuel-consumed,Solar - Photovoltaic - Solar - Total Fuel Consumed
61371,Centaurus Solar - MA,PV,SUN,SUN,,N,2020,EIA923_Schedules_2_3_4_5_M_12_2020_Final_Revision.xlsx,NETGEN JUN,414.317,JUN,2020-06-01,Solar,Photovoltaic,Solar,generation,Solar - Photovoltaic - Solar - Generation
61371,Centaurus Solar - MA,PV,SUN,SUN,,N,2020,EIA923_Schedules_2_3_4_5_M_12_2020_Final_Revision.xlsx,ELEC MMBTU JUN,3632,JUN,2020-06-01,Solar,Photovoltaic,Solar,quantity-consumed-electricity,Solar - Photovoltaic - Solar - Quantity Consumed For Electricity
61371,Centaurus Solar - MA,PV,SUN,SUN,,N,2020,EIA923_Schedules_2_3_4_5_M_12_2020_Final_Revision.xlsx,ELEC MMBTU JUL,3577,JUL,2020-07-01,Solar,Photovoltaic,Solar,quantity-consumed-electricity,Solar - Photovoltaic - Solar - Quantity Consumed For Electricity
61371,Centaurus Solar - MA,PV,SUN,SUN,,N,2020,EIA923_Schedules_2_3_4_5_M_12_2020_Final_Revision.xlsx,NETGEN JUL,408.012,JUL,2020-07-01,Solar,Photovoltaic,Solar,generation,Solar - Photovoltaic - Solar - Generation
61371,Centaurus Solar - MA,PV,SUN,SUN,,N,2020,EIA923_Schedules_2_3_4_5_M_12_2020_Final_Revision.xlsx,TOT MMBTU JUL,3577,JUL,2020-07-01,Solar,Photovoltaic,Solar,total-fuel-consumed,Solar - Photovoltaic - Solar - Total Fuel Consumed
61371,Centaurus Solar - MA,PV,SUN,SUN,,N,2020,EIA923_Schedules_2_3_4_5_M_12_2020_Final_Revision.xlsx,TOT MMBTU AUG,3381,AUG,2020-08-01,Solar,Photovoltaic,Solar,total-fuel-consumed,Solar - Photovoltaic - Solar - Total Fuel Consumed
61371,Centaurus Solar - MA,PV,SUN,SUN,,N,2020,EIA923_Schedules_2_3_4_5_M_12_2020_Final_Revision.xlsx,ELEC MMBTU AUG,3381,AUG,2020-08-01,Solar,Photovoltaic,Solar,quantity-consumed-electricity,Solar - Photovoltaic - Solar - Quantity Consumed For Electricity
61371,Centaurus Solar - MA,PV,SUN,SUN,,N,2020,EIA923_Schedules_2_3_4_5_M_12_2020_Final_Revision.xlsx,NETGEN AUG,385.695,AUG,2020-08-01,Solar,Photovoltaic,Solar,generation,Solar - Photovoltaic - Solar - Generation
61371,Centaurus Solar - MA,PV,SUN,SUN,,N,2020,EIA923_Schedules_2_3_4_5_M_12_2020_Final_Revision.xlsx,TOT MMBTU SEP,2936,SEP,2020-09-01,Solar,Photovoltaic,Solar,total-fuel-consumed,Solar - Photovoltaic - Solar - Total Fuel Consumed
61371,Centaurus Solar - MA,PV,SUN,SUN,,N,2020,EIA923_Schedules_2_3_4_5_M_12_2020_Final_Revision.xlsx,NETGEN SEP,334.883,SEP,2020-09-01,Solar,Photovoltaic,Solar,generation,Solar - Photovoltaic - Solar - Generation
61371,Centaurus Solar - MA,PV,SUN,SUN,,N,2020,EIA923_Schedules_2_3_4_5_M_12_2020_Final_Revision.xlsx,ELEC MMBTU SEP,2936,SEP,2020-09-01,Solar,Photovoltaic,Solar,quantity-consumed-electricity,Solar - Photovoltaic - Solar - Quantity Consumed For Electricity
61371,Centaurus Solar - MA,PV,SUN,SUN,,N,2020,EIA923_Schedules_2_3_4_5_M_12_2020_Final_Revision.xlsx,NETGEN OCT,243.471,OCT,2020-10-01,Solar,Photovoltaic,Solar,generation,Solar - Photovoltaic - Solar - Generation
61371,Centaurus Solar - MA,PV,SUN,SUN,,N,2020,EIA923_Schedules_2_3_4_5_M_12_2020_Final_Revision.xlsx,TOT MMBTU OCT,2135,OCT,2020-10-01,Solar,Photovoltaic,Solar,total-fuel-consumed,Solar - Photovoltaic - Solar - Total Fuel Consumed
61371,Centaurus Solar - MA,PV,SUN,SUN,,N,2020,EIA923_Schedules_2_3_4_5_M_12_2020_Final_Revision.xlsx,ELEC MMBTU OCT,2135,OCT,2020-10-01,Solar,Photovoltaic,Solar,quantity-consumed-electricity,Solar - Photovoltaic - Solar - Quantity Consumed For Electricity
61371,Centaurus Solar - MA,PV,SUN,SUN,,N,2020,EIA923_Schedules_2_3_4_5_M_12_2020_Final_Revision.xlsx,ELEC MMBTU NOV,1527,NOV,2020-11-01,Solar,Photovoltaic,Solar,quantity-consumed-electricity,Solar - Photovoltaic - Solar - Quantity Consumed For Electricity
61371,Centaurus Solar - MA,PV,SUN,SUN,,N,2020,EIA923_Schedules_2_3_4_5_M_12_2020_Final_Revision.xlsx,TOT MMBTU NOV,1527,NOV,2020-11-01,Solar,Photovoltaic,Solar,total-fuel-consumed,Solar - Photovoltaic - Solar - Total Fuel Consumed
61371,Centaurus Solar - MA,PV,SUN,SUN,,N,2020,EIA923_Schedules_2_3_4_5_M_12_2020_Final_Revision.xlsx,NETGEN NOV,174.124,NOV,2020-11-01,Solar,Photovoltaic,Solar,generation,Solar - Photovoltaic - Solar - Generation
61371,Centaurus Solar - MA,PV,SUN,SUN,,N,2020,EIA923_Schedules_2_3_4_5_M_12_2020_Final_Revision.xlsx,TOT MMBTU DEC,1162,DEC,2020-12-01,Solar,Photovoltaic,Solar,total-fuel-consumed,Solar - Photovoltaic - Solar - Total Fuel Consumed
61371,Centaurus Solar - MA,PV,SUN,SUN,,N,2020,EIA923_Schedules_2_3_4_5_M_12_2020_Final_Revision.xlsx,ELEC MMBTU DEC,1162,DEC,2020-12-01,Solar,Photovoltaic,Solar,quantity-consumed-electricity,Solar - Photovoltaic - Solar - Quantity Consumed For Electricity
61371,Centaurus Solar - MA,PV,SUN,SUN,,N,2020,EIA923_Schedules_2_3_4_5_M_12_2020_Final_Revision.xlsx,NETGEN DEC,132.516,DEC,2020-12-01,Solar,Photovoltaic,Solar,generation,Solar - Photovoltaic - Solar - Generation
61371,Centaurus Solar - MA,PV,SUN,SUN,,N,2021,EIA923_Schedules_2_3_4_5_M_12_2021_Final_Revision.xlsx,ELEC MMBTU JAN,1386,JAN,2021-01-01,Solar,Photovoltaic,Solar,quantity-consumed-electricity,Solar - Photovoltaic - Solar - Quantity Consumed For Electricity
61371,Centaurus Solar - MA,PV,SUN,SUN,,N,2021,EIA923_Schedules_2_3_4_5_M_12_2021_Final_Revision.xlsx,NETGEN JAN,156.744,JAN,2021-01-01,Solar,Photovoltaic,Solar,generation,Solar - Photovoltaic - Solar - Generation
61371,Centaurus Solar - MA,PV,SUN,SUN,,N,2021,EIA923_Schedules_2_3_4_5_M_12_2021_Final_Revision.xlsx,TOT MMBTU JAN,1386,JAN,2021-01-01,Solar,Photovoltaic,Solar,total-fuel-consumed,Solar - Photovoltaic - Solar - Total Fuel Consumed
61371,Centaurus Solar - MA,PV,SUN,SUN,,N,2021,EIA923_Schedules_2_3_4_5_M_12_2021_Final_Revision.xlsx,NETGEN FEB,123.805,FEB,2021-02-01,Solar,Photovoltaic,Solar,generation,Solar - Photovoltaic - Solar - Generation
61371,Centaurus Solar - MA,PV,SUN,SUN,,N,2021,EIA923_Schedules_2_3_4_5_M_12_2021_Final_Revision.xlsx,ELEC MMBTU FEB,1095,FEB,2021-02-01,Solar,Photovoltaic,Solar,quantity-consumed-electricity,Solar - Photovoltaic - Solar - Quantity Consumed For Electricity
61371,Centaurus Solar - MA,PV,SUN,SUN,,N,2021,EIA923_Schedules_2_3_4_5_M_12_2021_Final_Revision.xlsx,TOT MMBTU FEB,1095,FEB,2021-02-01,Solar,Photovoltaic,Solar,total-fuel-consumed,Solar - Photovoltaic - Solar - Total Fuel Consumed
61371,Centaurus Solar - MA,PV,SUN,SUN,,N,2021,EIA923_Schedules_2_3_4_5_M_12_2021_Final_Revision.xlsx,NETGEN MAR,391.866,MAR,2021-03-01,Solar,Photovoltaic,Solar,generation,Solar - Photovoltaic - Solar - Generation
61371,Centaurus Solar - MA,PV,SUN,SUN,,N,2021,EIA923_Schedules_2_3_4_5_M_12_2021_Final_Revision.xlsx,ELEC MMBTU MAR,3466,MAR,2021-03-01,Solar,Photovoltaic,Solar,quantity-consumed-electricity,Solar - Photovoltaic - Solar - Quantity Consumed For Electricity
61371,Centaurus Solar - MA,PV,SUN,SUN,,N,2021,EIA923_Schedules_2_3_4_5_M_12_2021_Final_Revision.xlsx,TOT MMBTU MAR,3466,MAR,2021-03-01,Solar,Photovoltaic,Solar,total-fuel-consumed,Solar - Photovoltaic - Solar - Total Fuel Consumed
61371,Centaurus Solar - MA,PV,SUN,SUN,,N,2021,EIA923_Schedules_2_3_4_5_M_12_2021_Final_Revision.xlsx,ELEC MMBTU APR,2805,APR,2021-04-01,Solar,Photovoltaic,Solar,quantity-consumed-electricity,Solar - Photovoltaic - Solar - Quantity Consumed For Electricity
61371,Centaurus Solar - MA,PV,SUN,SUN,,N,2021,EIA923_Schedules_2_3_4_5_M_12_2021_Final_Revision.xlsx,TOT MMBTU APR,2805,APR,2021-04-01,Solar,Photovoltaic,Solar,total-fuel-consumed,Solar - Photovoltaic - Solar - Total Fuel Consumed
61371,Centaurus Solar - MA,PV,SUN,SUN,,N,2021,EIA923_Schedules_2_3_4_5_M_12_2021_Final_Revision.xlsx,NETGEN APR,317.166,APR,2021-04-01,Solar,Photovoltaic,Solar,generation,Solar - Photovoltaic - Solar - Generation
61371,Centaurus Solar - MA,PV,SUN,SUN,,N,2021,EIA923_Schedules_2_3_4_5_M_12_2021_Final_Revision.xlsx,TOT MMBTU MAY,3486,MAY,2021-05-01,Solar,Photovoltaic,Solar,total-fuel-consumed,Solar - Photovoltaic - Solar - Total Fuel Consumed
61371,Centaurus Solar - MA,PV,SUN,SUN,,N,2021,EIA923_Schedules_2_3_4_5_M_12_2021_Final_Revision.xlsx,ELEC MMBTU MAY,3486,MAY,2021-05-01,Solar,Photovoltaic,Solar,quantity-consumed-electricity,Solar - Photovoltaic - Solar - Quantity Consumed For Electricity
61371,Centaurus Solar - MA,PV,SUN,SUN,,N,2021,EIA923_Schedules_2_3_4_5_M_12_2021_Final_Revision.xlsx,NETGEN MAY,394.193,MAY,2021-05-01,Solar,Photovoltaic,Solar,generation,Solar - Photovoltaic - Solar - Generation
61371,Centaurus Solar - MA,PV,SUN,SUN,,N,2021,EIA923_Schedules_2_3_4_5_M_12_2021_Final_Revision.xlsx,TOT MMBTU JUN,3614,JUN,2021-06-01,Solar,Photovoltaic,Solar,total-fuel-consumed,Solar - Photovoltaic - Solar - Total Fuel Consumed
61371,Centaurus Solar - MA,PV,SUN,SUN,,N,2021,EIA923_Schedules_2_3_4_5_M_12_2021_Final_Revision.xlsx,NETGEN JUN,408.643,JUN,2021-06-01,Solar,Photovoltaic,Solar,generation,Solar - Photovoltaic - Solar - Generation
61371,Centaurus Solar - MA,PV,SUN,SUN,,N,2021,EIA923_Schedules_2_3_4_5_M_12_2021_Final_Revision.xlsx,ELEC MMBTU JUN,3614,JUN,2021-06-01,Solar,Photovoltaic,Solar,quantity-consumed-electricity,Solar - Photovoltaic - Solar - Quantity Consumed For Electricity
61371,Centaurus Solar - MA,PV,SUN,SUN,,N,2021,EIA923_Schedules_2_3_4_5_M_12_2021_Final_Revision.xlsx,ELEC MMBTU JUL,2844,JUL,2021-07-01,Solar,Photovoltaic,Solar,quantity-consumed-electricity,Solar - Photovoltaic - Solar - Quantity Consumed For Electricity
61371,Centaurus Solar - MA,PV,SUN,SUN,,N,2021,EIA923_Schedules_2_3_4_5_M_12_2021_Final_Revision.xlsx,NETGEN JUL,321.575,JUL,2021-07-01,Solar,Photovoltaic,Solar,generation,Solar - Photovoltaic - Solar - Generation
61371,Centaurus Solar - MA,PV,SUN,SUN,,N,2021,EIA923_Schedules_2_3_4_5_M_12_2021_Final_Revision.xlsx,TOT MMBTU JUL,2844,JUL,2021-07-01,Solar,Photovoltaic,Solar,total-fuel-consumed,Solar - Photovoltaic - Solar - Total Fuel Consumed
61371,Centaurus Solar - MA,PV,SUN,SUN,,N,2021,EIA923_Schedules_2_3_4_5_M_12_2021_Final_Revision.xlsx,ELEC MMBTU AUG,2867,AUG,2021-08-01,Solar,Photovoltaic,Solar,quantity-consumed-electricity,Solar - Photovoltaic - Solar - Quantity Consumed For Electricity
61371,Centaurus Solar - MA,PV,SUN,SUN,,N,2021,EIA923_Schedules_2_3_4_5_M_12_2021_Final_Revision.xlsx,NETGEN AUG,324.147,AUG,2021-08-01,Solar,Photovoltaic,Solar,generation,Solar - Photovoltaic - Solar - Generation
61371,Centaurus Solar - MA,PV,SUN,SUN,,N,2021,EIA923_Schedules_2_3_4_5_M_12_2021_Final_Revision.xlsx,TOT MMBTU AUG,2867,AUG,2021-08-01,Solar,Photovoltaic,Solar,total-fuel-consumed,Solar - Photovoltaic - Solar - Total Fuel Consumed
61371,Centaurus Solar - MA,PV,SUN,SUN,,N,2021,EIA923_Schedules_2_3_4_5_M_12_2021_Final_Revision.xlsx,ELEC MMBTU SEP,2664,SEP,2021-09-01,Solar,Photovoltaic,Solar,quantity-consumed-electricity,Solar - Photovoltaic - Solar - Quantity Consumed For Electricity
61371,Centaurus Solar - MA,PV,SUN,SUN,,N,2021,EIA923_Schedules_2_3_4_5_M_12_2021_Final_Revision.xlsx,NETGEN SEP,301.247,SEP,2021-09-01,Solar,Photovoltaic,Solar,generation,Solar - Photovoltaic - Solar - Generation
61371,Centaurus Solar - MA,PV,SUN,SUN,,N,2021,EIA923_Schedules_2_3_4_5_M_12_2021_Final_Revision.xlsx,TOT MMBTU SEP,2664,SEP,2021-09-01,Solar,Photovoltaic,Solar,total-fuel-consumed,Solar - Photovoltaic - Solar - Total Fuel Consumed
61371,Centaurus Solar - MA,PV,SUN,SUN,,N,2021,EIA923_Schedules_2_3_4_5_M_12_2021_Final_Revision.xlsx,ELEC MMBTU OCT,1969,OCT,2021-10-01,Solar,Photovoltaic,Solar,quantity-consumed-electricity,Solar - Photovoltaic - Solar - Quantity Consumed For Electricity
61371,Centaurus Solar - MA,PV,SUN,SUN,,N,2021,EIA923_Schedules_2_3_4_5_M_12_2021_Final_Revision.xlsx,NETGEN OCT,222.629,OCT,2021-10-01,Solar,Photovoltaic,Solar,generation,Solar - Photovoltaic - Solar - Generation
61371,Centaurus Solar - MA,PV,SUN,SUN,,N,2021,EIA923_Schedules_2_3_4_5_M_12_2021_Final_Revision.xlsx,TOT MMBTU OCT,1969,OCT,2021-10-01,Solar,Photovoltaic,Solar,total-fuel-consumed,Solar - Photovoltaic - Solar - Total Fuel Consumed
61371,Centaurus Solar - MA,PV,SUN,SUN,,N,2021,EIA923_Schedules_2_3_4_5_M_12_2021_Final_Revision.xlsx,NETGEN NOV,220.18,NOV,2021-11-01,Solar,Photovoltaic,Solar,generation,Solar - Photovoltaic - Solar - Generation
61371,Centaurus Solar - MA,PV,SUN,SUN,,N,2021,EIA923_Schedules_2_3_4_5_M_12_2021_Final_Revision.xlsx,ELEC MMBTU NOV,1947,NOV,2021-11-01,Solar,Photovoltaic,Solar,quantity-consumed-electricity,Solar - Photovoltaic - Solar - Quantity Consumed For Electricity
61371,Centaurus Solar - MA,PV,SUN,SUN,,N,2021,EIA923_Schedules_2_3_4_5_M_12_2021_Final_Revision.xlsx,TOT MMBTU NOV,1947,NOV,2021-11-01,Solar,Photovoltaic,Solar,total-fuel-consumed,Solar - Photovoltaic - Solar - Total Fuel Consumed
61371,Centaurus Solar - MA,PV,SUN,SUN,,N,2021,EIA923_Schedules_2_3_4_5_M_12_2021_Final_Revision.xlsx,ELEC MMBTU DEC,1042,DEC,2021-12-01,Solar,Photovoltaic,Solar,quantity-consumed-electricity,Solar - Photovoltaic - Solar - Quantity Consumed For Electricity
61371,Centaurus Solar - MA,PV,SUN,SUN,,N,2021,EIA923_Schedules_2_3_4_5_M_12_2021_Final_Revision.xlsx,NETGEN DEC,117.805,DEC,2021-12-01,Solar,Photovoltaic,Solar,generation,Solar - Photovoltaic - Solar - Generation
61371,Centaurus Solar - MA,PV,SUN,SUN,,N,2021,EIA923_Schedules_2_3_4_5_M_12_2021_Final_Revision.xlsx,TOT MMBTU DEC,1042,DEC,2021-12-01,Solar,Photovoltaic,Solar,total-fuel-consumed,Solar - Photovoltaic - Solar - Total Fuel Consumed
61371,Centaurus Solar - MA,PV,SUN,SUN,,N,2022,EIA923_Schedules_2_3_4_5_M_12_2022_Final_Revision.xlsx,NETGEN JAN,285.456,JAN,2022-01-01,Solar,Photovoltaic,Solar,generation,Solar - Photovoltaic - Solar - Generation
61371,Centaurus Solar - MA,PV,SUN,SUN,,N,2022,EIA923_Schedules_2_3_4_5_M_12_2022_Final_Revision.xlsx,TOT MMBTU JAN,974,JAN,2022-01-01,Solar,Photovoltaic,Solar,total-fuel-consumed,Solar - Photovoltaic - Solar - Total Fuel Consumed
61371,Centaurus Solar - MA,PV,SUN,SUN,,N,2022,EIA923_Schedules_2_3_4_5_M_12_2022_Final_Revision.xlsx,ELEC MMBTU JAN,974,JAN,2022-01-01,Solar,Photovoltaic,Solar,quantity-consumed-electricity,Solar - Photovoltaic - Solar - Quantity Consumed For Electricity
61371,Centaurus Solar - MA,PV,SUN,SUN,,N,2022,EIA923_Schedules_2_3_4_5_M_12_2022_Final_Revision.xlsx,TOT MMBTU FEB,641,FEB,2022-02-01,Solar,Photovoltaic,Solar,total-fuel-consumed,Solar - Photovoltaic - Solar - Total Fuel Consumed
61371,Centaurus Solar - MA,PV,SUN,SUN,,N,2022,EIA923_Schedules_2_3_4_5_M_12_2022_Final_Revision.xlsx,NETGEN FEB,187.856,FEB,2022-02-01,Solar,Photovoltaic,Solar,generation,Solar - Photovoltaic - Solar - Generation
61371,Centaurus Solar - MA,PV,SUN,SUN,,N,2022,EIA923_Schedules_2_3_4_5_M_12_2022_Final_Revision.xlsx,ELEC MMBTU FEB,641,FEB,2022-02-01,Solar,Photovoltaic,Solar,quantity-consumed-electricity,Solar - Photovoltaic - Solar - Quantity Consumed For Electricity
61371,Centaurus Solar - MA,PV,SUN,SUN,,N,2022,EIA923_Schedules_2_3_4_5_M_12_2022_Final_Revision.xlsx,TOT MMBTU MAR,957,MAR,2022-03-01,Solar,Photovoltaic,Solar,total-fuel-consumed,Solar - Photovoltaic - Solar - Total Fuel Consumed
61371,Centaurus Solar - MA,PV,SUN,SUN,,N,2022,EIA923_Schedules_2_3_4_5_M_12_2022_Final_Revision.xlsx,NETGEN MAR,280.362,MAR,2022-03-01,Solar,Photovoltaic,Solar,generation,Solar - Photovoltaic - Solar - Generation
61371,Centaurus Solar - MA,PV,SUN,SUN,,N,2022,EIA923_Schedules_2_3_4_5_M_12_2022_Final_Revision.xlsx,ELEC MMBTU MAR,957,MAR,2022-03-01,Solar,Photovoltaic,Solar,quantity-consumed-electricity,Solar - Photovoltaic - Solar - Quantity Consumed For Electricity
61371,Centaurus Solar - MA,PV,SUN,SUN,,N,2022,EIA923_Schedules_2_3_4_5_M_12_2022_Final_Revision.xlsx,ELEC MMBTU APR,1169,APR,2022-04-01,Solar,Photovoltaic,Solar,quantity-consumed-electricity,Solar - Photovoltaic - Solar - Quantity Consumed For Electricity
61371,Centaurus Solar - MA,PV,SUN,SUN,,N,2022,EIA923_Schedules_2_3_4_5_M_12_2022_Final_Revision.xlsx,NETGEN APR,342.547,APR,2022-04-01,Solar,Photovoltaic,Solar,generation,Solar - Photovoltaic - Solar - Generation
61371,Centaurus Solar - MA,PV,SUN,SUN,,N,2022,EIA923_Schedules_2_3_4_5_M_12_2022_Final_Revision.xlsx,TOT MMBTU APR,1169,APR,2022-04-01,Solar,Photovoltaic,Solar,total-fuel-consumed,Solar - Photovoltaic - Solar - Total Fuel Consumed
61371,Centaurus Solar - MA,PV,SUN,SUN,,N,2022,EIA923_Schedules_2_3_4_5_M_12_2022_Final_Revision.xlsx,NETGEN MAY,385.543,MAY,2022-05-01,Solar,Photovoltaic,Solar,generation,Solar - Photovoltaic - Solar - Generation
61371,Centaurus Solar - MA,PV,SUN,SUN,,N,2022,EIA923_Schedules_2_3_4_5_M_12_2022_Final_Revision.xlsx,ELEC MMBTU MAY,1315,MAY,2022-05-01,Solar,Photovoltaic,Solar,quantity-consumed-electricity,Solar - Photovoltaic - Solar - Quantity Consumed For Electricity
61371,Centaurus Solar - MA,PV,SUN,SUN,,N,2022,EIA923_Schedules_2_3_4_5_M_12_2022_Final_Revision.xlsx,TOT MMBTU MAY,1315,MAY,2022-05-01,Solar,Photovoltaic,Solar,total-fuel-consumed,Solar - Photovoltaic - Solar - Total Fuel Consumed
61371,Centaurus Solar - MA,PV,SUN,SUN,,N,2022,EIA923_Schedules_2_3_4_5_M_12_2022_Final_Revision.xlsx,TOT MMBTU JUN,1323,JUN,2022-06-01,Solar,Photovoltaic,Solar,total-fuel-consumed,Solar - Photovoltaic - Solar - Total Fuel Consumed
61371,Centaurus Solar - MA,PV,SUN,SUN,,N,2022,EIA923_Schedules_2_3_4_5_M_12_2022_Final_Revision.xlsx,NETGEN JUN,387.793,JUN,2022-06-01,Solar,Photovoltaic,Solar,generation,Solar - Photovoltaic - Solar - Generation
61371,Centaurus Solar - MA,PV,SUN,SUN,,N,2022,EIA923_Schedules_2_3_4_5_M_12_2022_Final_Revision.xlsx,ELEC MMBTU JUN,1323,JUN,2022-06-01,Solar,Photovoltaic,Solar,quantity-consumed-electricity,Solar - Photovoltaic - Solar - Quantity Consumed For Electricity
61371,Centaurus Solar - MA,PV,SUN,SUN,,N,2022,EIA923_Schedules_2_3_4_5_M_12_2022_Final_Revision.xlsx,TOT MMBTU JUL,1461,JUL,2022-07-01,Solar,Photovoltaic,Solar,total-fuel-consumed,Solar - Photovoltaic - Solar - Total Fuel Consumed
61371,Centaurus Solar - MA,PV,SUN,SUN,,N,2022,EIA923_Schedules_2_3_4_5_M_12_2022_Final_Revision.xlsx,NETGEN JUL,428.065,JUL,2022-07-01,Solar,Photovoltaic,Solar,generation,Solar - Photovoltaic - Solar - Generation
61371,Centaurus Solar - MA,PV,SUN,SUN,,N,2022,EIA923_Schedules_2_3_4_5_M_12_2022_Final_Revision.xlsx,ELEC MMBTU JUL,1461,JUL,2022-07-01,Solar,Photovoltaic,Solar,quantity-consumed-electricity,Solar - Photovoltaic - Solar - Quantity Consumed For Electricity
61371,Centaurus Solar - MA,PV,SUN,SUN,,N,2022,EIA923_Schedules_2_3_4_5_M_12_2022_Final_Revision.xlsx,ELEC MMBTU AUG,1288,AUG,2022-08-01,Solar,Photovoltaic,Solar,quantity-consumed-electricity,Solar - Photovoltaic - Solar - Quantity Consumed For Electricity
61371,Centaurus Solar - MA,PV,SUN,SUN,,N,2022,EIA923_Schedules_2_3_4_5_M_12_2022_Final_Revision.xlsx,TOT MMBTU AUG,1288,AUG,2022-08-01,Solar,Photovoltaic,Solar,total-fuel-consumed,Solar - Photovoltaic - Solar - Total Fuel Consumed
61371,Centaurus Solar - MA,PV,SUN,SUN,,N,2022,EIA923_Schedules_2_3_4_5_M_12_2022_Final_Revision.xlsx,NETGEN AUG,377.607,AUG,2022-08-01,Solar,Photovoltaic,Solar,generation,Solar - Photovoltaic - Solar - Generation
61371,Centaurus Solar - MA,PV,SUN,SUN,,N,2022,EIA923_Schedules_2_3_4_5_M_12_2022_Final_Revision.xlsx,NETGEN SEP,313.054,SEP,2022-09-01,Solar,Photovoltaic,Solar,generation,Solar - Photovoltaic - Solar - Generation
61371,Centaurus Solar - MA,PV,SUN,SUN,,N,2022,EIA923_Schedules_2_3_4_5_M_12_2022_Final_Revision.xlsx,TOT MMBTU SEP,1068,SEP,2022-09-01,Solar,Photovoltaic,Solar,total-fuel-consumed,Solar - Photovoltaic - Solar - Total Fuel Consumed
61371,Centaurus Solar - MA,PV,SUN,SUN,,N,2022,EIA923_Schedules_2_3_4_5_M_12_2022_Final_Revision.xlsx,ELEC MMBTU SEP,1068,SEP,2022-09-01,Solar,Photovoltaic,Solar,quantity-consumed-electricity,Solar - Photovoltaic - Solar - Quantity Consumed For Electricity
61371,Centaurus Solar - MA,PV,SUN,SUN,,N,2022,EIA923_Schedules_2_3_4_5_M_12_2022_Final_Revision.xlsx,ELEC MMBTU OCT,847,OCT,2022-10-01,Solar,Photovoltaic,Solar,quantity-consumed-electricity,Solar - Photovoltaic - Solar - Quantity Consumed For Electricity
61371,Centaurus Solar - MA,PV,SUN,SUN,,N,2022,EIA923_Schedules_2_3_4_5_M_12_2022_Final_Revision.xlsx,NETGEN OCT,248.145,OCT,2022-10-01,Solar,Photovoltaic,Solar,generation,Solar - Photovoltaic - Solar - Generation
61371,Centaurus Solar - MA,PV,SUN,SUN,,N,2022,EIA923_Schedules_2_3_4_5_M_12_2022_Final_Revision.xlsx,TOT MMBTU OCT,847,OCT,2022-10-01,Solar,Photovoltaic,Solar,total-fuel-consumed,Solar - Photovoltaic - Solar - Total Fuel Consumed
61371,Centaurus Solar - MA,PV,SUN,SUN,,N,2022,EIA923_Schedules_2_3_4_5_M_12_2022_Final_Revision.xlsx,TOT MMBTU NOV,698,NOV,2022-11-01,Solar,Photovoltaic,Solar,total-fuel-consumed,Solar - Photovoltaic - Solar - Total Fuel Consumed
61371,Centaurus Solar - MA,PV,SUN,SUN,,N,2022,EIA923_Schedules_2_3_4_5_M_12_2022_Final_Revision.xlsx,NETGEN NOV,204.675,NOV,2022-11-01,Solar,Photovoltaic,Solar,generation,Solar - Photovoltaic - Solar - Generation
61371,Centaurus Solar - MA,PV,SUN,SUN,,N,2022,EIA923_Schedules_2_3_4_5_M_12_2022_Final_Revision.xlsx,ELEC MMBTU NOV,698,NOV,2022-11-01,Solar,Photovoltaic,Solar,quantity-consumed-electricity,Solar - Photovoltaic - Solar - Quantity Consumed For Electricity
61371,Centaurus Solar - MA,PV,SUN,SUN,,N,2022,EIA923_Schedules_2_3_4_5_M_12_2022_Final_Revision.xlsx,TOT MMBTU DEC,453,DEC,2022-12-01,Solar,Photovoltaic,Solar,total-fuel-consumed,Solar - Photovoltaic - Solar - Total Fuel Consumed
61371,Centaurus Solar - MA,PV,SUN,SUN,,N,2022,EIA923_Schedules_2_3_4_5_M_12_2022_Final_Revision.xlsx,NETGEN DEC,132.897,DEC,2022-12-01,Solar,Photovoltaic,Solar,generation,Solar - Photovoltaic - Solar - Generation
61371,Centaurus Solar - MA,PV,SUN,SUN,,N,2022,EIA923_Schedules_2_3_4_5_M_12_2022_Final_Revision.xlsx,ELEC MMBTU DEC,453,DEC,2022-12-01,Solar,Photovoltaic,Solar,quantity-consumed-electricity,Solar - Photovoltaic - Solar - Quantity Consumed For Electricity
61371,Centaurus Solar - MA,PV,SUN,SUN,,N,2023,EIA923_Schedules_2_3_4_5_M_12_2023_Final_Revision.xlsx,ELEC MMBTU JAN,307,JAN,2023-01-01,Solar,Photovoltaic,Solar,quantity-consumed-electricity,Solar - Photovoltaic - Solar - Quantity Consumed For Electricity
61371,Centaurus Solar - MA,PV,SUN,SUN,,N,2023,EIA923_Schedules_2_3_4_5_M_12_2023_Final_Revision.xlsx,TOT MMBTU JAN,307,JAN,2023-01-01,Solar,Photovoltaic,Solar,total-fuel-consumed,Solar - Photovoltaic - Solar - Total Fuel Consumed
61371,Centaurus Solar - MA,PV,SUN,SUN,,N,2023,EIA923_Schedules_2_3_4_5_M_12_2023_Final_Revision.xlsx,NETGEN JAN,90,JAN,2023-01-01,Solar,Photovoltaic,Solar,generation,Solar - Photovoltaic - Solar - Generation
61371,Centaurus Solar - MA,PV,SUN,SUN,,N,2023,EIA923_Schedules_2_3_4_5_M_12_2023_Final_Revision.xlsx,TOT MMBTU FEB,590,FEB,2023-02-01,Solar,Photovoltaic,Solar,total-fuel-consumed,Solar - Photovoltaic - Solar - Total Fuel Consumed
61371,Centaurus Solar - MA,PV,SUN,SUN,,N,2023,EIA923_Schedules_2_3_4_5_M_12_2023_Final_Revision.xlsx,NETGEN FEB,173,FEB,2023-02-01,Solar,Photovoltaic,Solar,generation,Solar - Photovoltaic - Solar - Generation
61371,Centaurus Solar - MA,PV,SUN,SUN,,N,2023,EIA923_Schedules_2_3_4_5_M_12_2023_Final_Revision.xlsx,ELEC MMBTU FEB,590,FEB,2023-02-01,Solar,Photovoltaic,Solar,quantity-consumed-electricity,Solar - Photovoltaic - Solar - Quantity Consumed For Electricity
61371,Centaurus Solar - MA,PV,SUN,SUN,,N,2023,EIA923_Schedules_2_3_4_5_M_12_2023_Final_Revision.xlsx,NETGEN MAR,311,MAR,2023-03-01,Solar,Photovoltaic,Solar,generation,Solar - Photovoltaic - Solar - Generation
61371,Centaurus Solar - MA,PV,SUN,SUN,,N,2023,EIA923_Schedules_2_3_4_5_M_12_2023_Final_Revision.xlsx,TOT MMBTU MAR,1061,MAR,2023-03-01,Solar,Photovoltaic,Solar,total-fuel-consumed,Solar - Photovoltaic - Solar - Total Fuel Consumed
61371,Centaurus Solar - MA,PV,SUN,SUN,,N,2023,EIA923_Schedules_2_3_4_5_M_12_2023_Final_Revision.xlsx,ELEC MMBTU MAR,1061,MAR,2023-03-01,Solar,Photovoltaic,Solar,quantity-consumed-electricity,Solar - Photovoltaic - Solar - Quantity Consumed For Electricity
61371,Centaurus Solar - MA,PV,SUN,SUN,,N,2023,EIA923_Schedules_2_3_4_5_M_12_2023_Final_Revision.xlsx,NETGEN APR,338,APR,2023-04-01,Solar,Photovoltaic,Solar,generation,Solar - Photovoltaic - Solar - Generation
61371,Centaurus Solar - MA,PV,SUN,SUN,,N,2023,EIA923_Schedules_2_3_4_5_M_12_2023_Final_Revision.xlsx,TOT MMBTU APR,1153,APR,2023-04-01,Solar,Photovoltaic,Solar,total-fuel-consumed,Solar - Photovoltaic - Solar - Total Fuel Consumed
61371,Centaurus Solar - MA,PV,SUN,SUN,,N,2023,EIA923_Schedules_2_3_4_5_M_12_2023_Final_Revision.xlsx,ELEC MMBTU APR,1153,APR,2023-04-01,Solar,Photovoltaic,Solar,quantity-consumed-electricity,Solar - Photovoltaic - Solar - Quantity Consumed For Electricity
61371,Centaurus Solar - MA,PV,SUN,SUN,,N,2023,EIA923_Schedules_2_3_4_5_M_12_2023_Final_Revision.xlsx,TOT MMBTU MAY,1593,MAY,2023-05-01,Solar,Photovoltaic,Solar,total-fuel-consumed,Solar - Photovoltaic - Solar - Total Fuel Consumed
61371,Centaurus Solar - MA,PV,SUN,SUN,,N,2023,EIA923_Schedules_2_3_4_5_M_12_2023_Final_Revision.xlsx,ELEC MMBTU MAY,1593,MAY,2023-05-01,Solar,Photovoltaic,Solar,quantity-consumed-electricity,Solar - Photovoltaic - Solar - Quantity Consumed For Electricity
61371,Centaurus Solar - MA,PV,SUN,SUN,,N,2023,EIA923_Schedules_2_3_4_5_M_12_2023_Final_Revision.xlsx,NETGEN MAY,467,MAY,2023-05-01,Solar,Photovoltaic,Solar,generation,Solar - Photovoltaic - Solar - Generation
61371,Centaurus Solar - MA,PV,SUN,SUN,,N,2023,EIA923_Schedules_2_3_4_5_M_12_2023_Final_Revision.xlsx,ELEC MMBTU JUN,1177,JUN,2023-06-01,Solar,Photovoltaic,Solar,quantity-consumed-electricity,Solar - Photovoltaic - Solar - Quantity Consumed For Electricity
61371,Centaurus Solar - MA,PV,SUN,SUN,,N,2023,EIA923_Schedules_2_3_4_5_M_12_2023_Final_Revision.xlsx,NETGEN JUN,345,JUN,2023-06-01,Solar,Photovoltaic,Solar,generation,Solar - Photovoltaic - Solar - Generation
61371,Centaurus Solar - MA,PV,SUN,SUN,,N,2023,EIA923_Schedules_2_3_4_5_M_12_2023_Final_Revision.xlsx,TOT MMBTU JUN,1177,JUN,2023-06-01,Solar,Photovoltaic,Solar,total-fuel-consumed,Solar - Photovoltaic - Solar - Total Fuel Consumed
61371,Centaurus Solar - MA,PV,SUN,SUN,,N,2023,EIA923_Schedules_2_3_4_5_M_12_2023_Final_Revision.xlsx,ELEC MMBTU JUL,1269,JUL,2023-07-01,Solar,Photovoltaic,Solar,quantity-consumed-electricity,Solar - Photovoltaic - Solar - Quantity Consumed For Electricity
61371,Centaurus Solar - MA,PV,SUN,SUN,,N,2023,EIA923_Schedules_2_3_4_5_M_12_2023_Final_Revision.xlsx,TOT MMBTU JUL,1269,JUL,2023-07-01,Solar,Photovoltaic,Solar,total-fuel-consumed,Solar - Photovoltaic - Solar - Total Fuel Consumed
61371,Centaurus Solar - MA,PV,SUN,SUN,,N,2023,EIA923_Schedules_2_3_4_5_M_12_2023_Final_Revision.xlsx,NETGEN JUL,372,JUL,2023-07-01,Solar,Photovoltaic,Solar,generation,Solar - Photovoltaic - Solar - Generation
61371,Centaurus Solar - MA,PV,SUN,SUN,,N,2023,EIA923_Schedules_2_3_4_5_M_12_2023_Final_Revision.xlsx,TOT MMBTU AUG,1167,AUG,2023-08-01,Solar,Photovoltaic,Solar,total-fuel-consumed,Solar - Photovoltaic - Solar - Total Fuel Consumed
61371,Centaurus Solar - MA,PV,SUN,SUN,,N,2023,EIA923_Schedules_2_3_4_5_M_12_2023_Final_Revision.xlsx,ELEC MMBTU AUG,1167,AUG,2023-08-01,Solar,Photovoltaic,Solar,quantity-consumed-electricity,Solar - Photovoltaic - Solar - Quantity Consumed For Electricity
61371,Centaurus Solar - MA,PV,SUN,SUN,,N,2023,EIA923_Schedules_2_3_4_5_M_12_2023_Final_Revision.xlsx,NETGEN AUG,342,AUG,2023-08-01,Solar,Photovoltaic,Solar,generation,Solar - Photovoltaic - Solar - Generation
61371,Centaurus Solar - MA,PV,SUN,SUN,,N,2023,EIA923_Schedules_2_3_4_5_M_12_2023_Final_Revision.xlsx,TOT MMBTU SEP,887,SEP,2023-09-01,Solar,Photovoltaic,Solar,total-fuel-consumed,Solar - Photovoltaic - Solar - Total Fuel Consumed
61371,Centaurus Solar - MA,PV,SUN,SUN,,N,2023,EIA923_Schedules_2_3_4_5_M_12_2023_Final_Revision.xlsx,NETGEN SEP,260,SEP,2023-09-01,Solar,Photovoltaic,Solar,generation,Solar - Photovoltaic - Solar - Generation
61371,Centaurus Solar - MA,PV,SUN,SUN,,N,2023,EIA923_Schedules_2_3_4_5_M_12_2023_Final_Revision.xlsx,ELEC MMBTU SEP,887,SEP,2023-09-01,Solar,Photovoltaic,Solar,quantity-consumed-electricity,Solar - Photovoltaic - Solar - Quantity Consumed For Electricity
61371,Centaurus Solar - MA,PV,SUN,SUN,,N,2023,EIA923_Schedules_2_3_4_5_M_12_2023_Final_Revision.xlsx,TOT MMBTU OCT,822,OCT,2023-10-01,Solar,Photovoltaic,Solar,total-fuel-consumed,Solar - Photovoltaic - Solar - Total Fuel Consumed
61371,Centaurus Solar - MA,PV,SUN,SUN,,N,2023,EIA923_Schedules_2_3_4_5_M_12_2023_Final_Revision.xlsx,ELEC MMBTU OCT,822,OCT,2023-10-01,Solar,Photovoltaic,Solar,quantity-consumed-electricity,Solar - Photovoltaic - Solar - Quantity Consumed For Electricity
61371,Centaurus Solar - MA,PV,SUN,SUN,,N,2023,EIA923_Schedules_2_3_4_5_M_12_2023_Final_Revision.xlsx,NETGEN OCT,241,OCT,2023-10-01,Solar,Photovoltaic,Solar,generation,Solar - Photovoltaic - Solar - Generation
61371,Centaurus Solar - MA,PV,SUN,SUN,,N,2023,EIA923_Schedules_2_3_4_5_M_12_2023_Final_Revision.xlsx,NETGEN NOV,196,NOV,2023-11-01,Solar,Photovoltaic,Solar,generation,Solar - Photovoltaic - Solar - Generation
61371,Centaurus Solar - MA,PV,SUN,SUN,,N,2023,EIA923_Schedules_2_3_4_5_M_12_2023_Final_Revision.xlsx,ELEC MMBTU NOV,669,NOV,2023-11-01,Solar,Photovoltaic,Solar,quantity-consumed-electricity,Solar - Photovoltaic - Solar - Quantity Consumed For Electricity
61371,Centaurus Solar - MA,PV,SUN,SUN,,N,2023,EIA923_Schedules_2_3_4_5_M_12_2023_Final_Revision.xlsx,TOT MMBTU NOV,669,NOV,2023-11-01,Solar,Photovoltaic,Solar,total-fuel-consumed,Solar - Photovoltaic - Solar - Total Fuel Consumed
61371,Centaurus Solar - MA,PV,SUN,SUN,,N,2023,EIA923_Schedules_2_3_4_5_M_12_2023_Final_Revision.xlsx,NETGEN DEC,644,DEC,2023-12-01,Solar,Photovoltaic,Solar,generation,Solar - Photovoltaic - Solar - Generation
61371,Centaurus Solar - MA,PV,SUN,SUN,,N,2023,EIA923_Schedules_2_3_4_5_M_12_2023_Final_Revision.xlsx,ELEC MMBTU DEC,2197,DEC,2023-12-01,Solar,Photovoltaic,Solar,quantity-consumed-electricity,Solar - Photovoltaic - Solar - Quantity Consumed For Electricity
61371,Centaurus Solar - MA,PV,SUN,SUN,,N,2023,EIA923_Schedules_2_3_4_5_M_12_2023_Final_Revision.xlsx,TOT MMBTU DEC,2197,DEC,2023-12-01,Solar,Photovoltaic,Solar,total-fuel-consumed,Solar - Photovoltaic - Solar - Total Fuel Consumed
61371,Centaurus Solar - MA,PV,SUN,SUN,,N,2024,EIA923_Schedules_2_3_4_5_M_12_2024_Final.xlsx,NETGEN JAN,3,JAN,2024-01-01,Solar,Photovoltaic,Solar,generation,Solar - Photovoltaic - Solar - Generation
61371,Centaurus Solar - MA,PV,SUN,SUN,,N,2024,EIA923_Schedules_2_3_4_5_M_12_2024_Final.xlsx,ELEC MMBTU JAN,10,JAN,2024-01-01,Solar,Photovoltaic,Solar,quantity-consumed-electricity,Solar - Photovoltaic - Solar - Quantity Consumed For Electricity
61371,Centaurus Solar - MA,PV,SUN,SUN,,N,2024,EIA923_Schedules_2_3_4_5_M_12_2024_Final.xlsx,TOT MMBTU JAN,10,JAN,2024-01-01,Solar,Photovoltaic,Solar,total-fuel-consumed,Solar - Photovoltaic - Solar - Total Fuel Consumed
61371,Centaurus Solar - MA,PV,SUN,SUN,,N,2024,EIA923_Schedules_2_3_4_5_M_12_2024_Final.xlsx,NETGEN FEB,7,FEB,2024-02-01,Solar,Photovoltaic,Solar,generation,Solar - Photovoltaic - Solar - Generation
61371,Centaurus Solar - MA,PV,SUN,SUN,,N,2024,EIA923_Schedules_2_3_4_5_M_12_2024_Final.xlsx,ELEC MMBTU FEB,24,FEB,2024-02-01,Solar,Photovoltaic,Solar,quantity-consumed-electricity,Solar - Photovoltaic - Solar - Quantity Consumed For Electricity
61371,Centaurus Solar - MA,PV,SUN,SUN,,N,2024,EIA923_Schedules_2_3_4_5_M_12_2024_Final.xlsx,TOT MMBTU FEB,24,FEB,2024-02-01,Solar,Photovoltaic,Solar,total-fuel-consumed,Solar - Photovoltaic - Solar - Total Fuel Consumed
61371,Centaurus Solar - MA,PV,SUN,SUN,,N,2024,EIA923_Schedules_2_3_4_5_M_12_2024_Final.xlsx,TOT MMBTU MAR,0,MAR,2024-03-01,Solar,Photovoltaic,Solar,total-fuel-consumed,Solar - Photovoltaic - Solar - Total Fuel Consumed
61371,Centaurus Solar - MA,PV,SUN,SUN,,N,2024,EIA923_Schedules_2_3_4_5_M_12_2024_Final.xlsx,NETGEN MAR,0,MAR,2024-03-01,Solar,Photovoltaic,Solar,generation,Solar - Photovoltaic - Solar - Generation
61371,Centaurus Solar - MA,PV,SUN,SUN,,N,2024,EIA923_Schedules_2_3_4_5_M_12_2024_Final.xlsx,ELEC MMBTU MAR,0,MAR,2024-03-01,Solar,Photovoltaic,Solar,quantity-consumed-electricity,Solar - Photovoltaic - Solar - Quantity Consumed For Electricity
61371,Centaurus Solar - MA,PV,SUN,SUN,,N,2024,EIA923_Schedules_2_3_4_5_M_12_2024_Final.xlsx,NETGEN APR,244,APR,2024-04-01,Solar,Photovoltaic,Solar,generation,Solar - Photovoltaic - Solar - Generation
61371,Centaurus Solar - MA,PV,SUN,SUN,,N,2024,EIA923_Schedules_2_3_4_5_M_12_2024_Final.xlsx,ELEC MMBTU APR,833,APR,2024-04-01,Solar,Photovoltaic,Solar,quantity-consumed-electricity,Solar - Photovoltaic - Solar - Quantity Consumed For Electricity
61371,Centaurus Solar - MA,PV,SUN,SUN,,N,2024,EIA923_Schedules_2_3_4_5_M_12_2024_Final.xlsx,TOT MMBTU APR,833,APR,2024-04-01,Solar,Photovoltaic,Solar,total-fuel-consumed,Solar - Photovoltaic - Solar - Total Fuel Consumed
61371,Centaurus Solar - MA,PV,SUN,SUN,,N,2024,EIA923_Schedules_2_3_4_5_M_12_2024_Final.xlsx,NETGEN MAY,453,MAY,2024-05-01,Solar,Photovoltaic,Solar,generation,Solar - Photovoltaic - Solar - Generation
61371,Centaurus Solar - MA,PV,SUN,SUN,,N,2024,EIA923_Schedules_2_3_4_5_M_12_2024_Final.xlsx,ELEC MMBTU MAY,1546,MAY,2024-05-01,Solar,Photovoltaic,Solar,quantity-consumed-electricity,Solar - Photovoltaic - Solar - Quantity Consumed For Electricity
61371,Centaurus Solar - MA,PV,SUN,SUN,,N,2024,EIA923_Schedules_2_3_4_5_M_12_2024_Final.xlsx,TOT MMBTU MAY,1546,MAY,2024-05-01,Solar,Photovoltaic,Solar,total-fuel-consumed,Solar - Photovoltaic - Solar - Total Fuel Consumed
61371,Centaurus Solar - MA,PV,SUN,SUN,,N,2024,EIA923_Schedules_2_3_4_5_M_12_2024_Final.xlsx,TOT MMBTU JUN,1392,JUN,2024-06-01,Solar,Photovoltaic,Solar,total-fuel-consumed,Solar - Photovoltaic - Solar - Total Fuel Consumed
61371,Centaurus Solar - MA,PV,SUN,SUN,,N,2024,EIA923_Schedules_2_3_4_5_M_12_2024_Final.xlsx,NETGEN JUN,408,JUN,2024-06-01,Solar,Photovoltaic,Solar,generation,Solar - Photovoltaic - Solar - Generation
61371,Centaurus Solar - MA,PV,SUN,SUN,,N,2024,EIA923_Schedules_2_3_4_5_M_12_2024_Final.xlsx,ELEC MMBTU JUN,1392,JUN,2024-06-01,Solar,Photovoltaic,Solar,quantity-consumed-electricity,Solar - Photovoltaic - Solar - Quantity Consumed For Electricity
61371,Centaurus Solar - MA,PV,SUN,SUN,,N,2024,EIA923_Schedules_2_3_4_5_M_12_2024_Final.xlsx,NETGEN JUL,380,JUL,2024-07-01,Solar,Photovoltaic,Solar,generation,Solar - Photovoltaic - Solar - Generation
61371,Centaurus Solar - MA,PV,SUN,SUN,,N,2024,EIA923_Schedules_2_3_4_5_M_12_2024_Final.xlsx,TOT MMBTU JUL,1297,JUL,2024-07-01,Solar,Photovoltaic,Solar,total-fuel-consumed,Solar - Photovoltaic - Solar - Total Fuel Consumed
61371,Centaurus Solar - MA,PV,SUN,SUN,,N,2024,EIA923_Schedules_2_3_4_5_M_12_2024_Final.xlsx,ELEC MMBTU JUL,1297,JUL,2024-07-01,Solar,Photovoltaic,Solar,quantity-consumed-electricity,Solar - Photovoltaic - Solar - Quantity Consumed For Electricity
61371,Centaurus Solar - MA,PV,SUN,SUN,,N,2024,EIA923_Schedules_2_3_4_5_M_12_2024_Final.xlsx,TOT MMBTU AUG,1191,AUG,2024-08-01,Solar,Photovoltaic,Solar,total-fuel-consumed,Solar - Photovoltaic - Solar - Total Fuel Consumed
61371,Centaurus Solar - MA,PV,SUN,SUN,,N,2024,EIA923_Schedules_2_3_4_5_M_12_2024_Final.xlsx,ELEC MMBTU AUG,1191,AUG,2024-08-01,Solar,Photovoltaic,Solar,quantity-consumed-electricity,Solar - Photovoltaic - Solar - Quantity Consumed For Electricity
61371,Centaurus Solar - MA,PV,SUN,SUN,,N,2024,EIA923_Schedules_2_3_4_5_M_12_2024_Final.xlsx,NETGEN AUG,349,AUG,2024-08-01,Solar,Photovoltaic,Solar,generation,Solar - Photovoltaic - Solar - Generation
61371,Centaurus Solar - MA,PV,SUN,SUN,,N,2024,EIA923_Schedules_2_3_4_5_M_12_2024_Final.xlsx,NETGEN SEP,300,SEP,2024-09-01,Solar,Photovoltaic,Solar,generation,Solar - Photovoltaic - Solar - Generation
61371,Centaurus Solar - MA,PV,SUN,SUN,,N,2024,EIA923_Schedules_2_3_4_5_M_12_2024_Final.xlsx,TOT MMBTU SEP,1024,SEP,2024-09-01,Solar,Photovoltaic,Solar,total-fuel-consumed,Solar - Photovoltaic - Solar - Total Fuel Consumed
61371,Centaurus Solar - MA,PV,SUN,SUN,,N,2024,EIA923_Schedules_2_3_4_5_M_12_2024_Final.xlsx,ELEC MMBTU SEP,1024,SEP,2024-09-01,Solar,Photovoltaic,Solar,quantity-consumed-electricity,Solar - Photovoltaic - Solar - Quantity Consumed For Electricity
61371,Centaurus Solar - MA,PV,SUN,SUN,,N,2024,EIA923_Schedules_2_3_4_5_M_12_2024_Final.xlsx,ELEC MMBTU OCT,918,OCT,2024-10-01,Solar,Photovoltaic,Solar,quantity-consumed-electricity,Solar - Photovoltaic - Solar - Quantity Consumed For Electricity
61371,Centaurus Solar - MA,PV,SUN,SUN,,N,2024,EIA923_Schedules_2_3_4_5_M_12_2024_Final.xlsx,TOT MMBTU OCT,918,OCT,2024-10-01,Solar,Photovoltaic,Solar,total-fuel-consumed,Solar - Photovoltaic - Solar - Total Fuel Consumed
61371,Centaurus Solar - MA,PV,SUN,SUN,,N,2024,EIA923_Schedules_2_3_4_5_M_12_2024_Final.xlsx,NETGEN OCT,269,OCT,2024-10-01,Solar,Photovoltaic,Solar,generation,Solar - Photovoltaic - Solar - Generation
61371,Centaurus Solar - MA,PV,SUN,SUN,,N,2024,EIA923_Schedules_2_3_4_5_M_12_2024_Final.xlsx,ELEC MMBTU NOV,652,NOV,2024-11-01,Solar,Photovoltaic,Solar,quantity-consumed-electricity,Solar - Photovoltaic - Solar - Quantity Consumed For Electricity
61371,Centaurus Solar - MA,PV,SUN,SUN,,N,2024,EIA923_Schedules_2_3_4_5_M_12_2024_Final.xlsx,TOT MMBTU NOV,652,NOV,2024-11-01,Solar,Photovoltaic,Solar,total-fuel-consumed,Solar - Photovoltaic - Solar - Total Fuel Consumed
61371,Centaurus Solar - MA,PV,SUN,SUN,,N,2024,EIA923_Schedules_2_3_4_5_M_12_2024_Final.xlsx,NETGEN NOV,191,NOV,2024-11-01,Solar,Photovoltaic,Solar,generation,Solar - Photovoltaic - Solar - Generation
61371,Centaurus Solar - MA,PV,SUN,SUN,,N,2024,EIA923_Schedules_2_3_4_5_M_12_2024_Final.xlsx,NETGEN DEC,108,DEC,2024-12-01,Solar,Photovoltaic,Solar,generation,Solar - Photovoltaic - Solar - Generation
61371,Centaurus Solar - MA,PV,SUN,SUN,,N,2024,EIA923_Schedules_2_3_4_5_M_12_2024_Final.xlsx,ELEC MMBTU DEC,368,DEC,2024-12-01,Solar,Photovoltaic,Solar,quantity-consumed-electricity,Solar - Photovoltaic - Solar - Quantity Consumed For Electricity
61371,Centaurus Solar - MA,PV,SUN,SUN,,N,2024,EIA923_Schedules_2_3_4_5_M_12_2024_Final.xlsx,TOT MMBTU DEC,368,DEC,2024-12-01,Solar,Photovoltaic,Solar,total-fuel-consumed,Solar - Photovoltaic - Solar - Total Fuel Consumed
