PLANT ID,PLANT NAME,REPORTED PRIME MOVER,REPORTED FUEL TYPE CODE,MER FUEL TYPE CODE,NUCLEAR UNIT ID,COMBINED HEAT AND POWER PLANT,YEAR,file,variable,value,MONTH,period,energy_type,prime_mover_type,mer_type,common_name,sensor_name
62905,Day Four Solar LLC,PV,SUN,SUN,,N,2019,EIA923_Schedules_2_3_4_5_M_12_2019_Final_Revision.xlsx,ELEC MMBTU JAN,3964,JAN,2019-01-01,Solar,Photovoltaic,Solar,quantity-consumed-electricity,Solar - Photovoltaic - Solar - Quantity Consumed For Electricity
62905,Day Four Solar LLC,PV,SUN,SUN,,N,2019,EIA923_Schedules_2_3_4_5_M_12_2019_Final_Revision.xlsx,TOT MMBTU JAN,3964,JAN,2019-01-01,Solar,Photovoltaic,Solar,total-fuel-consumed,Solar - Photovoltaic - Solar - Total Fuel Consumed
62905,Day Four Solar LLC,PV,SUN,SUN,,N,2019,EIA923_Schedules_2_3_4_5_M_12_2019_Final_Revision.xlsx,NETGEN JAN,445.089,JAN,2019-01-01,Solar,Photovoltaic,Solar,generation,Solar - Photovoltaic - Solar - Generation
62905,Day Four Solar LLC,PV,SUN,SUN,,N,2019,EIA923_Schedules_2_3_4_5_M_12_2019_Final_Revision.xlsx,TOT MMBTU FEB,4743,FEB,2019-02-01,Solar,Photovoltaic,Solar,total-fuel-consumed,Solar - Photovoltaic - Solar - Total Fuel Consumed
62905,Day Four Solar LLC,PV,SUN,SUN,,N,2019,EIA923_Schedules_2_3_4_5_M_12_2019_Final_Revision.xlsx,ELEC MMBTU FEB,4743,FEB,2019-02-01,Solar,Photovoltaic,Solar,quantity-consumed-electricity,Solar - Photovoltaic - Solar - Quantity Consumed For Electricity
62905,Day Four Solar LLC,PV,SUN,SUN,,N,2019,EIA923_Schedules_2_3_4_5_M_12_2019_Final_Revision.xlsx,NETGEN FEB,532.675,FEB,2019-02-01,Solar,Photovoltaic,Solar,generation,Solar - Photovoltaic - Solar - Generation
62905,Day Four Solar LLC,PV,SUN,SUN,,N,2019,EIA923_Schedules_2_3_4_5_M_12_2019_Final_Revision.xlsx,ELEC MMBTU MAR,6685,MAR,2019-03-01,Solar,Photovoltaic,Solar,quantity-consumed-electricity,Solar - Photovoltaic - Solar - Quantity Consumed For Electricity
62905,Day Four Solar LLC,PV,SUN,SUN,,N,2019,EIA923_Schedules_2_3_4_5_M_12_2019_Final_Revision.xlsx,TOT MMBTU MAR,6685,MAR,2019-03-01,Solar,Photovoltaic,Solar,total-fuel-consumed,Solar - Photovoltaic - Solar - Total Fuel Consumed
62905,Day Four Solar LLC,PV,SUN,SUN,,N,2019,EIA923_Schedules_2_3_4_5_M_12_2019_Final_Revision.xlsx,NETGEN MAR,750.664,MAR,2019-03-01,Solar,Photovoltaic,Solar,generation,Solar - Photovoltaic - Solar - Generation
62905,Day Four Solar LLC,PV,SUN,SUN,,N,2019,EIA923_Schedules_2_3_4_5_M_12_2019_Final_Revision.xlsx,NETGEN APR,712.922,APR,2019-04-01,Solar,Photovoltaic,Solar,generation,Solar - Photovoltaic - Solar - Generation
62905,Day Four Solar LLC,PV,SUN,SUN,,N,2019,EIA923_Schedules_2_3_4_5_M_12_2019_Final_Revision.xlsx,TOT MMBTU APR,6349,APR,2019-04-01,Solar,Photovoltaic,Solar,total-fuel-consumed,Solar - Photovoltaic - Solar - Total Fuel Consumed
62905,Day Four Solar LLC,PV,SUN,SUN,,N,2019,EIA923_Schedules_2_3_4_5_M_12_2019_Final_Revision.xlsx,ELEC MMBTU APR,6349,APR,2019-04-01,Solar,Photovoltaic,Solar,quantity-consumed-electricity,Solar - Photovoltaic - Solar - Quantity Consumed For Electricity
62905,Day Four Solar LLC,PV,SUN,SUN,,N,2019,EIA923_Schedules_2_3_4_5_M_12_2019_Final_Revision.xlsx,NETGEN MAY,779.165,MAY,2019-05-01,Solar,Photovoltaic,Solar,generation,Solar - Photovoltaic - Solar - Generation
62905,Day Four Solar LLC,PV,SUN,SUN,,N,2019,EIA923_Schedules_2_3_4_5_M_12_2019_Final_Revision.xlsx,ELEC MMBTU MAY,6938,MAY,2019-05-01,Solar,Photovoltaic,Solar,quantity-consumed-electricity,Solar - Photovoltaic - Solar - Quantity Consumed For Electricity
62905,Day Four Solar LLC,PV,SUN,SUN,,N,2019,EIA923_Schedules_2_3_4_5_M_12_2019_Final_Revision.xlsx,TOT MMBTU MAY,6938,MAY,2019-05-01,Solar,Photovoltaic,Solar,total-fuel-consumed,Solar - Photovoltaic - Solar - Total Fuel Consumed
62905,Day Four Solar LLC,PV,SUN,SUN,,N,2019,EIA923_Schedules_2_3_4_5_M_12_2019_Final_Revision.xlsx,TOT MMBTU JUN,7563,JUN,2019-06-01,Solar,Photovoltaic,Solar,total-fuel-consumed,Solar - Photovoltaic - Solar - Total Fuel Consumed
62905,Day Four Solar LLC,PV,SUN,SUN,,N,2019,EIA923_Schedules_2_3_4_5_M_12_2019_Final_Revision.xlsx,ELEC MMBTU JUN,7563,JUN,2019-06-01,Solar,Photovoltaic,Solar,quantity-consumed-electricity,Solar - Photovoltaic - Solar - Quantity Consumed For Electricity
62905,Day Four Solar LLC,PV,SUN,SUN,,N,2019,EIA923_Schedules_2_3_4_5_M_12_2019_Final_Revision.xlsx,NETGEN JUN,849.312,JUN,2019-06-01,Solar,Photovoltaic,Solar,generation,Solar - Photovoltaic - Solar - Generation
62905,Day Four Solar LLC,PV,SUN,SUN,,N,2019,EIA923_Schedules_2_3_4_5_M_12_2019_Final_Revision.xlsx,NETGEN JUL,951.734,JUL,2019-07-01,Solar,Photovoltaic,Solar,generation,Solar - Photovoltaic - Solar - Generation
62905,Day Four Solar LLC,PV,SUN,SUN,,N,2019,EIA923_Schedules_2_3_4_5_M_12_2019_Final_Revision.xlsx,ELEC MMBTU JUL,8475,JUL,2019-07-01,Solar,Photovoltaic,Solar,quantity-consumed-electricity,Solar - Photovoltaic - Solar - Quantity Consumed For Electricity
62905,Day Four Solar LLC,PV,SUN,SUN,,N,2019,EIA923_Schedules_2_3_4_5_M_12_2019_Final_Revision.xlsx,TOT MMBTU JUL,8475,JUL,2019-07-01,Solar,Photovoltaic,Solar,total-fuel-consumed,Solar - Photovoltaic - Solar - Total Fuel Consumed
62905,Day Four Solar LLC,PV,SUN,SUN,,N,2019,EIA923_Schedules_2_3_4_5_M_12_2019_Final_Revision.xlsx,ELEC MMBTU AUG,7601,AUG,2019-08-01,Solar,Photovoltaic,Solar,quantity-consumed-electricity,Solar - Photovoltaic - Solar - Quantity Consumed For Electricity
62905,Day Four Solar LLC,PV,SUN,SUN,,N,2019,EIA923_Schedules_2_3_4_5_M_12_2019_Final_Revision.xlsx,TOT MMBTU AUG,7601,AUG,2019-08-01,Solar,Photovoltaic,Solar,total-fuel-consumed,Solar - Photovoltaic - Solar - Total Fuel Consumed
62905,Day Four Solar LLC,PV,SUN,SUN,,N,2019,EIA923_Schedules_2_3_4_5_M_12_2019_Final_Revision.xlsx,NETGEN AUG,853.607,AUG,2019-08-01,Solar,Photovoltaic,Solar,generation,Solar - Photovoltaic - Solar - Generation
62905,Day Four Solar LLC,PV,SUN,SUN,,N,2019,EIA923_Schedules_2_3_4_5_M_12_2019_Final_Revision.xlsx,ELEC MMBTU SEP,6512,SEP,2019-09-01,Solar,Photovoltaic,Solar,quantity-consumed-electricity,Solar - Photovoltaic - Solar - Quantity Consumed For Electricity
62905,Day Four Solar LLC,PV,SUN,SUN,,N,2019,EIA923_Schedules_2_3_4_5_M_12_2019_Final_Revision.xlsx,TOT MMBTU SEP,6512,SEP,2019-09-01,Solar,Photovoltaic,Solar,total-fuel-consumed,Solar - Photovoltaic - Solar - Total Fuel Consumed
62905,Day Four Solar LLC,PV,SUN,SUN,,N,2019,EIA923_Schedules_2_3_4_5_M_12_2019_Final_Revision.xlsx,NETGEN SEP,731.273,SEP,2019-09-01,Solar,Photovoltaic,Solar,generation,Solar - Photovoltaic - Solar - Generation
62905,Day Four Solar LLC,PV,SUN,SUN,,N,2019,EIA923_Schedules_2_3_4_5_M_12_2019_Final_Revision.xlsx,TOT MMBTU OCT,4669,OCT,2019-10-01,Solar,Photovoltaic,Solar,total-fuel-consumed,Solar - Photovoltaic - Solar - Total Fuel Consumed
62905,Day Four Solar LLC,PV,SUN,SUN,,N,2019,EIA923_Schedules_2_3_4_5_M_12_2019_Final_Revision.xlsx,ELEC MMBTU OCT,4669,OCT,2019-10-01,Solar,Photovoltaic,Solar,quantity-consumed-electricity,Solar - Photovoltaic - Solar - Quantity Consumed For Electricity
62905,Day Four Solar LLC,PV,SUN,SUN,,N,2019,EIA923_Schedules_2_3_4_5_M_12_2019_Final_Revision.xlsx,NETGEN OCT,524.345,OCT,2019-10-01,Solar,Photovoltaic,Solar,generation,Solar - Photovoltaic - Solar - Generation
62905,Day Four Solar LLC,PV,SUN,SUN,,N,2019,EIA923_Schedules_2_3_4_5_M_12_2019_Final_Revision.xlsx,ELEC MMBTU NOV,4475,NOV,2019-11-01,Solar,Photovoltaic,Solar,quantity-consumed-electricity,Solar - Photovoltaic - Solar - Quantity Consumed For Electricity
62905,Day Four Solar LLC,PV,SUN,SUN,,N,2019,EIA923_Schedules_2_3_4_5_M_12_2019_Final_Revision.xlsx,TOT MMBTU NOV,4475,NOV,2019-11-01,Solar,Photovoltaic,Solar,total-fuel-consumed,Solar - Photovoltaic - Solar - Total Fuel Consumed
62905,Day Four Solar LLC,PV,SUN,SUN,,N,2019,EIA923_Schedules_2_3_4_5_M_12_2019_Final_Revision.xlsx,NETGEN NOV,502.481,NOV,2019-11-01,Solar,Photovoltaic,Solar,generation,Solar - Photovoltaic - Solar - Generation
62905,Day Four Solar LLC,PV,SUN,SUN,,N,2019,EIA923_Schedules_2_3_4_5_M_12_2019_Final_Revision.xlsx,TOT MMBTU DEC,2785,DEC,2019-12-01,Solar,Photovoltaic,Solar,total-fuel-consumed,Solar - Photovoltaic - Solar - Total Fuel Consumed
62905,Day Four Solar LLC,PV,SUN,SUN,,N,2019,EIA923_Schedules_2_3_4_5_M_12_2019_Final_Revision.xlsx,ELEC MMBTU DEC,2785,DEC,2019-12-01,Solar,Photovoltaic,Solar,quantity-consumed-electricity,Solar - Photovoltaic - Solar - Quantity Consumed For Electricity
62905,Day Four Solar LLC,PV,SUN,SUN,,N,2019,EIA923_Schedules_2_3_4_5_M_12_2019_Final_Revision.xlsx,NETGEN DEC,312.733,DEC,2019-12-01,Solar,Photovoltaic,Solar,generation,Solar - Photovoltaic - Solar - Generation
62905,Day Four Solar LLC,PV,SUN,SUN,,N,2020,EIA923_Schedules_2_3_4_5_M_12_2020_Final_Revision.xlsx,NETGEN JAN,403.167,JAN,2020-01-01,Solar,Photovoltaic,Solar,generation,Solar - Photovoltaic - Solar - Generation
62905,Day Four Solar LLC,PV,SUN,SUN,,N,2020,EIA923_Schedules_2_3_4_5_M_12_2020_Final_Revision.xlsx,ELEC MMBTU JAN,3535,JAN,2020-01-01,Solar,Photovoltaic,Solar,quantity-consumed-electricity,Solar - Photovoltaic - Solar - Quantity Consumed For Electricity
62905,Day Four Solar LLC,PV,SUN,SUN,,N,2020,EIA923_Schedules_2_3_4_5_M_12_2020_Final_Revision.xlsx,TOT MMBTU JAN,3535,JAN,2020-01-01,Solar,Photovoltaic,Solar,total-fuel-consumed,Solar - Photovoltaic - Solar - Total Fuel Consumed
62905,Day Four Solar LLC,PV,SUN,SUN,,N,2020,EIA923_Schedules_2_3_4_5_M_12_2020_Final_Revision.xlsx,TOT MMBTU FEB,3971,FEB,2020-02-01,Solar,Photovoltaic,Solar,total-fuel-consumed,Solar - Photovoltaic - Solar - Total Fuel Consumed
62905,Day Four Solar LLC,PV,SUN,SUN,,N,2020,EIA923_Schedules_2_3_4_5_M_12_2020_Final_Revision.xlsx,NETGEN FEB,452.961,FEB,2020-02-01,Solar,Photovoltaic,Solar,generation,Solar - Photovoltaic - Solar - Generation
62905,Day Four Solar LLC,PV,SUN,SUN,,N,2020,EIA923_Schedules_2_3_4_5_M_12_2020_Final_Revision.xlsx,ELEC MMBTU FEB,3971,FEB,2020-02-01,Solar,Photovoltaic,Solar,quantity-consumed-electricity,Solar - Photovoltaic - Solar - Quantity Consumed For Electricity
62905,Day Four Solar LLC,PV,SUN,SUN,,N,2020,EIA923_Schedules_2_3_4_5_M_12_2020_Final_Revision.xlsx,NETGEN MAR,648.744,MAR,2020-03-01,Solar,Photovoltaic,Solar,generation,Solar - Photovoltaic - Solar - Generation
62905,Day Four Solar LLC,PV,SUN,SUN,,N,2020,EIA923_Schedules_2_3_4_5_M_12_2020_Final_Revision.xlsx,TOT MMBTU MAR,5688,MAR,2020-03-01,Solar,Photovoltaic,Solar,total-fuel-consumed,Solar - Photovoltaic - Solar - Total Fuel Consumed
62905,Day Four Solar LLC,PV,SUN,SUN,,N,2020,EIA923_Schedules_2_3_4_5_M_12_2020_Final_Revision.xlsx,ELEC MMBTU MAR,5688,MAR,2020-03-01,Solar,Photovoltaic,Solar,quantity-consumed-electricity,Solar - Photovoltaic - Solar - Quantity Consumed For Electricity
62905,Day Four Solar LLC,PV,SUN,SUN,,N,2020,EIA923_Schedules_2_3_4_5_M_12_2020_Final_Revision.xlsx,ELEC MMBTU APR,5914,APR,2020-04-01,Solar,Photovoltaic,Solar,quantity-consumed-electricity,Solar - Photovoltaic - Solar - Quantity Consumed For Electricity
62905,Day Four Solar LLC,PV,SUN,SUN,,N,2020,EIA923_Schedules_2_3_4_5_M_12_2020_Final_Revision.xlsx,NETGEN APR,674.622,APR,2020-04-01,Solar,Photovoltaic,Solar,generation,Solar - Photovoltaic - Solar - Generation
62905,Day Four Solar LLC,PV,SUN,SUN,,N,2020,EIA923_Schedules_2_3_4_5_M_12_2020_Final_Revision.xlsx,TOT MMBTU APR,5914,APR,2020-04-01,Solar,Photovoltaic,Solar,total-fuel-consumed,Solar - Photovoltaic - Solar - Total Fuel Consumed
62905,Day Four Solar LLC,PV,SUN,SUN,,N,2020,EIA923_Schedules_2_3_4_5_M_12_2020_Final_Revision.xlsx,NETGEN MAY,882.898,MAY,2020-05-01,Solar,Photovoltaic,Solar,generation,Solar - Photovoltaic - Solar - Generation
62905,Day Four Solar LLC,PV,SUN,SUN,,N,2020,EIA923_Schedules_2_3_4_5_M_12_2020_Final_Revision.xlsx,ELEC MMBTU MAY,7740,MAY,2020-05-01,Solar,Photovoltaic,Solar,quantity-consumed-electricity,Solar - Photovoltaic - Solar - Quantity Consumed For Electricity
62905,Day Four Solar LLC,PV,SUN,SUN,,N,2020,EIA923_Schedules_2_3_4_5_M_12_2020_Final_Revision.xlsx,TOT MMBTU MAY,7740,MAY,2020-05-01,Solar,Photovoltaic,Solar,total-fuel-consumed,Solar - Photovoltaic - Solar - Total Fuel Consumed
62905,Day Four Solar LLC,PV,SUN,SUN,,N,2020,EIA923_Schedules_2_3_4_5_M_12_2020_Final_Revision.xlsx,NETGEN JUN,926.802,JUN,2020-06-01,Solar,Photovoltaic,Solar,generation,Solar - Photovoltaic - Solar - Generation
62905,Day Four Solar LLC,PV,SUN,SUN,,N,2020,EIA923_Schedules_2_3_4_5_M_12_2020_Final_Revision.xlsx,ELEC MMBTU JUN,8125,JUN,2020-06-01,Solar,Photovoltaic,Solar,quantity-consumed-electricity,Solar - Photovoltaic - Solar - Quantity Consumed For Electricity
62905,Day Four Solar LLC,PV,SUN,SUN,,N,2020,EIA923_Schedules_2_3_4_5_M_12_2020_Final_Revision.xlsx,TOT MMBTU JUN,8125,JUN,2020-06-01,Solar,Photovoltaic,Solar,total-fuel-consumed,Solar - Photovoltaic - Solar - Total Fuel Consumed
62905,Day Four Solar LLC,PV,SUN,SUN,,N,2020,EIA923_Schedules_2_3_4_5_M_12_2020_Final_Revision.xlsx,TOT MMBTU JUL,7653,JUL,2020-07-01,Solar,Photovoltaic,Solar,total-fuel-consumed,Solar - Photovoltaic - Solar - Total Fuel Consumed
62905,Day Four Solar LLC,PV,SUN,SUN,,N,2020,EIA923_Schedules_2_3_4_5_M_12_2020_Final_Revision.xlsx,ELEC MMBTU JUL,7653,JUL,2020-07-01,Solar,Photovoltaic,Solar,quantity-consumed-electricity,Solar - Photovoltaic - Solar - Quantity Consumed For Electricity
62905,Day Four Solar LLC,PV,SUN,SUN,,N,2020,EIA923_Schedules_2_3_4_5_M_12_2020_Final_Revision.xlsx,NETGEN JUL,872.904,JUL,2020-07-01,Solar,Photovoltaic,Solar,generation,Solar - Photovoltaic - Solar - Generation
62905,Day Four Solar LLC,PV,SUN,SUN,,N,2020,EIA923_Schedules_2_3_4_5_M_12_2020_Final_Revision.xlsx,TOT MMBTU AUG,6612,AUG,2020-08-01,Solar,Photovoltaic,Solar,total-fuel-consumed,Solar - Photovoltaic - Solar - Total Fuel Consumed
62905,Day Four Solar LLC,PV,SUN,SUN,,N,2020,EIA923_Schedules_2_3_4_5_M_12_2020_Final_Revision.xlsx,NETGEN AUG,754.22,AUG,2020-08-01,Solar,Photovoltaic,Solar,generation,Solar - Photovoltaic - Solar - Generation
62905,Day Four Solar LLC,PV,SUN,SUN,,N,2020,EIA923_Schedules_2_3_4_5_M_12_2020_Final_Revision.xlsx,ELEC MMBTU AUG,6612,AUG,2020-08-01,Solar,Photovoltaic,Solar,quantity-consumed-electricity,Solar - Photovoltaic - Solar - Quantity Consumed For Electricity
62905,Day Four Solar LLC,PV,SUN,SUN,,N,2020,EIA923_Schedules_2_3_4_5_M_12_2020_Final_Revision.xlsx,NETGEN SEP,693.005,SEP,2020-09-01,Solar,Photovoltaic,Solar,generation,Solar - Photovoltaic - Solar - Generation
62905,Day Four Solar LLC,PV,SUN,SUN,,N,2020,EIA923_Schedules_2_3_4_5_M_12_2020_Final_Revision.xlsx,TOT MMBTU SEP,6076,SEP,2020-09-01,Solar,Photovoltaic,Solar,total-fuel-consumed,Solar - Photovoltaic - Solar - Total Fuel Consumed
62905,Day Four Solar LLC,PV,SUN,SUN,,N,2020,EIA923_Schedules_2_3_4_5_M_12_2020_Final_Revision.xlsx,ELEC MMBTU SEP,6076,SEP,2020-09-01,Solar,Photovoltaic,Solar,quantity-consumed-electricity,Solar - Photovoltaic - Solar - Quantity Consumed For Electricity
62905,Day Four Solar LLC,PV,SUN,SUN,,N,2020,EIA923_Schedules_2_3_4_5_M_12_2020_Final_Revision.xlsx,ELEC MMBTU OCT,4387,OCT,2020-10-01,Solar,Photovoltaic,Solar,quantity-consumed-electricity,Solar - Photovoltaic - Solar - Quantity Consumed For Electricity
62905,Day Four Solar LLC,PV,SUN,SUN,,N,2020,EIA923_Schedules_2_3_4_5_M_12_2020_Final_Revision.xlsx,TOT MMBTU OCT,4387,OCT,2020-10-01,Solar,Photovoltaic,Solar,total-fuel-consumed,Solar - Photovoltaic - Solar - Total Fuel Consumed
62905,Day Four Solar LLC,PV,SUN,SUN,,N,2020,EIA923_Schedules_2_3_4_5_M_12_2020_Final_Revision.xlsx,NETGEN OCT,500.434,OCT,2020-10-01,Solar,Photovoltaic,Solar,generation,Solar - Photovoltaic - Solar - Generation
62905,Day Four Solar LLC,PV,SUN,SUN,,N,2020,EIA923_Schedules_2_3_4_5_M_12_2020_Final_Revision.xlsx,ELEC MMBTU NOV,4026,NOV,2020-11-01,Solar,Photovoltaic,Solar,quantity-consumed-electricity,Solar - Photovoltaic - Solar - Quantity Consumed For Electricity
62905,Day Four Solar LLC,PV,SUN,SUN,,N,2020,EIA923_Schedules_2_3_4_5_M_12_2020_Final_Revision.xlsx,TOT MMBTU NOV,4026,NOV,2020-11-01,Solar,Photovoltaic,Solar,total-fuel-consumed,Solar - Photovoltaic - Solar - Total Fuel Consumed
62905,Day Four Solar LLC,PV,SUN,SUN,,N,2020,EIA923_Schedules_2_3_4_5_M_12_2020_Final_Revision.xlsx,NETGEN NOV,459.207,NOV,2020-11-01,Solar,Photovoltaic,Solar,generation,Solar - Photovoltaic - Solar - Generation
62905,Day Four Solar LLC,PV,SUN,SUN,,N,2020,EIA923_Schedules_2_3_4_5_M_12_2020_Final_Revision.xlsx,NETGEN DEC,318.036,DEC,2020-12-01,Solar,Photovoltaic,Solar,generation,Solar - Photovoltaic - Solar - Generation
62905,Day Four Solar LLC,PV,SUN,SUN,,N,2020,EIA923_Schedules_2_3_4_5_M_12_2020_Final_Revision.xlsx,ELEC MMBTU DEC,2788,DEC,2020-12-01,Solar,Photovoltaic,Solar,quantity-consumed-electricity,Solar - Photovoltaic - Solar - Quantity Consumed For Electricity
62905,Day Four Solar LLC,PV,SUN,SUN,,N,2020,EIA923_Schedules_2_3_4_5_M_12_2020_Final_Revision.xlsx,TOT MMBTU DEC,2788,DEC,2020-12-01,Solar,Photovoltaic,Solar,total-fuel-consumed,Solar - Photovoltaic - Solar - Total Fuel Consumed
62905,Day Four Solar LLC,PV,SUN,SUN,,N,2021,EIA923_Schedules_2_3_4_5_M_12_2021_Final_Revision.xlsx,ELEC MMBTU JAN,3626,JAN,2021-01-01,Solar,Photovoltaic,Solar,quantity-consumed-electricity,Solar - Photovoltaic - Solar - Quantity Consumed For Electricity
62905,Day Four Solar LLC,PV,SUN,SUN,,N,2021,EIA923_Schedules_2_3_4_5_M_12_2021_Final_Revision.xlsx,NETGEN JAN,410.021,JAN,2021-01-01,Solar,Photovoltaic,Solar,generation,Solar - Photovoltaic - Solar - Generation
62905,Day Four Solar LLC,PV,SUN,SUN,,N,2021,EIA923_Schedules_2_3_4_5_M_12_2021_Final_Revision.xlsx,TOT MMBTU JAN,3626,JAN,2021-01-01,Solar,Photovoltaic,Solar,total-fuel-consumed,Solar - Photovoltaic - Solar - Total Fuel Consumed
62905,Day Four Solar LLC,PV,SUN,SUN,,N,2021,EIA923_Schedules_2_3_4_5_M_12_2021_Final_Revision.xlsx,TOT MMBTU FEB,2159,FEB,2021-02-01,Solar,Photovoltaic,Solar,total-fuel-consumed,Solar - Photovoltaic - Solar - Total Fuel Consumed
62905,Day Four Solar LLC,PV,SUN,SUN,,N,2021,EIA923_Schedules_2_3_4_5_M_12_2021_Final_Revision.xlsx,ELEC MMBTU FEB,2159,FEB,2021-02-01,Solar,Photovoltaic,Solar,quantity-consumed-electricity,Solar - Photovoltaic - Solar - Quantity Consumed For Electricity
62905,Day Four Solar LLC,PV,SUN,SUN,,N,2021,EIA923_Schedules_2_3_4_5_M_12_2021_Final_Revision.xlsx,NETGEN FEB,244.171,FEB,2021-02-01,Solar,Photovoltaic,Solar,generation,Solar - Photovoltaic - Solar - Generation
62905,Day Four Solar LLC,PV,SUN,SUN,,N,2021,EIA923_Schedules_2_3_4_5_M_12_2021_Final_Revision.xlsx,ELEC MMBTU MAR,7081,MAR,2021-03-01,Solar,Photovoltaic,Solar,quantity-consumed-electricity,Solar - Photovoltaic - Solar - Quantity Consumed For Electricity
62905,Day Four Solar LLC,PV,SUN,SUN,,N,2021,EIA923_Schedules_2_3_4_5_M_12_2021_Final_Revision.xlsx,NETGEN MAR,800.607,MAR,2021-03-01,Solar,Photovoltaic,Solar,generation,Solar - Photovoltaic - Solar - Generation
62905,Day Four Solar LLC,PV,SUN,SUN,,N,2021,EIA923_Schedules_2_3_4_5_M_12_2021_Final_Revision.xlsx,TOT MMBTU MAR,7081,MAR,2021-03-01,Solar,Photovoltaic,Solar,total-fuel-consumed,Solar - Photovoltaic - Solar - Total Fuel Consumed
62905,Day Four Solar LLC,PV,SUN,SUN,,N,2021,EIA923_Schedules_2_3_4_5_M_12_2021_Final_Revision.xlsx,ELEC MMBTU APR,6982,APR,2021-04-01,Solar,Photovoltaic,Solar,quantity-consumed-electricity,Solar - Photovoltaic - Solar - Quantity Consumed For Electricity
62905,Day Four Solar LLC,PV,SUN,SUN,,N,2021,EIA923_Schedules_2_3_4_5_M_12_2021_Final_Revision.xlsx,TOT MMBTU APR,6982,APR,2021-04-01,Solar,Photovoltaic,Solar,total-fuel-consumed,Solar - Photovoltaic - Solar - Total Fuel Consumed
62905,Day Four Solar LLC,PV,SUN,SUN,,N,2021,EIA923_Schedules_2_3_4_5_M_12_2021_Final_Revision.xlsx,NETGEN APR,789.474,APR,2021-04-01,Solar,Photovoltaic,Solar,generation,Solar - Photovoltaic - Solar - Generation
62905,Day Four Solar LLC,PV,SUN,SUN,,N,2021,EIA923_Schedules_2_3_4_5_M_12_2021_Final_Revision.xlsx,TOT MMBTU MAY,7898,MAY,2021-05-01,Solar,Photovoltaic,Solar,total-fuel-consumed,Solar - Photovoltaic - Solar - Total Fuel Consumed
62905,Day Four Solar LLC,PV,SUN,SUN,,N,2021,EIA923_Schedules_2_3_4_5_M_12_2021_Final_Revision.xlsx,NETGEN MAY,893.006,MAY,2021-05-01,Solar,Photovoltaic,Solar,generation,Solar - Photovoltaic - Solar - Generation
62905,Day Four Solar LLC,PV,SUN,SUN,,N,2021,EIA923_Schedules_2_3_4_5_M_12_2021_Final_Revision.xlsx,ELEC MMBTU MAY,7898,MAY,2021-05-01,Solar,Photovoltaic,Solar,quantity-consumed-electricity,Solar - Photovoltaic - Solar - Quantity Consumed For Electricity
62905,Day Four Solar LLC,PV,SUN,SUN,,N,2021,EIA923_Schedules_2_3_4_5_M_12_2021_Final_Revision.xlsx,TOT MMBTU JUN,7865,JUN,2021-06-01,Solar,Photovoltaic,Solar,total-fuel-consumed,Solar - Photovoltaic - Solar - Total Fuel Consumed
62905,Day Four Solar LLC,PV,SUN,SUN,,N,2021,EIA923_Schedules_2_3_4_5_M_12_2021_Final_Revision.xlsx,ELEC MMBTU JUN,7865,JUN,2021-06-01,Solar,Photovoltaic,Solar,quantity-consumed-electricity,Solar - Photovoltaic - Solar - Quantity Consumed For Electricity
62905,Day Four Solar LLC,PV,SUN,SUN,,N,2021,EIA923_Schedules_2_3_4_5_M_12_2021_Final_Revision.xlsx,NETGEN JUN,889.295,JUN,2021-06-01,Solar,Photovoltaic,Solar,generation,Solar - Photovoltaic - Solar - Generation
62905,Day Four Solar LLC,PV,SUN,SUN,,N,2021,EIA923_Schedules_2_3_4_5_M_12_2021_Final_Revision.xlsx,TOT MMBTU JUL,7556,JUL,2021-07-01,Solar,Photovoltaic,Solar,total-fuel-consumed,Solar - Photovoltaic - Solar - Total Fuel Consumed
62905,Day Four Solar LLC,PV,SUN,SUN,,N,2021,EIA923_Schedules_2_3_4_5_M_12_2021_Final_Revision.xlsx,NETGEN JUL,854.413,JUL,2021-07-01,Solar,Photovoltaic,Solar,generation,Solar - Photovoltaic - Solar - Generation
62905,Day Four Solar LLC,PV,SUN,SUN,,N,2021,EIA923_Schedules_2_3_4_5_M_12_2021_Final_Revision.xlsx,ELEC MMBTU JUL,7556,JUL,2021-07-01,Solar,Photovoltaic,Solar,quantity-consumed-electricity,Solar - Photovoltaic - Solar - Quantity Consumed For Electricity
62905,Day Four Solar LLC,PV,SUN,SUN,,N,2021,EIA923_Schedules_2_3_4_5_M_12_2021_Final_Revision.xlsx,ELEC MMBTU AUG,6610,AUG,2021-08-01,Solar,Photovoltaic,Solar,quantity-consumed-electricity,Solar - Photovoltaic - Solar - Quantity Consumed For Electricity
62905,Day Four Solar LLC,PV,SUN,SUN,,N,2021,EIA923_Schedules_2_3_4_5_M_12_2021_Final_Revision.xlsx,NETGEN AUG,747.357,AUG,2021-08-01,Solar,Photovoltaic,Solar,generation,Solar - Photovoltaic - Solar - Generation
62905,Day Four Solar LLC,PV,SUN,SUN,,N,2021,EIA923_Schedules_2_3_4_5_M_12_2021_Final_Revision.xlsx,TOT MMBTU AUG,6610,AUG,2021-08-01,Solar,Photovoltaic,Solar,total-fuel-consumed,Solar - Photovoltaic - Solar - Total Fuel Consumed
62905,Day Four Solar LLC,PV,SUN,SUN,,N,2021,EIA923_Schedules_2_3_4_5_M_12_2021_Final_Revision.xlsx,TOT MMBTU SEP,5971,SEP,2021-09-01,Solar,Photovoltaic,Solar,total-fuel-consumed,Solar - Photovoltaic - Solar - Total Fuel Consumed
62905,Day Four Solar LLC,PV,SUN,SUN,,N,2021,EIA923_Schedules_2_3_4_5_M_12_2021_Final_Revision.xlsx,ELEC MMBTU SEP,5971,SEP,2021-09-01,Solar,Photovoltaic,Solar,quantity-consumed-electricity,Solar - Photovoltaic - Solar - Quantity Consumed For Electricity
62905,Day Four Solar LLC,PV,SUN,SUN,,N,2021,EIA923_Schedules_2_3_4_5_M_12_2021_Final_Revision.xlsx,NETGEN SEP,675.181,SEP,2021-09-01,Solar,Photovoltaic,Solar,generation,Solar - Photovoltaic - Solar - Generation
62905,Day Four Solar LLC,PV,SUN,SUN,,N,2021,EIA923_Schedules_2_3_4_5_M_12_2021_Final_Revision.xlsx,TOT MMBTU OCT,4785,OCT,2021-10-01,Solar,Photovoltaic,Solar,total-fuel-consumed,Solar - Photovoltaic - Solar - Total Fuel Consumed
62905,Day Four Solar LLC,PV,SUN,SUN,,N,2021,EIA923_Schedules_2_3_4_5_M_12_2021_Final_Revision.xlsx,ELEC MMBTU OCT,4785,OCT,2021-10-01,Solar,Photovoltaic,Solar,quantity-consumed-electricity,Solar - Photovoltaic - Solar - Quantity Consumed For Electricity
62905,Day Four Solar LLC,PV,SUN,SUN,,N,2021,EIA923_Schedules_2_3_4_5_M_12_2021_Final_Revision.xlsx,NETGEN OCT,541.036,OCT,2021-10-01,Solar,Photovoltaic,Solar,generation,Solar - Photovoltaic - Solar - Generation
62905,Day Four Solar LLC,PV,SUN,SUN,,N,2021,EIA923_Schedules_2_3_4_5_M_12_2021_Final_Revision.xlsx,NETGEN NOV,467.747,NOV,2021-11-01,Solar,Photovoltaic,Solar,generation,Solar - Photovoltaic - Solar - Generation
62905,Day Four Solar LLC,PV,SUN,SUN,,N,2021,EIA923_Schedules_2_3_4_5_M_12_2021_Final_Revision.xlsx,ELEC MMBTU NOV,4137,NOV,2021-11-01,Solar,Photovoltaic,Solar,quantity-consumed-electricity,Solar - Photovoltaic - Solar - Quantity Consumed For Electricity
62905,Day Four Solar LLC,PV,SUN,SUN,,N,2021,EIA923_Schedules_2_3_4_5_M_12_2021_Final_Revision.xlsx,TOT MMBTU NOV,4137,NOV,2021-11-01,Solar,Photovoltaic,Solar,total-fuel-consumed,Solar - Photovoltaic - Solar - Total Fuel Consumed
62905,Day Four Solar LLC,PV,SUN,SUN,,N,2021,EIA923_Schedules_2_3_4_5_M_12_2021_Final_Revision.xlsx,ELEC MMBTU DEC,3712,DEC,2021-12-01,Solar,Photovoltaic,Solar,quantity-consumed-electricity,Solar - Photovoltaic - Solar - Quantity Consumed For Electricity
62905,Day Four Solar LLC,PV,SUN,SUN,,N,2021,EIA923_Schedules_2_3_4_5_M_12_2021_Final_Revision.xlsx,TOT MMBTU DEC,3712,DEC,2021-12-01,Solar,Photovoltaic,Solar,total-fuel-consumed,Solar - Photovoltaic - Solar - Total Fuel Consumed
62905,Day Four Solar LLC,PV,SUN,SUN,,N,2021,EIA923_Schedules_2_3_4_5_M_12_2021_Final_Revision.xlsx,NETGEN DEC,419.692,DEC,2021-12-01,Solar,Photovoltaic,Solar,generation,Solar - Photovoltaic - Solar - Generation
62905,Day Four Solar LLC,PV,SUN,SUN,,N,2022,EIA923_Schedules_2_3_4_5_M_12_2022_Final_Revision.xlsx,TOT MMBTU JAN,1412,JAN,2022-01-01,Solar,Photovoltaic,Solar,total-fuel-consumed,Solar - Photovoltaic - Solar - Total Fuel Consumed
62905,Day Four Solar LLC,PV,SUN,SUN,,N,2022,EIA923_Schedules_2_3_4_5_M_12_2022_Final_Revision.xlsx,ELEC MMBTU JAN,1412,JAN,2022-01-01,Solar,Photovoltaic,Solar,quantity-consumed-electricity,Solar - Photovoltaic - Solar - Quantity Consumed For Electricity
62905,Day Four Solar LLC,PV,SUN,SUN,,N,2022,EIA923_Schedules_2_3_4_5_M_12_2022_Final_Revision.xlsx,NETGEN JAN,413.727,JAN,2022-01-01,Solar,Photovoltaic,Solar,generation,Solar - Photovoltaic - Solar - Generation
62905,Day Four Solar LLC,PV,SUN,SUN,,N,2022,EIA923_Schedules_2_3_4_5_M_12_2022_Final_Revision.xlsx,TOT MMBTU FEB,1723,FEB,2022-02-01,Solar,Photovoltaic,Solar,total-fuel-consumed,Solar - Photovoltaic - Solar - Total Fuel Consumed
62905,Day Four Solar LLC,PV,SUN,SUN,,N,2022,EIA923_Schedules_2_3_4_5_M_12_2022_Final_Revision.xlsx,NETGEN FEB,505.057,FEB,2022-02-01,Solar,Photovoltaic,Solar,generation,Solar - Photovoltaic - Solar - Generation
62905,Day Four Solar LLC,PV,SUN,SUN,,N,2022,EIA923_Schedules_2_3_4_5_M_12_2022_Final_Revision.xlsx,ELEC MMBTU FEB,1723,FEB,2022-02-01,Solar,Photovoltaic,Solar,quantity-consumed-electricity,Solar - Photovoltaic - Solar - Quantity Consumed For Electricity
62905,Day Four Solar LLC,PV,SUN,SUN,,N,2022,EIA923_Schedules_2_3_4_5_M_12_2022_Final_Revision.xlsx,TOT MMBTU MAR,2308,MAR,2022-03-01,Solar,Photovoltaic,Solar,total-fuel-consumed,Solar - Photovoltaic - Solar - Total Fuel Consumed
62905,Day Four Solar LLC,PV,SUN,SUN,,N,2022,EIA923_Schedules_2_3_4_5_M_12_2022_Final_Revision.xlsx,ELEC MMBTU MAR,2308,MAR,2022-03-01,Solar,Photovoltaic,Solar,quantity-consumed-electricity,Solar - Photovoltaic - Solar - Quantity Consumed For Electricity
62905,Day Four Solar LLC,PV,SUN,SUN,,N,2022,EIA923_Schedules_2_3_4_5_M_12_2022_Final_Revision.xlsx,NETGEN MAR,676.488,MAR,2022-03-01,Solar,Photovoltaic,Solar,generation,Solar - Photovoltaic - Solar - Generation
62905,Day Four Solar LLC,PV,SUN,SUN,,N,2022,EIA923_Schedules_2_3_4_5_M_12_2022_Final_Revision.xlsx,ELEC MMBTU APR,2732,APR,2022-04-01,Solar,Photovoltaic,Solar,quantity-consumed-electricity,Solar - Photovoltaic - Solar - Quantity Consumed For Electricity
62905,Day Four Solar LLC,PV,SUN,SUN,,N,2022,EIA923_Schedules_2_3_4_5_M_12_2022_Final_Revision.xlsx,TOT MMBTU APR,2732,APR,2022-04-01,Solar,Photovoltaic,Solar,total-fuel-consumed,Solar - Photovoltaic - Solar - Total Fuel Consumed
62905,Day Four Solar LLC,PV,SUN,SUN,,N,2022,EIA923_Schedules_2_3_4_5_M_12_2022_Final_Revision.xlsx,NETGEN APR,800.589,APR,2022-04-01,Solar,Photovoltaic,Solar,generation,Solar - Photovoltaic - Solar - Generation
62905,Day Four Solar LLC,PV,SUN,SUN,,N,2022,EIA923_Schedules_2_3_4_5_M_12_2022_Final_Revision.xlsx,TOT MMBTU MAY,2802,MAY,2022-05-01,Solar,Photovoltaic,Solar,total-fuel-consumed,Solar - Photovoltaic - Solar - Total Fuel Consumed
62905,Day Four Solar LLC,PV,SUN,SUN,,N,2022,EIA923_Schedules_2_3_4_5_M_12_2022_Final_Revision.xlsx,ELEC MMBTU MAY,2802,MAY,2022-05-01,Solar,Photovoltaic,Solar,quantity-consumed-electricity,Solar - Photovoltaic - Solar - Quantity Consumed For Electricity
62905,Day Four Solar LLC,PV,SUN,SUN,,N,2022,EIA923_Schedules_2_3_4_5_M_12_2022_Final_Revision.xlsx,NETGEN MAY,821.342,MAY,2022-05-01,Solar,Photovoltaic,Solar,generation,Solar - Photovoltaic - Solar - Generation
62905,Day Four Solar LLC,PV,SUN,SUN,,N,2022,EIA923_Schedules_2_3_4_5_M_12_2022_Final_Revision.xlsx,NETGEN JUN,851.162,JUN,2022-06-01,Solar,Photovoltaic,Solar,generation,Solar - Photovoltaic - Solar - Generation
62905,Day Four Solar LLC,PV,SUN,SUN,,N,2022,EIA923_Schedules_2_3_4_5_M_12_2022_Final_Revision.xlsx,ELEC MMBTU JUN,2904,JUN,2022-06-01,Solar,Photovoltaic,Solar,quantity-consumed-electricity,Solar - Photovoltaic - Solar - Quantity Consumed For Electricity
62905,Day Four Solar LLC,PV,SUN,SUN,,N,2022,EIA923_Schedules_2_3_4_5_M_12_2022_Final_Revision.xlsx,TOT MMBTU JUN,2904,JUN,2022-06-01,Solar,Photovoltaic,Solar,total-fuel-consumed,Solar - Photovoltaic - Solar - Total Fuel Consumed
62905,Day Four Solar LLC,PV,SUN,SUN,,N,2022,EIA923_Schedules_2_3_4_5_M_12_2022_Final_Revision.xlsx,ELEC MMBTU JUL,2955,JUL,2022-07-01,Solar,Photovoltaic,Solar,quantity-consumed-electricity,Solar - Photovoltaic - Solar - Quantity Consumed For Electricity
62905,Day Four Solar LLC,PV,SUN,SUN,,N,2022,EIA923_Schedules_2_3_4_5_M_12_2022_Final_Revision.xlsx,TOT MMBTU JUL,2955,JUL,2022-07-01,Solar,Photovoltaic,Solar,total-fuel-consumed,Solar - Photovoltaic - Solar - Total Fuel Consumed
62905,Day Four Solar LLC,PV,SUN,SUN,,N,2022,EIA923_Schedules_2_3_4_5_M_12_2022_Final_Revision.xlsx,NETGEN JUL,865.926,JUL,2022-07-01,Solar,Photovoltaic,Solar,generation,Solar - Photovoltaic - Solar - Generation
62905,Day Four Solar LLC,PV,SUN,SUN,,N,2022,EIA923_Schedules_2_3_4_5_M_12_2022_Final_Revision.xlsx,ELEC MMBTU AUG,3028,AUG,2022-08-01,Solar,Photovoltaic,Solar,quantity-consumed-electricity,Solar - Photovoltaic - Solar - Quantity Consumed For Electricity
62905,Day Four Solar LLC,PV,SUN,SUN,,N,2022,EIA923_Schedules_2_3_4_5_M_12_2022_Final_Revision.xlsx,NETGEN AUG,887.386,AUG,2022-08-01,Solar,Photovoltaic,Solar,generation,Solar - Photovoltaic - Solar - Generation
62905,Day Four Solar LLC,PV,SUN,SUN,,N,2022,EIA923_Schedules_2_3_4_5_M_12_2022_Final_Revision.xlsx,TOT MMBTU AUG,3028,AUG,2022-08-01,Solar,Photovoltaic,Solar,total-fuel-consumed,Solar - Photovoltaic - Solar - Total Fuel Consumed
62905,Day Four Solar LLC,PV,SUN,SUN,,N,2022,EIA923_Schedules_2_3_4_5_M_12_2022_Final_Revision.xlsx,TOT MMBTU SEP,2532,SEP,2022-09-01,Solar,Photovoltaic,Solar,total-fuel-consumed,Solar - Photovoltaic - Solar - Total Fuel Consumed
62905,Day Four Solar LLC,PV,SUN,SUN,,N,2022,EIA923_Schedules_2_3_4_5_M_12_2022_Final_Revision.xlsx,NETGEN SEP,742.198,SEP,2022-09-01,Solar,Photovoltaic,Solar,generation,Solar - Photovoltaic - Solar - Generation
62905,Day Four Solar LLC,PV,SUN,SUN,,N,2022,EIA923_Schedules_2_3_4_5_M_12_2022_Final_Revision.xlsx,ELEC MMBTU SEP,2532,SEP,2022-09-01,Solar,Photovoltaic,Solar,quantity-consumed-electricity,Solar - Photovoltaic - Solar - Quantity Consumed For Electricity
62905,Day Four Solar LLC,PV,SUN,SUN,,N,2022,EIA923_Schedules_2_3_4_5_M_12_2022_Final_Revision.xlsx,TOT MMBTU OCT,2098,OCT,2022-10-01,Solar,Photovoltaic,Solar,total-fuel-consumed,Solar - Photovoltaic - Solar - Total Fuel Consumed
62905,Day Four Solar LLC,PV,SUN,SUN,,N,2022,EIA923_Schedules_2_3_4_5_M_12_2022_Final_Revision.xlsx,NETGEN OCT,614.853,OCT,2022-10-01,Solar,Photovoltaic,Solar,generation,Solar - Photovoltaic - Solar - Generation
62905,Day Four Solar LLC,PV,SUN,SUN,,N,2022,EIA923_Schedules_2_3_4_5_M_12_2022_Final_Revision.xlsx,ELEC MMBTU OCT,2098,OCT,2022-10-01,Solar,Photovoltaic,Solar,quantity-consumed-electricity,Solar - Photovoltaic - Solar - Quantity Consumed For Electricity
62905,Day Four Solar LLC,PV,SUN,SUN,,N,2022,EIA923_Schedules_2_3_4_5_M_12_2022_Final_Revision.xlsx,ELEC MMBTU NOV,1668,NOV,2022-11-01,Solar,Photovoltaic,Solar,quantity-consumed-electricity,Solar - Photovoltaic - Solar - Quantity Consumed For Electricity
62905,Day Four Solar LLC,PV,SUN,SUN,,N,2022,EIA923_Schedules_2_3_4_5_M_12_2022_Final_Revision.xlsx,TOT MMBTU NOV,1668,NOV,2022-11-01,Solar,Photovoltaic,Solar,total-fuel-consumed,Solar - Photovoltaic - Solar - Total Fuel Consumed
62905,Day Four Solar LLC,PV,SUN,SUN,,N,2022,EIA923_Schedules_2_3_4_5_M_12_2022_Final_Revision.xlsx,NETGEN NOV,488.838,NOV,2022-11-01,Solar,Photovoltaic,Solar,generation,Solar - Photovoltaic - Solar - Generation
62905,Day Four Solar LLC,PV,SUN,SUN,,N,2022,EIA923_Schedules_2_3_4_5_M_12_2022_Final_Revision.xlsx,TOT MMBTU DEC,1264,DEC,2022-12-01,Solar,Photovoltaic,Solar,total-fuel-consumed,Solar - Photovoltaic - Solar - Total Fuel Consumed
62905,Day Four Solar LLC,PV,SUN,SUN,,N,2022,EIA923_Schedules_2_3_4_5_M_12_2022_Final_Revision.xlsx,NETGEN DEC,370.434,DEC,2022-12-01,Solar,Photovoltaic,Solar,generation,Solar - Photovoltaic - Solar - Generation
62905,Day Four Solar LLC,PV,SUN,SUN,,N,2022,EIA923_Schedules_2_3_4_5_M_12_2022_Final_Revision.xlsx,ELEC MMBTU DEC,1264,DEC,2022-12-01,Solar,Photovoltaic,Solar,quantity-consumed-electricity,Solar - Photovoltaic - Solar - Quantity Consumed For Electricity
62905,Day Four Solar LLC,PV,SUN,SUN,,N,2023,EIA923_Schedules_2_3_4_5_M_12_2023_Final_Revision.xlsx,NETGEN JAN,287,JAN,2023-01-01,Solar,Photovoltaic,Solar,generation,Solar - Photovoltaic - Solar - Generation
62905,Day Four Solar LLC,PV,SUN,SUN,,N,2023,EIA923_Schedules_2_3_4_5_M_12_2023_Final_Revision.xlsx,TOT MMBTU JAN,979,JAN,2023-01-01,Solar,Photovoltaic,Solar,total-fuel-consumed,Solar - Photovoltaic - Solar - Total Fuel Consumed
62905,Day Four Solar LLC,PV,SUN,SUN,,N,2023,EIA923_Schedules_2_3_4_5_M_12_2023_Final_Revision.xlsx,ELEC MMBTU JAN,979,JAN,2023-01-01,Solar,Photovoltaic,Solar,quantity-consumed-electricity,Solar - Photovoltaic - Solar - Quantity Consumed For Electricity
62905,Day Four Solar LLC,PV,SUN,SUN,,N,2023,EIA923_Schedules_2_3_4_5_M_12_2023_Final_Revision.xlsx,ELEC MMBTU FEB,1648,FEB,2023-02-01,Solar,Photovoltaic,Solar,quantity-consumed-electricity,Solar - Photovoltaic - Solar - Quantity Consumed For Electricity
62905,Day Four Solar LLC,PV,SUN,SUN,,N,2023,EIA923_Schedules_2_3_4_5_M_12_2023_Final_Revision.xlsx,NETGEN FEB,483,FEB,2023-02-01,Solar,Photovoltaic,Solar,generation,Solar - Photovoltaic - Solar - Generation
62905,Day Four Solar LLC,PV,SUN,SUN,,N,2023,EIA923_Schedules_2_3_4_5_M_12_2023_Final_Revision.xlsx,TOT MMBTU FEB,1648,FEB,2023-02-01,Solar,Photovoltaic,Solar,total-fuel-consumed,Solar - Photovoltaic - Solar - Total Fuel Consumed
62905,Day Four Solar LLC,PV,SUN,SUN,,N,2023,EIA923_Schedules_2_3_4_5_M_12_2023_Final_Revision.xlsx,ELEC MMBTU MAR,2231,MAR,2023-03-01,Solar,Photovoltaic,Solar,quantity-consumed-electricity,Solar - Photovoltaic - Solar - Quantity Consumed For Electricity
62905,Day Four Solar LLC,PV,SUN,SUN,,N,2023,EIA923_Schedules_2_3_4_5_M_12_2023_Final_Revision.xlsx,NETGEN MAR,654,MAR,2023-03-01,Solar,Photovoltaic,Solar,generation,Solar - Photovoltaic - Solar - Generation
62905,Day Four Solar LLC,PV,SUN,SUN,,N,2023,EIA923_Schedules_2_3_4_5_M_12_2023_Final_Revision.xlsx,TOT MMBTU MAR,2231,MAR,2023-03-01,Solar,Photovoltaic,Solar,total-fuel-consumed,Solar - Photovoltaic - Solar - Total Fuel Consumed
62905,Day Four Solar LLC,PV,SUN,SUN,,N,2023,EIA923_Schedules_2_3_4_5_M_12_2023_Final_Revision.xlsx,NETGEN APR,748,APR,2023-04-01,Solar,Photovoltaic,Solar,generation,Solar - Photovoltaic - Solar - Generation
62905,Day Four Solar LLC,PV,SUN,SUN,,N,2023,EIA923_Schedules_2_3_4_5_M_12_2023_Final_Revision.xlsx,TOT MMBTU APR,2552,APR,2023-04-01,Solar,Photovoltaic,Solar,total-fuel-consumed,Solar - Photovoltaic - Solar - Total Fuel Consumed
62905,Day Four Solar LLC,PV,SUN,SUN,,N,2023,EIA923_Schedules_2_3_4_5_M_12_2023_Final_Revision.xlsx,ELEC MMBTU APR,2552,APR,2023-04-01,Solar,Photovoltaic,Solar,quantity-consumed-electricity,Solar - Photovoltaic - Solar - Quantity Consumed For Electricity
62905,Day Four Solar LLC,PV,SUN,SUN,,N,2023,EIA923_Schedules_2_3_4_5_M_12_2023_Final_Revision.xlsx,ELEC MMBTU MAY,3252,MAY,2023-05-01,Solar,Photovoltaic,Solar,quantity-consumed-electricity,Solar - Photovoltaic - Solar - Quantity Consumed For Electricity
62905,Day Four Solar LLC,PV,SUN,SUN,,N,2023,EIA923_Schedules_2_3_4_5_M_12_2023_Final_Revision.xlsx,TOT MMBTU MAY,3252,MAY,2023-05-01,Solar,Photovoltaic,Solar,total-fuel-consumed,Solar - Photovoltaic - Solar - Total Fuel Consumed
62905,Day Four Solar LLC,PV,SUN,SUN,,N,2023,EIA923_Schedules_2_3_4_5_M_12_2023_Final_Revision.xlsx,NETGEN MAY,953,MAY,2023-05-01,Solar,Photovoltaic,Solar,generation,Solar - Photovoltaic - Solar - Generation
62905,Day Four Solar LLC,PV,SUN,SUN,,N,2023,EIA923_Schedules_2_3_4_5_M_12_2023_Final_Revision.xlsx,NETGEN JUN,774,JUN,2023-06-01,Solar,Photovoltaic,Solar,generation,Solar - Photovoltaic - Solar - Generation
62905,Day Four Solar LLC,PV,SUN,SUN,,N,2023,EIA923_Schedules_2_3_4_5_M_12_2023_Final_Revision.xlsx,ELEC MMBTU JUN,2641,JUN,2023-06-01,Solar,Photovoltaic,Solar,quantity-consumed-electricity,Solar - Photovoltaic - Solar - Quantity Consumed For Electricity
62905,Day Four Solar LLC,PV,SUN,SUN,,N,2023,EIA923_Schedules_2_3_4_5_M_12_2023_Final_Revision.xlsx,TOT MMBTU JUN,2641,JUN,2023-06-01,Solar,Photovoltaic,Solar,total-fuel-consumed,Solar - Photovoltaic - Solar - Total Fuel Consumed
62905,Day Four Solar LLC,PV,SUN,SUN,,N,2023,EIA923_Schedules_2_3_4_5_M_12_2023_Final_Revision.xlsx,NETGEN JUL,851,JUL,2023-07-01,Solar,Photovoltaic,Solar,generation,Solar - Photovoltaic - Solar - Generation
62905,Day Four Solar LLC,PV,SUN,SUN,,N,2023,EIA923_Schedules_2_3_4_5_M_12_2023_Final_Revision.xlsx,TOT MMBTU JUL,2904,JUL,2023-07-01,Solar,Photovoltaic,Solar,total-fuel-consumed,Solar - Photovoltaic - Solar - Total Fuel Consumed
62905,Day Four Solar LLC,PV,SUN,SUN,,N,2023,EIA923_Schedules_2_3_4_5_M_12_2023_Final_Revision.xlsx,ELEC MMBTU JUL,2904,JUL,2023-07-01,Solar,Photovoltaic,Solar,quantity-consumed-electricity,Solar - Photovoltaic - Solar - Quantity Consumed For Electricity
62905,Day Four Solar LLC,PV,SUN,SUN,,N,2023,EIA923_Schedules_2_3_4_5_M_12_2023_Final_Revision.xlsx,NETGEN AUG,768,AUG,2023-08-01,Solar,Photovoltaic,Solar,generation,Solar - Photovoltaic - Solar - Generation
62905,Day Four Solar LLC,PV,SUN,SUN,,N,2023,EIA923_Schedules_2_3_4_5_M_12_2023_Final_Revision.xlsx,ELEC MMBTU AUG,2620,AUG,2023-08-01,Solar,Photovoltaic,Solar,quantity-consumed-electricity,Solar - Photovoltaic - Solar - Quantity Consumed For Electricity
62905,Day Four Solar LLC,PV,SUN,SUN,,N,2023,EIA923_Schedules_2_3_4_5_M_12_2023_Final_Revision.xlsx,TOT MMBTU AUG,2620,AUG,2023-08-01,Solar,Photovoltaic,Solar,total-fuel-consumed,Solar - Photovoltaic - Solar - Total Fuel Consumed
62905,Day Four Solar LLC,PV,SUN,SUN,,N,2023,EIA923_Schedules_2_3_4_5_M_12_2023_Final_Revision.xlsx,TOT MMBTU SEP,2170,SEP,2023-09-01,Solar,Photovoltaic,Solar,total-fuel-consumed,Solar - Photovoltaic - Solar - Total Fuel Consumed
62905,Day Four Solar LLC,PV,SUN,SUN,,N,2023,EIA923_Schedules_2_3_4_5_M_12_2023_Final_Revision.xlsx,NETGEN SEP,636,SEP,2023-09-01,Solar,Photovoltaic,Solar,generation,Solar - Photovoltaic - Solar - Generation
62905,Day Four Solar LLC,PV,SUN,SUN,,N,2023,EIA923_Schedules_2_3_4_5_M_12_2023_Final_Revision.xlsx,ELEC MMBTU SEP,2170,SEP,2023-09-01,Solar,Photovoltaic,Solar,quantity-consumed-electricity,Solar - Photovoltaic - Solar - Quantity Consumed For Electricity
62905,Day Four Solar LLC,PV,SUN,SUN,,N,2023,EIA923_Schedules_2_3_4_5_M_12_2023_Final_Revision.xlsx,TOT MMBTU OCT,2061,OCT,2023-10-01,Solar,Photovoltaic,Solar,total-fuel-consumed,Solar - Photovoltaic - Solar - Total Fuel Consumed
62905,Day Four Solar LLC,PV,SUN,SUN,,N,2023,EIA923_Schedules_2_3_4_5_M_12_2023_Final_Revision.xlsx,NETGEN OCT,604,OCT,2023-10-01,Solar,Photovoltaic,Solar,generation,Solar - Photovoltaic - Solar - Generation
62905,Day Four Solar LLC,PV,SUN,SUN,,N,2023,EIA923_Schedules_2_3_4_5_M_12_2023_Final_Revision.xlsx,ELEC MMBTU OCT,2061,OCT,2023-10-01,Solar,Photovoltaic,Solar,quantity-consumed-electricity,Solar - Photovoltaic - Solar - Quantity Consumed For Electricity
62905,Day Four Solar LLC,PV,SUN,SUN,,N,2023,EIA923_Schedules_2_3_4_5_M_12_2023_Final_Revision.xlsx,ELEC MMBTU NOV,1628,NOV,2023-11-01,Solar,Photovoltaic,Solar,quantity-consumed-electricity,Solar - Photovoltaic - Solar - Quantity Consumed For Electricity
62905,Day Four Solar LLC,PV,SUN,SUN,,N,2023,EIA923_Schedules_2_3_4_5_M_12_2023_Final_Revision.xlsx,NETGEN NOV,477,NOV,2023-11-01,Solar,Photovoltaic,Solar,generation,Solar - Photovoltaic - Solar - Generation
62905,Day Four Solar LLC,PV,SUN,SUN,,N,2023,EIA923_Schedules_2_3_4_5_M_12_2023_Final_Revision.xlsx,TOT MMBTU NOV,1628,NOV,2023-11-01,Solar,Photovoltaic,Solar,total-fuel-consumed,Solar - Photovoltaic - Solar - Total Fuel Consumed
62905,Day Four Solar LLC,PV,SUN,SUN,,N,2023,EIA923_Schedules_2_3_4_5_M_12_2023_Final_Revision.xlsx,ELEC MMBTU DEC,891,DEC,2023-12-01,Solar,Photovoltaic,Solar,quantity-consumed-electricity,Solar - Photovoltaic - Solar - Quantity Consumed For Electricity
62905,Day Four Solar LLC,PV,SUN,SUN,,N,2023,EIA923_Schedules_2_3_4_5_M_12_2023_Final_Revision.xlsx,NETGEN DEC,261,DEC,2023-12-01,Solar,Photovoltaic,Solar,generation,Solar - Photovoltaic - Solar - Generation
62905,Day Four Solar LLC,PV,SUN,SUN,,N,2023,EIA923_Schedules_2_3_4_5_M_12_2023_Final_Revision.xlsx,TOT MMBTU DEC,891,DEC,2023-12-01,Solar,Photovoltaic,Solar,total-fuel-consumed,Solar - Photovoltaic - Solar - Total Fuel Consumed
62905,Day Four Solar LLC,PV,SUN,SUN,,N,2024,EIA923_Schedules_2_3_4_5_M_12_2024_Final.xlsx,ELEC MMBTU JAN,682,JAN,2024-01-01,Solar,Photovoltaic,Solar,quantity-consumed-electricity,Solar - Photovoltaic - Solar - Quantity Consumed For Electricity
62905,Day Four Solar LLC,PV,SUN,SUN,,N,2024,EIA923_Schedules_2_3_4_5_M_12_2024_Final.xlsx,TOT MMBTU JAN,682,JAN,2024-01-01,Solar,Photovoltaic,Solar,total-fuel-consumed,Solar - Photovoltaic - Solar - Total Fuel Consumed
62905,Day Four Solar LLC,PV,SUN,SUN,,N,2024,EIA923_Schedules_2_3_4_5_M_12_2024_Final.xlsx,NETGEN JAN,200,JAN,2024-01-01,Solar,Photovoltaic,Solar,generation,Solar - Photovoltaic - Solar - Generation
62905,Day Four Solar LLC,PV,SUN,SUN,,N,2024,EIA923_Schedules_2_3_4_5_M_12_2024_Final.xlsx,NETGEN FEB,548,FEB,2024-02-01,Solar,Photovoltaic,Solar,generation,Solar - Photovoltaic - Solar - Generation
62905,Day Four Solar LLC,PV,SUN,SUN,,N,2024,EIA923_Schedules_2_3_4_5_M_12_2024_Final.xlsx,ELEC MMBTU FEB,1870,FEB,2024-02-01,Solar,Photovoltaic,Solar,quantity-consumed-electricity,Solar - Photovoltaic - Solar - Quantity Consumed For Electricity
62905,Day Four Solar LLC,PV,SUN,SUN,,N,2024,EIA923_Schedules_2_3_4_5_M_12_2024_Final.xlsx,TOT MMBTU FEB,1870,FEB,2024-02-01,Solar,Photovoltaic,Solar,total-fuel-consumed,Solar - Photovoltaic - Solar - Total Fuel Consumed
62905,Day Four Solar LLC,PV,SUN,SUN,,N,2024,EIA923_Schedules_2_3_4_5_M_12_2024_Final.xlsx,ELEC MMBTU MAR,2402,MAR,2024-03-01,Solar,Photovoltaic,Solar,quantity-consumed-electricity,Solar - Photovoltaic - Solar - Quantity Consumed For Electricity
62905,Day Four Solar LLC,PV,SUN,SUN,,N,2024,EIA923_Schedules_2_3_4_5_M_12_2024_Final.xlsx,TOT MMBTU MAR,2402,MAR,2024-03-01,Solar,Photovoltaic,Solar,total-fuel-consumed,Solar - Photovoltaic - Solar - Total Fuel Consumed
62905,Day Four Solar LLC,PV,SUN,SUN,,N,2024,EIA923_Schedules_2_3_4_5_M_12_2024_Final.xlsx,NETGEN MAR,704,MAR,2024-03-01,Solar,Photovoltaic,Solar,generation,Solar - Photovoltaic - Solar - Generation
62905,Day Four Solar LLC,PV,SUN,SUN,,N,2024,EIA923_Schedules_2_3_4_5_M_12_2024_Final.xlsx,TOT MMBTU APR,2416,APR,2024-04-01,Solar,Photovoltaic,Solar,total-fuel-consumed,Solar - Photovoltaic - Solar - Total Fuel Consumed
62905,Day Four Solar LLC,PV,SUN,SUN,,N,2024,EIA923_Schedules_2_3_4_5_M_12_2024_Final.xlsx,ELEC MMBTU APR,2416,APR,2024-04-01,Solar,Photovoltaic,Solar,quantity-consumed-electricity,Solar - Photovoltaic - Solar - Quantity Consumed For Electricity
62905,Day Four Solar LLC,PV,SUN,SUN,,N,2024,EIA923_Schedules_2_3_4_5_M_12_2024_Final.xlsx,NETGEN APR,708,APR,2024-04-01,Solar,Photovoltaic,Solar,generation,Solar - Photovoltaic - Solar - Generation
62905,Day Four Solar LLC,PV,SUN,SUN,,N,2024,EIA923_Schedules_2_3_4_5_M_12_2024_Final.xlsx,NETGEN MAY,730,MAY,2024-05-01,Solar,Photovoltaic,Solar,generation,Solar - Photovoltaic - Solar - Generation
62905,Day Four Solar LLC,PV,SUN,SUN,,N,2024,EIA923_Schedules_2_3_4_5_M_12_2024_Final.xlsx,TOT MMBTU MAY,2491,MAY,2024-05-01,Solar,Photovoltaic,Solar,total-fuel-consumed,Solar - Photovoltaic - Solar - Total Fuel Consumed
62905,Day Four Solar LLC,PV,SUN,SUN,,N,2024,EIA923_Schedules_2_3_4_5_M_12_2024_Final.xlsx,ELEC MMBTU MAY,2491,MAY,2024-05-01,Solar,Photovoltaic,Solar,quantity-consumed-electricity,Solar - Photovoltaic - Solar - Quantity Consumed For Electricity
62905,Day Four Solar LLC,PV,SUN,SUN,,N,2024,EIA923_Schedules_2_3_4_5_M_12_2024_Final.xlsx,TOT MMBTU JUN,3105,JUN,2024-06-01,Solar,Photovoltaic,Solar,total-fuel-consumed,Solar - Photovoltaic - Solar - Total Fuel Consumed
62905,Day Four Solar LLC,PV,SUN,SUN,,N,2024,EIA923_Schedules_2_3_4_5_M_12_2024_Final.xlsx,NETGEN JUN,910,JUN,2024-06-01,Solar,Photovoltaic,Solar,generation,Solar - Photovoltaic - Solar - Generation
62905,Day Four Solar LLC,PV,SUN,SUN,,N,2024,EIA923_Schedules_2_3_4_5_M_12_2024_Final.xlsx,ELEC MMBTU JUN,3105,JUN,2024-06-01,Solar,Photovoltaic,Solar,quantity-consumed-electricity,Solar - Photovoltaic - Solar - Quantity Consumed For Electricity
62905,Day Four Solar LLC,PV,SUN,SUN,,N,2024,EIA923_Schedules_2_3_4_5_M_12_2024_Final.xlsx,NETGEN JUL,847,JUL,2024-07-01,Solar,Photovoltaic,Solar,generation,Solar - Photovoltaic - Solar - Generation
62905,Day Four Solar LLC,PV,SUN,SUN,,N,2024,EIA923_Schedules_2_3_4_5_M_12_2024_Final.xlsx,TOT MMBTU JUL,2890,JUL,2024-07-01,Solar,Photovoltaic,Solar,total-fuel-consumed,Solar - Photovoltaic - Solar - Total Fuel Consumed
62905,Day Four Solar LLC,PV,SUN,SUN,,N,2024,EIA923_Schedules_2_3_4_5_M_12_2024_Final.xlsx,ELEC MMBTU JUL,2890,JUL,2024-07-01,Solar,Photovoltaic,Solar,quantity-consumed-electricity,Solar - Photovoltaic - Solar - Quantity Consumed For Electricity
62905,Day Four Solar LLC,PV,SUN,SUN,,N,2024,EIA923_Schedules_2_3_4_5_M_12_2024_Final.xlsx,ELEC MMBTU AUG,2672,AUG,2024-08-01,Solar,Photovoltaic,Solar,quantity-consumed-electricity,Solar - Photovoltaic - Solar - Quantity Consumed For Electricity
62905,Day Four Solar LLC,PV,SUN,SUN,,N,2024,EIA923_Schedules_2_3_4_5_M_12_2024_Final.xlsx,NETGEN AUG,783,AUG,2024-08-01,Solar,Photovoltaic,Solar,generation,Solar - Photovoltaic - Solar - Generation
62905,Day Four Solar LLC,PV,SUN,SUN,,N,2024,EIA923_Schedules_2_3_4_5_M_12_2024_Final.xlsx,TOT MMBTU AUG,2672,AUG,2024-08-01,Solar,Photovoltaic,Solar,total-fuel-consumed,Solar - Photovoltaic - Solar - Total Fuel Consumed
62905,Day Four Solar LLC,PV,SUN,SUN,,N,2024,EIA923_Schedules_2_3_4_5_M_12_2024_Final.xlsx,NETGEN SEP,634,SEP,2024-09-01,Solar,Photovoltaic,Solar,generation,Solar - Photovoltaic - Solar - Generation
62905,Day Four Solar LLC,PV,SUN,SUN,,N,2024,EIA923_Schedules_2_3_4_5_M_12_2024_Final.xlsx,ELEC MMBTU SEP,2163,SEP,2024-09-01,Solar,Photovoltaic,Solar,quantity-consumed-electricity,Solar - Photovoltaic - Solar - Quantity Consumed For Electricity
62905,Day Four Solar LLC,PV,SUN,SUN,,N,2024,EIA923_Schedules_2_3_4_5_M_12_2024_Final.xlsx,TOT MMBTU SEP,2163,SEP,2024-09-01,Solar,Photovoltaic,Solar,total-fuel-consumed,Solar - Photovoltaic - Solar - Total Fuel Consumed
62905,Day Four Solar LLC,PV,SUN,SUN,,N,2024,EIA923_Schedules_2_3_4_5_M_12_2024_Final.xlsx,TOT MMBTU OCT,2511,OCT,2024-10-01,Solar,Photovoltaic,Solar,total-fuel-consumed,Solar - Photovoltaic - Solar - Total Fuel Consumed
62905,Day Four Solar LLC,PV,SUN,SUN,,N,2024,EIA923_Schedules_2_3_4_5_M_12_2024_Final.xlsx,ELEC MMBTU OCT,2511,OCT,2024-10-01,Solar,Photovoltaic,Solar,quantity-consumed-electricity,Solar - Photovoltaic - Solar - Quantity Consumed For Electricity
62905,Day Four Solar LLC,PV,SUN,SUN,,N,2024,EIA923_Schedules_2_3_4_5_M_12_2024_Final.xlsx,NETGEN OCT,736,OCT,2024-10-01,Solar,Photovoltaic,Solar,generation,Solar - Photovoltaic - Solar - Generation
62905,Day Four Solar LLC,PV,SUN,SUN,,N,2024,EIA923_Schedules_2_3_4_5_M_12_2024_Final.xlsx,TOT MMBTU NOV,1621,NOV,2024-11-01,Solar,Photovoltaic,Solar,total-fuel-consumed,Solar - Photovoltaic - Solar - Total Fuel Consumed
62905,Day Four Solar LLC,PV,SUN,SUN,,N,2024,EIA923_Schedules_2_3_4_5_M_12_2024_Final.xlsx,NETGEN NOV,475,NOV,2024-11-01,Solar,Photovoltaic,Solar,generation,Solar - Photovoltaic - Solar - Generation
62905,Day Four Solar LLC,PV,SUN,SUN,,N,2024,EIA923_Schedules_2_3_4_5_M_12_2024_Final.xlsx,ELEC MMBTU NOV,1621,NOV,2024-11-01,Solar,Photovoltaic,Solar,quantity-consumed-electricity,Solar - Photovoltaic - Solar - Quantity Consumed For Electricity
62905,Day Four Solar LLC,PV,SUN,SUN,,N,2024,EIA923_Schedules_2_3_4_5_M_12_2024_Final.xlsx,TOT MMBTU DEC,1123,DEC,2024-12-01,Solar,Photovoltaic,Solar,total-fuel-consumed,Solar - Photovoltaic - Solar - Total Fuel Consumed
62905,Day Four Solar LLC,PV,SUN,SUN,,N,2024,EIA923_Schedules_2_3_4_5_M_12_2024_Final.xlsx,NETGEN DEC,329,DEC,2024-12-01,Solar,Photovoltaic,Solar,generation,Solar - Photovoltaic - Solar - Generation
62905,Day Four Solar LLC,PV,SUN,SUN,,N,2024,EIA923_Schedules_2_3_4_5_M_12_2024_Final.xlsx,ELEC MMBTU DEC,1123,DEC,2024-12-01,Solar,Photovoltaic,Solar,quantity-consumed-electricity,Solar - Photovoltaic - Solar - Quantity Consumed For Electricity
