PLANT ID,PLANT NAME,REPORTED PRIME MOVER,REPORTED FUEL TYPE CODE,MER FUEL TYPE CODE,NUCLEAR UNIT ID,COMBINED HEAT AND POWER PLANT,YEAR,file,variable,value,MONTH,period,energy_type,prime_mover_type,mer_type,common_name,sensor_name
63271,Huntley,PV,SUN,SUN,,N,2020,EIA923_Schedules_2_3_4_5_M_12_2020_Final_Revision.xlsx,ELEC MMBTU APR,0,APR,2020-04-01,Solar,Photovoltaic,Solar,quantity-consumed-electricity,Solar - Photovoltaic - Solar - Quantity Consumed For Electricity
63271,Huntley,PV,SUN,SUN,,N,2020,EIA923_Schedules_2_3_4_5_M_12_2020_Final_Revision.xlsx,NETGEN APR,0,APR,2020-04-01,Solar,Photovoltaic,Solar,generation,Solar - Photovoltaic - Solar - Generation
63271,Huntley,PV,SUN,SUN,,N,2020,EIA923_Schedules_2_3_4_5_M_12_2020_Final_Revision.xlsx,TOT MMBTU APR,0,APR,2020-04-01,Solar,Photovoltaic,Solar,total-fuel-consumed,Solar - Photovoltaic - Solar - Total Fuel Consumed
63271,Huntley,PV,SUN,SUN,,N,2020,EIA923_Schedules_2_3_4_5_M_12_2020_Final_Revision.xlsx,TOT MMBTU MAY,154834,MAY,2020-05-01,Solar,Photovoltaic,Solar,total-fuel-consumed,Solar - Photovoltaic - Solar - Total Fuel Consumed
63271,Huntley,PV,SUN,SUN,,N,2020,EIA923_Schedules_2_3_4_5_M_12_2020_Final_Revision.xlsx,ELEC MMBTU MAY,154834,MAY,2020-05-01,Solar,Photovoltaic,Solar,quantity-consumed-electricity,Solar - Photovoltaic - Solar - Quantity Consumed For Electricity
63271,Huntley,PV,SUN,SUN,,N,2020,EIA923_Schedules_2_3_4_5_M_12_2020_Final_Revision.xlsx,NETGEN MAY,17661,MAY,2020-05-01,Solar,Photovoltaic,Solar,generation,Solar - Photovoltaic - Solar - Generation
63271,Huntley,PV,SUN,SUN,,N,2020,EIA923_Schedules_2_3_4_5_M_12_2020_Final_Revision.xlsx,TOT MMBTU JUN,145129,JUN,2020-06-01,Solar,Photovoltaic,Solar,total-fuel-consumed,Solar - Photovoltaic - Solar - Total Fuel Consumed
63271,Huntley,PV,SUN,SUN,,N,2020,EIA923_Schedules_2_3_4_5_M_12_2020_Final_Revision.xlsx,NETGEN JUN,16554,JUN,2020-06-01,Solar,Photovoltaic,Solar,generation,Solar - Photovoltaic - Solar - Generation
63271,Huntley,PV,SUN,SUN,,N,2020,EIA923_Schedules_2_3_4_5_M_12_2020_Final_Revision.xlsx,ELEC MMBTU JUN,145129,JUN,2020-06-01,Solar,Photovoltaic,Solar,quantity-consumed-electricity,Solar - Photovoltaic - Solar - Quantity Consumed For Electricity
63271,Huntley,PV,SUN,SUN,,N,2020,EIA923_Schedules_2_3_4_5_M_12_2020_Final_Revision.xlsx,ELEC MMBTU JUL,171956,JUL,2020-07-01,Solar,Photovoltaic,Solar,quantity-consumed-electricity,Solar - Photovoltaic - Solar - Quantity Consumed For Electricity
63271,Huntley,PV,SUN,SUN,,N,2020,EIA923_Schedules_2_3_4_5_M_12_2020_Final_Revision.xlsx,TOT MMBTU JUL,171956,JUL,2020-07-01,Solar,Photovoltaic,Solar,total-fuel-consumed,Solar - Photovoltaic - Solar - Total Fuel Consumed
63271,Huntley,PV,SUN,SUN,,N,2020,EIA923_Schedules_2_3_4_5_M_12_2020_Final_Revision.xlsx,NETGEN JUL,19614,JUL,2020-07-01,Solar,Photovoltaic,Solar,generation,Solar - Photovoltaic - Solar - Generation
63271,Huntley,PV,SUN,SUN,,N,2020,EIA923_Schedules_2_3_4_5_M_12_2020_Final_Revision.xlsx,TOT MMBTU AUG,131952,AUG,2020-08-01,Solar,Photovoltaic,Solar,total-fuel-consumed,Solar - Photovoltaic - Solar - Total Fuel Consumed
63271,Huntley,PV,SUN,SUN,,N,2020,EIA923_Schedules_2_3_4_5_M_12_2020_Final_Revision.xlsx,ELEC MMBTU AUG,131952,AUG,2020-08-01,Solar,Photovoltaic,Solar,quantity-consumed-electricity,Solar - Photovoltaic - Solar - Quantity Consumed For Electricity
63271,Huntley,PV,SUN,SUN,,N,2020,EIA923_Schedules_2_3_4_5_M_12_2020_Final_Revision.xlsx,NETGEN AUG,15051,AUG,2020-08-01,Solar,Photovoltaic,Solar,generation,Solar - Photovoltaic - Solar - Generation
63271,Huntley,PV,SUN,SUN,,N,2020,EIA923_Schedules_2_3_4_5_M_12_2020_Final_Revision.xlsx,TOT MMBTU SEP,115523,SEP,2020-09-01,Solar,Photovoltaic,Solar,total-fuel-consumed,Solar - Photovoltaic - Solar - Total Fuel Consumed
63271,Huntley,PV,SUN,SUN,,N,2020,EIA923_Schedules_2_3_4_5_M_12_2020_Final_Revision.xlsx,ELEC MMBTU SEP,115523,SEP,2020-09-01,Solar,Photovoltaic,Solar,quantity-consumed-electricity,Solar - Photovoltaic - Solar - Quantity Consumed For Electricity
63271,Huntley,PV,SUN,SUN,,N,2020,EIA923_Schedules_2_3_4_5_M_12_2020_Final_Revision.xlsx,NETGEN SEP,13177,SEP,2020-09-01,Solar,Photovoltaic,Solar,generation,Solar - Photovoltaic - Solar - Generation
63271,Huntley,PV,SUN,SUN,,N,2020,EIA923_Schedules_2_3_4_5_M_12_2020_Final_Revision.xlsx,TOT MMBTU OCT,112682,OCT,2020-10-01,Solar,Photovoltaic,Solar,total-fuel-consumed,Solar - Photovoltaic - Solar - Total Fuel Consumed
63271,Huntley,PV,SUN,SUN,,N,2020,EIA923_Schedules_2_3_4_5_M_12_2020_Final_Revision.xlsx,ELEC MMBTU OCT,112682,OCT,2020-10-01,Solar,Photovoltaic,Solar,quantity-consumed-electricity,Solar - Photovoltaic - Solar - Quantity Consumed For Electricity
63271,Huntley,PV,SUN,SUN,,N,2020,EIA923_Schedules_2_3_4_5_M_12_2020_Final_Revision.xlsx,NETGEN OCT,12853,OCT,2020-10-01,Solar,Photovoltaic,Solar,generation,Solar - Photovoltaic - Solar - Generation
63271,Huntley,PV,SUN,SUN,,N,2020,EIA923_Schedules_2_3_4_5_M_12_2020_Final_Revision.xlsx,ELEC MMBTU NOV,85478,NOV,2020-11-01,Solar,Photovoltaic,Solar,quantity-consumed-electricity,Solar - Photovoltaic - Solar - Quantity Consumed For Electricity
63271,Huntley,PV,SUN,SUN,,N,2020,EIA923_Schedules_2_3_4_5_M_12_2020_Final_Revision.xlsx,TOT MMBTU NOV,85478,NOV,2020-11-01,Solar,Photovoltaic,Solar,total-fuel-consumed,Solar - Photovoltaic - Solar - Total Fuel Consumed
63271,Huntley,PV,SUN,SUN,,N,2020,EIA923_Schedules_2_3_4_5_M_12_2020_Final_Revision.xlsx,NETGEN NOV,9750,NOV,2020-11-01,Solar,Photovoltaic,Solar,generation,Solar - Photovoltaic - Solar - Generation
63271,Huntley,PV,SUN,SUN,,N,2020,EIA923_Schedules_2_3_4_5_M_12_2020_Final_Revision.xlsx,TOT MMBTU DEC,67567,DEC,2020-12-01,Solar,Photovoltaic,Solar,total-fuel-consumed,Solar - Photovoltaic - Solar - Total Fuel Consumed
63271,Huntley,PV,SUN,SUN,,N,2020,EIA923_Schedules_2_3_4_5_M_12_2020_Final_Revision.xlsx,ELEC MMBTU DEC,67567,DEC,2020-12-01,Solar,Photovoltaic,Solar,quantity-consumed-electricity,Solar - Photovoltaic - Solar - Quantity Consumed For Electricity
63271,Huntley,PV,SUN,SUN,,N,2020,EIA923_Schedules_2_3_4_5_M_12_2020_Final_Revision.xlsx,NETGEN DEC,7707,DEC,2020-12-01,Solar,Photovoltaic,Solar,generation,Solar - Photovoltaic - Solar - Generation
63271,Huntley,PV,SUN,SUN,,N,2021,EIA923_Schedules_2_3_4_5_M_12_2021_Final_Revision.xlsx,ELEC MMBTU JAN,72255,JAN,2021-01-01,Solar,Photovoltaic,Solar,quantity-consumed-electricity,Solar - Photovoltaic - Solar - Quantity Consumed For Electricity
63271,Huntley,PV,SUN,SUN,,N,2021,EIA923_Schedules_2_3_4_5_M_12_2021_Final_Revision.xlsx,TOT MMBTU JAN,72255,JAN,2021-01-01,Solar,Photovoltaic,Solar,total-fuel-consumed,Solar - Photovoltaic - Solar - Total Fuel Consumed
63271,Huntley,PV,SUN,SUN,,N,2021,EIA923_Schedules_2_3_4_5_M_12_2021_Final_Revision.xlsx,NETGEN JAN,8170,JAN,2021-01-01,Solar,Photovoltaic,Solar,generation,Solar - Photovoltaic - Solar - Generation
63271,Huntley,PV,SUN,SUN,,N,2021,EIA923_Schedules_2_3_4_5_M_12_2021_Final_Revision.xlsx,ELEC MMBTU FEB,70487,FEB,2021-02-01,Solar,Photovoltaic,Solar,quantity-consumed-electricity,Solar - Photovoltaic - Solar - Quantity Consumed For Electricity
63271,Huntley,PV,SUN,SUN,,N,2021,EIA923_Schedules_2_3_4_5_M_12_2021_Final_Revision.xlsx,TOT MMBTU FEB,70487,FEB,2021-02-01,Solar,Photovoltaic,Solar,total-fuel-consumed,Solar - Photovoltaic - Solar - Total Fuel Consumed
63271,Huntley,PV,SUN,SUN,,N,2021,EIA923_Schedules_2_3_4_5_M_12_2021_Final_Revision.xlsx,NETGEN FEB,7970,FEB,2021-02-01,Solar,Photovoltaic,Solar,generation,Solar - Photovoltaic - Solar - Generation
63271,Huntley,PV,SUN,SUN,,N,2021,EIA923_Schedules_2_3_4_5_M_12_2021_Final_Revision.xlsx,TOT MMBTU MAR,118457,MAR,2021-03-01,Solar,Photovoltaic,Solar,total-fuel-consumed,Solar - Photovoltaic - Solar - Total Fuel Consumed
63271,Huntley,PV,SUN,SUN,,N,2021,EIA923_Schedules_2_3_4_5_M_12_2021_Final_Revision.xlsx,NETGEN MAR,13394,MAR,2021-03-01,Solar,Photovoltaic,Solar,generation,Solar - Photovoltaic - Solar - Generation
63271,Huntley,PV,SUN,SUN,,N,2021,EIA923_Schedules_2_3_4_5_M_12_2021_Final_Revision.xlsx,ELEC MMBTU MAR,118457,MAR,2021-03-01,Solar,Photovoltaic,Solar,quantity-consumed-electricity,Solar - Photovoltaic - Solar - Quantity Consumed For Electricity
63271,Huntley,PV,SUN,SUN,,N,2021,EIA923_Schedules_2_3_4_5_M_12_2021_Final_Revision.xlsx,NETGEN APR,18776,APR,2021-04-01,Solar,Photovoltaic,Solar,generation,Solar - Photovoltaic - Solar - Generation
63271,Huntley,PV,SUN,SUN,,N,2021,EIA923_Schedules_2_3_4_5_M_12_2021_Final_Revision.xlsx,ELEC MMBTU APR,166055,APR,2021-04-01,Solar,Photovoltaic,Solar,quantity-consumed-electricity,Solar - Photovoltaic - Solar - Quantity Consumed For Electricity
63271,Huntley,PV,SUN,SUN,,N,2021,EIA923_Schedules_2_3_4_5_M_12_2021_Final_Revision.xlsx,TOT MMBTU APR,166055,APR,2021-04-01,Solar,Photovoltaic,Solar,total-fuel-consumed,Solar - Photovoltaic - Solar - Total Fuel Consumed
63271,Huntley,PV,SUN,SUN,,N,2021,EIA923_Schedules_2_3_4_5_M_12_2021_Final_Revision.xlsx,TOT MMBTU MAY,178516,MAY,2021-05-01,Solar,Photovoltaic,Solar,total-fuel-consumed,Solar - Photovoltaic - Solar - Total Fuel Consumed
63271,Huntley,PV,SUN,SUN,,N,2021,EIA923_Schedules_2_3_4_5_M_12_2021_Final_Revision.xlsx,ELEC MMBTU MAY,178516,MAY,2021-05-01,Solar,Photovoltaic,Solar,quantity-consumed-electricity,Solar - Photovoltaic - Solar - Quantity Consumed For Electricity
63271,Huntley,PV,SUN,SUN,,N,2021,EIA923_Schedules_2_3_4_5_M_12_2021_Final_Revision.xlsx,NETGEN MAY,20185,MAY,2021-05-01,Solar,Photovoltaic,Solar,generation,Solar - Photovoltaic - Solar - Generation
63271,Huntley,PV,SUN,SUN,,N,2021,EIA923_Schedules_2_3_4_5_M_12_2021_Final_Revision.xlsx,ELEC MMBTU JUN,143618,JUN,2021-06-01,Solar,Photovoltaic,Solar,quantity-consumed-electricity,Solar - Photovoltaic - Solar - Quantity Consumed For Electricity
63271,Huntley,PV,SUN,SUN,,N,2021,EIA923_Schedules_2_3_4_5_M_12_2021_Final_Revision.xlsx,NETGEN JUN,16239,JUN,2021-06-01,Solar,Photovoltaic,Solar,generation,Solar - Photovoltaic - Solar - Generation
63271,Huntley,PV,SUN,SUN,,N,2021,EIA923_Schedules_2_3_4_5_M_12_2021_Final_Revision.xlsx,TOT MMBTU JUN,143618,JUN,2021-06-01,Solar,Photovoltaic,Solar,total-fuel-consumed,Solar - Photovoltaic - Solar - Total Fuel Consumed
63271,Huntley,PV,SUN,SUN,,N,2021,EIA923_Schedules_2_3_4_5_M_12_2021_Final_Revision.xlsx,ELEC MMBTU JUL,152267,JUL,2021-07-01,Solar,Photovoltaic,Solar,quantity-consumed-electricity,Solar - Photovoltaic - Solar - Quantity Consumed For Electricity
63271,Huntley,PV,SUN,SUN,,N,2021,EIA923_Schedules_2_3_4_5_M_12_2021_Final_Revision.xlsx,TOT MMBTU JUL,152267,JUL,2021-07-01,Solar,Photovoltaic,Solar,total-fuel-consumed,Solar - Photovoltaic - Solar - Total Fuel Consumed
63271,Huntley,PV,SUN,SUN,,N,2021,EIA923_Schedules_2_3_4_5_M_12_2021_Final_Revision.xlsx,NETGEN JUL,17217,JUL,2021-07-01,Solar,Photovoltaic,Solar,generation,Solar - Photovoltaic - Solar - Generation
63271,Huntley,PV,SUN,SUN,,N,2021,EIA923_Schedules_2_3_4_5_M_12_2021_Final_Revision.xlsx,NETGEN AUG,15535,AUG,2021-08-01,Solar,Photovoltaic,Solar,generation,Solar - Photovoltaic - Solar - Generation
63271,Huntley,PV,SUN,SUN,,N,2021,EIA923_Schedules_2_3_4_5_M_12_2021_Final_Revision.xlsx,TOT MMBTU AUG,137392,AUG,2021-08-01,Solar,Photovoltaic,Solar,total-fuel-consumed,Solar - Photovoltaic - Solar - Total Fuel Consumed
63271,Huntley,PV,SUN,SUN,,N,2021,EIA923_Schedules_2_3_4_5_M_12_2021_Final_Revision.xlsx,ELEC MMBTU AUG,137392,AUG,2021-08-01,Solar,Photovoltaic,Solar,quantity-consumed-electricity,Solar - Photovoltaic - Solar - Quantity Consumed For Electricity
63271,Huntley,PV,SUN,SUN,,N,2021,EIA923_Schedules_2_3_4_5_M_12_2021_Final_Revision.xlsx,NETGEN SEP,15237,SEP,2021-09-01,Solar,Photovoltaic,Solar,generation,Solar - Photovoltaic - Solar - Generation
63271,Huntley,PV,SUN,SUN,,N,2021,EIA923_Schedules_2_3_4_5_M_12_2021_Final_Revision.xlsx,TOT MMBTU SEP,134756,SEP,2021-09-01,Solar,Photovoltaic,Solar,total-fuel-consumed,Solar - Photovoltaic - Solar - Total Fuel Consumed
63271,Huntley,PV,SUN,SUN,,N,2021,EIA923_Schedules_2_3_4_5_M_12_2021_Final_Revision.xlsx,ELEC MMBTU SEP,134756,SEP,2021-09-01,Solar,Photovoltaic,Solar,quantity-consumed-electricity,Solar - Photovoltaic - Solar - Quantity Consumed For Electricity
63271,Huntley,PV,SUN,SUN,,N,2021,EIA923_Schedules_2_3_4_5_M_12_2021_Final_Revision.xlsx,TOT MMBTU OCT,105482,OCT,2021-10-01,Solar,Photovoltaic,Solar,total-fuel-consumed,Solar - Photovoltaic - Solar - Total Fuel Consumed
63271,Huntley,PV,SUN,SUN,,N,2021,EIA923_Schedules_2_3_4_5_M_12_2021_Final_Revision.xlsx,ELEC MMBTU OCT,105482,OCT,2021-10-01,Solar,Photovoltaic,Solar,quantity-consumed-electricity,Solar - Photovoltaic - Solar - Quantity Consumed For Electricity
63271,Huntley,PV,SUN,SUN,,N,2021,EIA923_Schedules_2_3_4_5_M_12_2021_Final_Revision.xlsx,NETGEN OCT,11927,OCT,2021-10-01,Solar,Photovoltaic,Solar,generation,Solar - Photovoltaic - Solar - Generation
63271,Huntley,PV,SUN,SUN,,N,2021,EIA923_Schedules_2_3_4_5_M_12_2021_Final_Revision.xlsx,ELEC MMBTU NOV,99937,NOV,2021-11-01,Solar,Photovoltaic,Solar,quantity-consumed-electricity,Solar - Photovoltaic - Solar - Quantity Consumed For Electricity
63271,Huntley,PV,SUN,SUN,,N,2021,EIA923_Schedules_2_3_4_5_M_12_2021_Final_Revision.xlsx,TOT MMBTU NOV,99937,NOV,2021-11-01,Solar,Photovoltaic,Solar,total-fuel-consumed,Solar - Photovoltaic - Solar - Total Fuel Consumed
63271,Huntley,PV,SUN,SUN,,N,2021,EIA923_Schedules_2_3_4_5_M_12_2021_Final_Revision.xlsx,NETGEN NOV,11300,NOV,2021-11-01,Solar,Photovoltaic,Solar,generation,Solar - Photovoltaic - Solar - Generation
63271,Huntley,PV,SUN,SUN,,N,2021,EIA923_Schedules_2_3_4_5_M_12_2021_Final_Revision.xlsx,ELEC MMBTU DEC,67285,DEC,2021-12-01,Solar,Photovoltaic,Solar,quantity-consumed-electricity,Solar - Photovoltaic - Solar - Quantity Consumed For Electricity
63271,Huntley,PV,SUN,SUN,,N,2021,EIA923_Schedules_2_3_4_5_M_12_2021_Final_Revision.xlsx,NETGEN DEC,7608,DEC,2021-12-01,Solar,Photovoltaic,Solar,generation,Solar - Photovoltaic - Solar - Generation
63271,Huntley,PV,SUN,SUN,,N,2021,EIA923_Schedules_2_3_4_5_M_12_2021_Final_Revision.xlsx,TOT MMBTU DEC,67285,DEC,2021-12-01,Solar,Photovoltaic,Solar,total-fuel-consumed,Solar - Photovoltaic - Solar - Total Fuel Consumed
63271,Huntley,PV,SUN,SUN,,N,2022,EIA923_Schedules_2_3_4_5_M_12_2022_Final_Revision.xlsx,TOT MMBTU JAN,34622,JAN,2022-01-01,Solar,Photovoltaic,Solar,total-fuel-consumed,Solar - Photovoltaic - Solar - Total Fuel Consumed
63271,Huntley,PV,SUN,SUN,,N,2022,EIA923_Schedules_2_3_4_5_M_12_2022_Final_Revision.xlsx,NETGEN JAN,10147,JAN,2022-01-01,Solar,Photovoltaic,Solar,generation,Solar - Photovoltaic - Solar - Generation
63271,Huntley,PV,SUN,SUN,,N,2022,EIA923_Schedules_2_3_4_5_M_12_2022_Final_Revision.xlsx,ELEC MMBTU JAN,34622,JAN,2022-01-01,Solar,Photovoltaic,Solar,quantity-consumed-electricity,Solar - Photovoltaic - Solar - Quantity Consumed For Electricity
63271,Huntley,PV,SUN,SUN,,N,2022,EIA923_Schedules_2_3_4_5_M_12_2022_Final_Revision.xlsx,NETGEN FEB,10870,FEB,2022-02-01,Solar,Photovoltaic,Solar,generation,Solar - Photovoltaic - Solar - Generation
63271,Huntley,PV,SUN,SUN,,N,2022,EIA923_Schedules_2_3_4_5_M_12_2022_Final_Revision.xlsx,TOT MMBTU FEB,37088,FEB,2022-02-01,Solar,Photovoltaic,Solar,total-fuel-consumed,Solar - Photovoltaic - Solar - Total Fuel Consumed
63271,Huntley,PV,SUN,SUN,,N,2022,EIA923_Schedules_2_3_4_5_M_12_2022_Final_Revision.xlsx,ELEC MMBTU FEB,37088,FEB,2022-02-01,Solar,Photovoltaic,Solar,quantity-consumed-electricity,Solar - Photovoltaic - Solar - Quantity Consumed For Electricity
63271,Huntley,PV,SUN,SUN,,N,2022,EIA923_Schedules_2_3_4_5_M_12_2022_Final_Revision.xlsx,ELEC MMBTU MAR,48338,MAR,2022-03-01,Solar,Photovoltaic,Solar,quantity-consumed-electricity,Solar - Photovoltaic - Solar - Quantity Consumed For Electricity
63271,Huntley,PV,SUN,SUN,,N,2022,EIA923_Schedules_2_3_4_5_M_12_2022_Final_Revision.xlsx,NETGEN MAR,14167,MAR,2022-03-01,Solar,Photovoltaic,Solar,generation,Solar - Photovoltaic - Solar - Generation
63271,Huntley,PV,SUN,SUN,,N,2022,EIA923_Schedules_2_3_4_5_M_12_2022_Final_Revision.xlsx,TOT MMBTU MAR,48338,MAR,2022-03-01,Solar,Photovoltaic,Solar,total-fuel-consumed,Solar - Photovoltaic - Solar - Total Fuel Consumed
63271,Huntley,PV,SUN,SUN,,N,2022,EIA923_Schedules_2_3_4_5_M_12_2022_Final_Revision.xlsx,NETGEN APR,17335,APR,2022-04-01,Solar,Photovoltaic,Solar,generation,Solar - Photovoltaic - Solar - Generation
63271,Huntley,PV,SUN,SUN,,N,2022,EIA923_Schedules_2_3_4_5_M_12_2022_Final_Revision.xlsx,TOT MMBTU APR,59147,APR,2022-04-01,Solar,Photovoltaic,Solar,total-fuel-consumed,Solar - Photovoltaic - Solar - Total Fuel Consumed
63271,Huntley,PV,SUN,SUN,,N,2022,EIA923_Schedules_2_3_4_5_M_12_2022_Final_Revision.xlsx,ELEC MMBTU APR,59147,APR,2022-04-01,Solar,Photovoltaic,Solar,quantity-consumed-electricity,Solar - Photovoltaic - Solar - Quantity Consumed For Electricity
63271,Huntley,PV,SUN,SUN,,N,2022,EIA923_Schedules_2_3_4_5_M_12_2022_Final_Revision.xlsx,NETGEN MAY,18518,MAY,2022-05-01,Solar,Photovoltaic,Solar,generation,Solar - Photovoltaic - Solar - Generation
63271,Huntley,PV,SUN,SUN,,N,2022,EIA923_Schedules_2_3_4_5_M_12_2022_Final_Revision.xlsx,ELEC MMBTU MAY,63183,MAY,2022-05-01,Solar,Photovoltaic,Solar,quantity-consumed-electricity,Solar - Photovoltaic - Solar - Quantity Consumed For Electricity
63271,Huntley,PV,SUN,SUN,,N,2022,EIA923_Schedules_2_3_4_5_M_12_2022_Final_Revision.xlsx,TOT MMBTU MAY,63183,MAY,2022-05-01,Solar,Photovoltaic,Solar,total-fuel-consumed,Solar - Photovoltaic - Solar - Total Fuel Consumed
63271,Huntley,PV,SUN,SUN,,N,2022,EIA923_Schedules_2_3_4_5_M_12_2022_Final_Revision.xlsx,TOT MMBTU JUN,65507,JUN,2022-06-01,Solar,Photovoltaic,Solar,total-fuel-consumed,Solar - Photovoltaic - Solar - Total Fuel Consumed
63271,Huntley,PV,SUN,SUN,,N,2022,EIA923_Schedules_2_3_4_5_M_12_2022_Final_Revision.xlsx,ELEC MMBTU JUN,65507,JUN,2022-06-01,Solar,Photovoltaic,Solar,quantity-consumed-electricity,Solar - Photovoltaic - Solar - Quantity Consumed For Electricity
63271,Huntley,PV,SUN,SUN,,N,2022,EIA923_Schedules_2_3_4_5_M_12_2022_Final_Revision.xlsx,NETGEN JUN,19199,JUN,2022-06-01,Solar,Photovoltaic,Solar,generation,Solar - Photovoltaic - Solar - Generation
63271,Huntley,PV,SUN,SUN,,N,2022,EIA923_Schedules_2_3_4_5_M_12_2022_Final_Revision.xlsx,TOT MMBTU JUL,56939,JUL,2022-07-01,Solar,Photovoltaic,Solar,total-fuel-consumed,Solar - Photovoltaic - Solar - Total Fuel Consumed
63271,Huntley,PV,SUN,SUN,,N,2022,EIA923_Schedules_2_3_4_5_M_12_2022_Final_Revision.xlsx,ELEC MMBTU JUL,56939,JUL,2022-07-01,Solar,Photovoltaic,Solar,quantity-consumed-electricity,Solar - Photovoltaic - Solar - Quantity Consumed For Electricity
63271,Huntley,PV,SUN,SUN,,N,2022,EIA923_Schedules_2_3_4_5_M_12_2022_Final_Revision.xlsx,NETGEN JUL,16688,JUL,2022-07-01,Solar,Photovoltaic,Solar,generation,Solar - Photovoltaic - Solar - Generation
63271,Huntley,PV,SUN,SUN,,N,2022,EIA923_Schedules_2_3_4_5_M_12_2022_Final_Revision.xlsx,ELEC MMBTU AUG,48713,AUG,2022-08-01,Solar,Photovoltaic,Solar,quantity-consumed-electricity,Solar - Photovoltaic - Solar - Quantity Consumed For Electricity
63271,Huntley,PV,SUN,SUN,,N,2022,EIA923_Schedules_2_3_4_5_M_12_2022_Final_Revision.xlsx,TOT MMBTU AUG,48713,AUG,2022-08-01,Solar,Photovoltaic,Solar,total-fuel-consumed,Solar - Photovoltaic - Solar - Total Fuel Consumed
63271,Huntley,PV,SUN,SUN,,N,2022,EIA923_Schedules_2_3_4_5_M_12_2022_Final_Revision.xlsx,NETGEN AUG,14277,AUG,2022-08-01,Solar,Photovoltaic,Solar,generation,Solar - Photovoltaic - Solar - Generation
63271,Huntley,PV,SUN,SUN,,N,2022,EIA923_Schedules_2_3_4_5_M_12_2022_Final_Revision.xlsx,NETGEN SEP,14419,SEP,2022-09-01,Solar,Photovoltaic,Solar,generation,Solar - Photovoltaic - Solar - Generation
63271,Huntley,PV,SUN,SUN,,N,2022,EIA923_Schedules_2_3_4_5_M_12_2022_Final_Revision.xlsx,ELEC MMBTU SEP,49198,SEP,2022-09-01,Solar,Photovoltaic,Solar,quantity-consumed-electricity,Solar - Photovoltaic - Solar - Quantity Consumed For Electricity
63271,Huntley,PV,SUN,SUN,,N,2022,EIA923_Schedules_2_3_4_5_M_12_2022_Final_Revision.xlsx,TOT MMBTU SEP,49198,SEP,2022-09-01,Solar,Photovoltaic,Solar,total-fuel-consumed,Solar - Photovoltaic - Solar - Total Fuel Consumed
63271,Huntley,PV,SUN,SUN,,N,2022,EIA923_Schedules_2_3_4_5_M_12_2022_Final_Revision.xlsx,NETGEN OCT,13341,OCT,2022-10-01,Solar,Photovoltaic,Solar,generation,Solar - Photovoltaic - Solar - Generation
63271,Huntley,PV,SUN,SUN,,N,2022,EIA923_Schedules_2_3_4_5_M_12_2022_Final_Revision.xlsx,TOT MMBTU OCT,45519,OCT,2022-10-01,Solar,Photovoltaic,Solar,total-fuel-consumed,Solar - Photovoltaic - Solar - Total Fuel Consumed
63271,Huntley,PV,SUN,SUN,,N,2022,EIA923_Schedules_2_3_4_5_M_12_2022_Final_Revision.xlsx,ELEC MMBTU OCT,45519,OCT,2022-10-01,Solar,Photovoltaic,Solar,quantity-consumed-electricity,Solar - Photovoltaic - Solar - Quantity Consumed For Electricity
63271,Huntley,PV,SUN,SUN,,N,2022,EIA923_Schedules_2_3_4_5_M_12_2022_Final_Revision.xlsx,ELEC MMBTU NOV,28603,NOV,2022-11-01,Solar,Photovoltaic,Solar,quantity-consumed-electricity,Solar - Photovoltaic - Solar - Quantity Consumed For Electricity
63271,Huntley,PV,SUN,SUN,,N,2022,EIA923_Schedules_2_3_4_5_M_12_2022_Final_Revision.xlsx,NETGEN NOV,8383,NOV,2022-11-01,Solar,Photovoltaic,Solar,generation,Solar - Photovoltaic - Solar - Generation
63271,Huntley,PV,SUN,SUN,,N,2022,EIA923_Schedules_2_3_4_5_M_12_2022_Final_Revision.xlsx,TOT MMBTU NOV,28603,NOV,2022-11-01,Solar,Photovoltaic,Solar,total-fuel-consumed,Solar - Photovoltaic - Solar - Total Fuel Consumed
63271,Huntley,PV,SUN,SUN,,N,2022,EIA923_Schedules_2_3_4_5_M_12_2022_Final_Revision.xlsx,NETGEN DEC,6746,DEC,2022-12-01,Solar,Photovoltaic,Solar,generation,Solar - Photovoltaic - Solar - Generation
63271,Huntley,PV,SUN,SUN,,N,2022,EIA923_Schedules_2_3_4_5_M_12_2022_Final_Revision.xlsx,TOT MMBTU DEC,23017,DEC,2022-12-01,Solar,Photovoltaic,Solar,total-fuel-consumed,Solar - Photovoltaic - Solar - Total Fuel Consumed
63271,Huntley,PV,SUN,SUN,,N,2022,EIA923_Schedules_2_3_4_5_M_12_2022_Final_Revision.xlsx,ELEC MMBTU DEC,23017,DEC,2022-12-01,Solar,Photovoltaic,Solar,quantity-consumed-electricity,Solar - Photovoltaic - Solar - Quantity Consumed For Electricity
63271,Huntley,PV,SUN,SUN,,N,2023,EIA923_Schedules_2_3_4_5_M_12_2023_Final_Revision.xlsx,NETGEN JAN,8572,JAN,2023-01-01,Solar,Photovoltaic,Solar,generation,Solar - Photovoltaic - Solar - Generation
63271,Huntley,PV,SUN,SUN,,N,2023,EIA923_Schedules_2_3_4_5_M_12_2023_Final_Revision.xlsx,TOT MMBTU JAN,29248,JAN,2023-01-01,Solar,Photovoltaic,Solar,total-fuel-consumed,Solar - Photovoltaic - Solar - Total Fuel Consumed
63271,Huntley,PV,SUN,SUN,,N,2023,EIA923_Schedules_2_3_4_5_M_12_2023_Final_Revision.xlsx,ELEC MMBTU JAN,29248,JAN,2023-01-01,Solar,Photovoltaic,Solar,quantity-consumed-electricity,Solar - Photovoltaic - Solar - Quantity Consumed For Electricity
63271,Huntley,PV,SUN,SUN,,N,2023,EIA923_Schedules_2_3_4_5_M_12_2023_Final_Revision.xlsx,TOT MMBTU FEB,31660,FEB,2023-02-01,Solar,Photovoltaic,Solar,total-fuel-consumed,Solar - Photovoltaic - Solar - Total Fuel Consumed
63271,Huntley,PV,SUN,SUN,,N,2023,EIA923_Schedules_2_3_4_5_M_12_2023_Final_Revision.xlsx,ELEC MMBTU FEB,31660,FEB,2023-02-01,Solar,Photovoltaic,Solar,quantity-consumed-electricity,Solar - Photovoltaic - Solar - Quantity Consumed For Electricity
63271,Huntley,PV,SUN,SUN,,N,2023,EIA923_Schedules_2_3_4_5_M_12_2023_Final_Revision.xlsx,NETGEN FEB,9279,FEB,2023-02-01,Solar,Photovoltaic,Solar,generation,Solar - Photovoltaic - Solar - Generation
63271,Huntley,PV,SUN,SUN,,N,2023,EIA923_Schedules_2_3_4_5_M_12_2023_Final_Revision.xlsx,TOT MMBTU MAR,46806,MAR,2023-03-01,Solar,Photovoltaic,Solar,total-fuel-consumed,Solar - Photovoltaic - Solar - Total Fuel Consumed
63271,Huntley,PV,SUN,SUN,,N,2023,EIA923_Schedules_2_3_4_5_M_12_2023_Final_Revision.xlsx,ELEC MMBTU MAR,46806,MAR,2023-03-01,Solar,Photovoltaic,Solar,quantity-consumed-electricity,Solar - Photovoltaic - Solar - Quantity Consumed For Electricity
63271,Huntley,PV,SUN,SUN,,N,2023,EIA923_Schedules_2_3_4_5_M_12_2023_Final_Revision.xlsx,NETGEN MAR,13718,MAR,2023-03-01,Solar,Photovoltaic,Solar,generation,Solar - Photovoltaic - Solar - Generation
63271,Huntley,PV,SUN,SUN,,N,2023,EIA923_Schedules_2_3_4_5_M_12_2023_Final_Revision.xlsx,ELEC MMBTU APR,55697,APR,2023-04-01,Solar,Photovoltaic,Solar,quantity-consumed-electricity,Solar - Photovoltaic - Solar - Quantity Consumed For Electricity
63271,Huntley,PV,SUN,SUN,,N,2023,EIA923_Schedules_2_3_4_5_M_12_2023_Final_Revision.xlsx,NETGEN APR,16324,APR,2023-04-01,Solar,Photovoltaic,Solar,generation,Solar - Photovoltaic - Solar - Generation
63271,Huntley,PV,SUN,SUN,,N,2023,EIA923_Schedules_2_3_4_5_M_12_2023_Final_Revision.xlsx,TOT MMBTU APR,55697,APR,2023-04-01,Solar,Photovoltaic,Solar,total-fuel-consumed,Solar - Photovoltaic - Solar - Total Fuel Consumed
63271,Huntley,PV,SUN,SUN,,N,2023,EIA923_Schedules_2_3_4_5_M_12_2023_Final_Revision.xlsx,TOT MMBTU MAY,50870,MAY,2023-05-01,Solar,Photovoltaic,Solar,total-fuel-consumed,Solar - Photovoltaic - Solar - Total Fuel Consumed
63271,Huntley,PV,SUN,SUN,,N,2023,EIA923_Schedules_2_3_4_5_M_12_2023_Final_Revision.xlsx,ELEC MMBTU MAY,50870,MAY,2023-05-01,Solar,Photovoltaic,Solar,quantity-consumed-electricity,Solar - Photovoltaic - Solar - Quantity Consumed For Electricity
63271,Huntley,PV,SUN,SUN,,N,2023,EIA923_Schedules_2_3_4_5_M_12_2023_Final_Revision.xlsx,NETGEN MAY,14909,MAY,2023-05-01,Solar,Photovoltaic,Solar,generation,Solar - Photovoltaic - Solar - Generation
63271,Huntley,PV,SUN,SUN,,N,2023,EIA923_Schedules_2_3_4_5_M_12_2023_Final_Revision.xlsx,NETGEN JUN,15775,JUN,2023-06-01,Solar,Photovoltaic,Solar,generation,Solar - Photovoltaic - Solar - Generation
63271,Huntley,PV,SUN,SUN,,N,2023,EIA923_Schedules_2_3_4_5_M_12_2023_Final_Revision.xlsx,TOT MMBTU JUN,53824,JUN,2023-06-01,Solar,Photovoltaic,Solar,total-fuel-consumed,Solar - Photovoltaic - Solar - Total Fuel Consumed
63271,Huntley,PV,SUN,SUN,,N,2023,EIA923_Schedules_2_3_4_5_M_12_2023_Final_Revision.xlsx,ELEC MMBTU JUN,53824,JUN,2023-06-01,Solar,Photovoltaic,Solar,quantity-consumed-electricity,Solar - Photovoltaic - Solar - Quantity Consumed For Electricity
63271,Huntley,PV,SUN,SUN,,N,2023,EIA923_Schedules_2_3_4_5_M_12_2023_Final_Revision.xlsx,ELEC MMBTU JUL,50583,JUL,2023-07-01,Solar,Photovoltaic,Solar,quantity-consumed-electricity,Solar - Photovoltaic - Solar - Quantity Consumed For Electricity
63271,Huntley,PV,SUN,SUN,,N,2023,EIA923_Schedules_2_3_4_5_M_12_2023_Final_Revision.xlsx,TOT MMBTU JUL,50583,JUL,2023-07-01,Solar,Photovoltaic,Solar,total-fuel-consumed,Solar - Photovoltaic - Solar - Total Fuel Consumed
63271,Huntley,PV,SUN,SUN,,N,2023,EIA923_Schedules_2_3_4_5_M_12_2023_Final_Revision.xlsx,NETGEN JUL,14825,JUL,2023-07-01,Solar,Photovoltaic,Solar,generation,Solar - Photovoltaic - Solar - Generation
63271,Huntley,PV,SUN,SUN,,N,2023,EIA923_Schedules_2_3_4_5_M_12_2023_Final_Revision.xlsx,ELEC MMBTU AUG,54899,AUG,2023-08-01,Solar,Photovoltaic,Solar,quantity-consumed-electricity,Solar - Photovoltaic - Solar - Quantity Consumed For Electricity
63271,Huntley,PV,SUN,SUN,,N,2023,EIA923_Schedules_2_3_4_5_M_12_2023_Final_Revision.xlsx,NETGEN AUG,16090,AUG,2023-08-01,Solar,Photovoltaic,Solar,generation,Solar - Photovoltaic - Solar - Generation
63271,Huntley,PV,SUN,SUN,,N,2023,EIA923_Schedules_2_3_4_5_M_12_2023_Final_Revision.xlsx,TOT MMBTU AUG,54899,AUG,2023-08-01,Solar,Photovoltaic,Solar,total-fuel-consumed,Solar - Photovoltaic - Solar - Total Fuel Consumed
63271,Huntley,PV,SUN,SUN,,N,2023,EIA923_Schedules_2_3_4_5_M_12_2023_Final_Revision.xlsx,ELEC MMBTU SEP,49252,SEP,2023-09-01,Solar,Photovoltaic,Solar,quantity-consumed-electricity,Solar - Photovoltaic - Solar - Quantity Consumed For Electricity
63271,Huntley,PV,SUN,SUN,,N,2023,EIA923_Schedules_2_3_4_5_M_12_2023_Final_Revision.xlsx,TOT MMBTU SEP,49252,SEP,2023-09-01,Solar,Photovoltaic,Solar,total-fuel-consumed,Solar - Photovoltaic - Solar - Total Fuel Consumed
63271,Huntley,PV,SUN,SUN,,N,2023,EIA923_Schedules_2_3_4_5_M_12_2023_Final_Revision.xlsx,NETGEN SEP,14435,SEP,2023-09-01,Solar,Photovoltaic,Solar,generation,Solar - Photovoltaic - Solar - Generation
63271,Huntley,PV,SUN,SUN,,N,2023,EIA923_Schedules_2_3_4_5_M_12_2023_Final_Revision.xlsx,ELEC MMBTU OCT,43803,OCT,2023-10-01,Solar,Photovoltaic,Solar,quantity-consumed-electricity,Solar - Photovoltaic - Solar - Quantity Consumed For Electricity
63271,Huntley,PV,SUN,SUN,,N,2023,EIA923_Schedules_2_3_4_5_M_12_2023_Final_Revision.xlsx,TOT MMBTU OCT,43803,OCT,2023-10-01,Solar,Photovoltaic,Solar,total-fuel-consumed,Solar - Photovoltaic - Solar - Total Fuel Consumed
63271,Huntley,PV,SUN,SUN,,N,2023,EIA923_Schedules_2_3_4_5_M_12_2023_Final_Revision.xlsx,NETGEN OCT,12838,OCT,2023-10-01,Solar,Photovoltaic,Solar,generation,Solar - Photovoltaic - Solar - Generation
63271,Huntley,PV,SUN,SUN,,N,2023,EIA923_Schedules_2_3_4_5_M_12_2023_Final_Revision.xlsx,TOT MMBTU NOV,30247,NOV,2023-11-01,Solar,Photovoltaic,Solar,total-fuel-consumed,Solar - Photovoltaic - Solar - Total Fuel Consumed
63271,Huntley,PV,SUN,SUN,,N,2023,EIA923_Schedules_2_3_4_5_M_12_2023_Final_Revision.xlsx,NETGEN NOV,8865,NOV,2023-11-01,Solar,Photovoltaic,Solar,generation,Solar - Photovoltaic - Solar - Generation
63271,Huntley,PV,SUN,SUN,,N,2023,EIA923_Schedules_2_3_4_5_M_12_2023_Final_Revision.xlsx,ELEC MMBTU NOV,30247,NOV,2023-11-01,Solar,Photovoltaic,Solar,quantity-consumed-electricity,Solar - Photovoltaic - Solar - Quantity Consumed For Electricity
63271,Huntley,PV,SUN,SUN,,N,2023,EIA923_Schedules_2_3_4_5_M_12_2023_Final_Revision.xlsx,ELEC MMBTU DEC,26504,DEC,2023-12-01,Solar,Photovoltaic,Solar,quantity-consumed-electricity,Solar - Photovoltaic - Solar - Quantity Consumed For Electricity
63271,Huntley,PV,SUN,SUN,,N,2023,EIA923_Schedules_2_3_4_5_M_12_2023_Final_Revision.xlsx,TOT MMBTU DEC,26504,DEC,2023-12-01,Solar,Photovoltaic,Solar,total-fuel-consumed,Solar - Photovoltaic - Solar - Total Fuel Consumed
63271,Huntley,PV,SUN,SUN,,N,2023,EIA923_Schedules_2_3_4_5_M_12_2023_Final_Revision.xlsx,NETGEN DEC,7768,DEC,2023-12-01,Solar,Photovoltaic,Solar,generation,Solar - Photovoltaic - Solar - Generation
63271,Huntley,PV,SUN,SUN,,N,2024,EIA923_Schedules_2_3_4_5_M_12_2024_Final.xlsx,NETGEN JAN,7004,JAN,2024-01-01,Solar,Photovoltaic,Solar,generation,Solar - Photovoltaic - Solar - Generation
63271,Huntley,PV,SUN,SUN,,N,2024,EIA923_Schedules_2_3_4_5_M_12_2024_Final.xlsx,TOT MMBTU JAN,23898,JAN,2024-01-01,Solar,Photovoltaic,Solar,total-fuel-consumed,Solar - Photovoltaic - Solar - Total Fuel Consumed
63271,Huntley,PV,SUN,SUN,,N,2024,EIA923_Schedules_2_3_4_5_M_12_2024_Final.xlsx,ELEC MMBTU JAN,23898,JAN,2024-01-01,Solar,Photovoltaic,Solar,quantity-consumed-electricity,Solar - Photovoltaic - Solar - Quantity Consumed For Electricity
63271,Huntley,PV,SUN,SUN,,N,2024,EIA923_Schedules_2_3_4_5_M_12_2024_Final.xlsx,TOT MMBTU FEB,35707,FEB,2024-02-01,Solar,Photovoltaic,Solar,total-fuel-consumed,Solar - Photovoltaic - Solar - Total Fuel Consumed
63271,Huntley,PV,SUN,SUN,,N,2024,EIA923_Schedules_2_3_4_5_M_12_2024_Final.xlsx,NETGEN FEB,10465,FEB,2024-02-01,Solar,Photovoltaic,Solar,generation,Solar - Photovoltaic - Solar - Generation
63271,Huntley,PV,SUN,SUN,,N,2024,EIA923_Schedules_2_3_4_5_M_12_2024_Final.xlsx,ELEC MMBTU FEB,35707,FEB,2024-02-01,Solar,Photovoltaic,Solar,quantity-consumed-electricity,Solar - Photovoltaic - Solar - Quantity Consumed For Electricity
63271,Huntley,PV,SUN,SUN,,N,2024,EIA923_Schedules_2_3_4_5_M_12_2024_Final.xlsx,NETGEN MAR,12986,MAR,2024-03-01,Solar,Photovoltaic,Solar,generation,Solar - Photovoltaic - Solar - Generation
63271,Huntley,PV,SUN,SUN,,N,2024,EIA923_Schedules_2_3_4_5_M_12_2024_Final.xlsx,TOT MMBTU MAR,44308,MAR,2024-03-01,Solar,Photovoltaic,Solar,total-fuel-consumed,Solar - Photovoltaic - Solar - Total Fuel Consumed
63271,Huntley,PV,SUN,SUN,,N,2024,EIA923_Schedules_2_3_4_5_M_12_2024_Final.xlsx,ELEC MMBTU MAR,44308,MAR,2024-03-01,Solar,Photovoltaic,Solar,quantity-consumed-electricity,Solar - Photovoltaic - Solar - Quantity Consumed For Electricity
63271,Huntley,PV,SUN,SUN,,N,2024,EIA923_Schedules_2_3_4_5_M_12_2024_Final.xlsx,NETGEN APR,17012,APR,2024-04-01,Solar,Photovoltaic,Solar,generation,Solar - Photovoltaic - Solar - Generation
63271,Huntley,PV,SUN,SUN,,N,2024,EIA923_Schedules_2_3_4_5_M_12_2024_Final.xlsx,ELEC MMBTU APR,58045,APR,2024-04-01,Solar,Photovoltaic,Solar,quantity-consumed-electricity,Solar - Photovoltaic - Solar - Quantity Consumed For Electricity
63271,Huntley,PV,SUN,SUN,,N,2024,EIA923_Schedules_2_3_4_5_M_12_2024_Final.xlsx,TOT MMBTU APR,58045,APR,2024-04-01,Solar,Photovoltaic,Solar,total-fuel-consumed,Solar - Photovoltaic - Solar - Total Fuel Consumed
63271,Huntley,PV,SUN,SUN,,N,2024,EIA923_Schedules_2_3_4_5_M_12_2024_Final.xlsx,NETGEN MAY,16013,MAY,2024-05-01,Solar,Photovoltaic,Solar,generation,Solar - Photovoltaic - Solar - Generation
63271,Huntley,PV,SUN,SUN,,N,2024,EIA923_Schedules_2_3_4_5_M_12_2024_Final.xlsx,TOT MMBTU MAY,54636,MAY,2024-05-01,Solar,Photovoltaic,Solar,total-fuel-consumed,Solar - Photovoltaic - Solar - Total Fuel Consumed
63271,Huntley,PV,SUN,SUN,,N,2024,EIA923_Schedules_2_3_4_5_M_12_2024_Final.xlsx,ELEC MMBTU MAY,54636,MAY,2024-05-01,Solar,Photovoltaic,Solar,quantity-consumed-electricity,Solar - Photovoltaic - Solar - Quantity Consumed For Electricity
63271,Huntley,PV,SUN,SUN,,N,2024,EIA923_Schedules_2_3_4_5_M_12_2024_Final.xlsx,ELEC MMBTU JUN,62910,JUN,2024-06-01,Solar,Photovoltaic,Solar,quantity-consumed-electricity,Solar - Photovoltaic - Solar - Quantity Consumed For Electricity
63271,Huntley,PV,SUN,SUN,,N,2024,EIA923_Schedules_2_3_4_5_M_12_2024_Final.xlsx,TOT MMBTU JUN,62910,JUN,2024-06-01,Solar,Photovoltaic,Solar,total-fuel-consumed,Solar - Photovoltaic - Solar - Total Fuel Consumed
63271,Huntley,PV,SUN,SUN,,N,2024,EIA923_Schedules_2_3_4_5_M_12_2024_Final.xlsx,NETGEN JUN,18438,JUN,2024-06-01,Solar,Photovoltaic,Solar,generation,Solar - Photovoltaic - Solar - Generation
63271,Huntley,PV,SUN,SUN,,N,2024,EIA923_Schedules_2_3_4_5_M_12_2024_Final.xlsx,ELEC MMBTU JUL,57485,JUL,2024-07-01,Solar,Photovoltaic,Solar,quantity-consumed-electricity,Solar - Photovoltaic - Solar - Quantity Consumed For Electricity
63271,Huntley,PV,SUN,SUN,,N,2024,EIA923_Schedules_2_3_4_5_M_12_2024_Final.xlsx,TOT MMBTU JUL,57485,JUL,2024-07-01,Solar,Photovoltaic,Solar,total-fuel-consumed,Solar - Photovoltaic - Solar - Total Fuel Consumed
63271,Huntley,PV,SUN,SUN,,N,2024,EIA923_Schedules_2_3_4_5_M_12_2024_Final.xlsx,NETGEN JUL,16848,JUL,2024-07-01,Solar,Photovoltaic,Solar,generation,Solar - Photovoltaic - Solar - Generation
63271,Huntley,PV,SUN,SUN,,N,2024,EIA923_Schedules_2_3_4_5_M_12_2024_Final.xlsx,NETGEN AUG,15112,AUG,2024-08-01,Solar,Photovoltaic,Solar,generation,Solar - Photovoltaic - Solar - Generation
63271,Huntley,PV,SUN,SUN,,N,2024,EIA923_Schedules_2_3_4_5_M_12_2024_Final.xlsx,ELEC MMBTU AUG,51562,AUG,2024-08-01,Solar,Photovoltaic,Solar,quantity-consumed-electricity,Solar - Photovoltaic - Solar - Quantity Consumed For Electricity
63271,Huntley,PV,SUN,SUN,,N,2024,EIA923_Schedules_2_3_4_5_M_12_2024_Final.xlsx,TOT MMBTU AUG,51562,AUG,2024-08-01,Solar,Photovoltaic,Solar,total-fuel-consumed,Solar - Photovoltaic - Solar - Total Fuel Consumed
63271,Huntley,PV,SUN,SUN,,N,2024,EIA923_Schedules_2_3_4_5_M_12_2024_Final.xlsx,ELEC MMBTU SEP,41282,SEP,2024-09-01,Solar,Photovoltaic,Solar,quantity-consumed-electricity,Solar - Photovoltaic - Solar - Quantity Consumed For Electricity
63271,Huntley,PV,SUN,SUN,,N,2024,EIA923_Schedules_2_3_4_5_M_12_2024_Final.xlsx,TOT MMBTU SEP,41282,SEP,2024-09-01,Solar,Photovoltaic,Solar,total-fuel-consumed,Solar - Photovoltaic - Solar - Total Fuel Consumed
63271,Huntley,PV,SUN,SUN,,N,2024,EIA923_Schedules_2_3_4_5_M_12_2024_Final.xlsx,NETGEN SEP,12099,SEP,2024-09-01,Solar,Photovoltaic,Solar,generation,Solar - Photovoltaic - Solar - Generation
63271,Huntley,PV,SUN,SUN,,N,2024,EIA923_Schedules_2_3_4_5_M_12_2024_Final.xlsx,NETGEN OCT,13758,OCT,2024-10-01,Solar,Photovoltaic,Solar,generation,Solar - Photovoltaic - Solar - Generation
63271,Huntley,PV,SUN,SUN,,N,2024,EIA923_Schedules_2_3_4_5_M_12_2024_Final.xlsx,TOT MMBTU OCT,46942,OCT,2024-10-01,Solar,Photovoltaic,Solar,total-fuel-consumed,Solar - Photovoltaic - Solar - Total Fuel Consumed
63271,Huntley,PV,SUN,SUN,,N,2024,EIA923_Schedules_2_3_4_5_M_12_2024_Final.xlsx,ELEC MMBTU OCT,46942,OCT,2024-10-01,Solar,Photovoltaic,Solar,quantity-consumed-electricity,Solar - Photovoltaic - Solar - Quantity Consumed For Electricity
63271,Huntley,PV,SUN,SUN,,N,2024,EIA923_Schedules_2_3_4_5_M_12_2024_Final.xlsx,ELEC MMBTU NOV,30612,NOV,2024-11-01,Solar,Photovoltaic,Solar,quantity-consumed-electricity,Solar - Photovoltaic - Solar - Quantity Consumed For Electricity
63271,Huntley,PV,SUN,SUN,,N,2024,EIA923_Schedules_2_3_4_5_M_12_2024_Final.xlsx,TOT MMBTU NOV,30612,NOV,2024-11-01,Solar,Photovoltaic,Solar,total-fuel-consumed,Solar - Photovoltaic - Solar - Total Fuel Consumed
63271,Huntley,PV,SUN,SUN,,N,2024,EIA923_Schedules_2_3_4_5_M_12_2024_Final.xlsx,NETGEN NOV,8972,NOV,2024-11-01,Solar,Photovoltaic,Solar,generation,Solar - Photovoltaic - Solar - Generation
63271,Huntley,PV,SUN,SUN,,N,2024,EIA923_Schedules_2_3_4_5_M_12_2024_Final.xlsx,NETGEN DEC,7370,DEC,2024-12-01,Solar,Photovoltaic,Solar,generation,Solar - Photovoltaic - Solar - Generation
63271,Huntley,PV,SUN,SUN,,N,2024,EIA923_Schedules_2_3_4_5_M_12_2024_Final.xlsx,TOT MMBTU DEC,25146,DEC,2024-12-01,Solar,Photovoltaic,Solar,total-fuel-consumed,Solar - Photovoltaic - Solar - Total Fuel Consumed
63271,Huntley,PV,SUN,SUN,,N,2024,EIA923_Schedules_2_3_4_5_M_12_2024_Final.xlsx,ELEC MMBTU DEC,25146,DEC,2024-12-01,Solar,Photovoltaic,Solar,quantity-consumed-electricity,Solar - Photovoltaic - Solar - Quantity Consumed For Electricity
63271,Huntley,PV,SUN,SUN,,N,2025,EIA923_Schedules_2_3_4_5_M_10_2025_17DEC2025.xlsx,TOT MMBTU JAN,30299,JAN,2025-01-01,Solar,Photovoltaic,Solar,total-fuel-consumed,Solar - Photovoltaic - Solar - Total Fuel Consumed
63271,Huntley,PV,SUN,SUN,,N,2025,EIA923_Schedules_2_3_4_5_M_10_2025_17DEC2025.xlsx,ELEC MMBTU JAN,30299,JAN,2025-01-01,Solar,Photovoltaic,Solar,quantity-consumed-electricity,Solar - Photovoltaic - Solar - Quantity Consumed For Electricity
63271,Huntley,PV,SUN,SUN,,N,2025,EIA923_Schedules_2_3_4_5_M_10_2025_17DEC2025.xlsx,NETGEN JAN,8880,JAN,2025-01-01,Solar,Photovoltaic,Solar,generation,Solar - Photovoltaic - Solar - Generation
63271,Huntley,PV,SUN,SUN,,N,2025,EIA923_Schedules_2_3_4_5_M_10_2025_17DEC2025.xlsx,TOT MMBTU FEB,29927,FEB,2025-02-01,Solar,Photovoltaic,Solar,total-fuel-consumed,Solar - Photovoltaic - Solar - Total Fuel Consumed
63271,Huntley,PV,SUN,SUN,,N,2025,EIA923_Schedules_2_3_4_5_M_10_2025_17DEC2025.xlsx,ELEC MMBTU FEB,29927,FEB,2025-02-01,Solar,Photovoltaic,Solar,quantity-consumed-electricity,Solar - Photovoltaic - Solar - Quantity Consumed For Electricity
63271,Huntley,PV,SUN,SUN,,N,2025,EIA923_Schedules_2_3_4_5_M_10_2025_17DEC2025.xlsx,NETGEN FEB,8771,FEB,2025-02-01,Solar,Photovoltaic,Solar,generation,Solar - Photovoltaic - Solar - Generation
63271,Huntley,PV,SUN,SUN,,N,2025,EIA923_Schedules_2_3_4_5_M_10_2025_17DEC2025.xlsx,TOT MMBTU MAR,50180,MAR,2025-03-01,Solar,Photovoltaic,Solar,total-fuel-consumed,Solar - Photovoltaic - Solar - Total Fuel Consumed
63271,Huntley,PV,SUN,SUN,,N,2025,EIA923_Schedules_2_3_4_5_M_10_2025_17DEC2025.xlsx,ELEC MMBTU MAR,50180,MAR,2025-03-01,Solar,Photovoltaic,Solar,quantity-consumed-electricity,Solar - Photovoltaic - Solar - Quantity Consumed For Electricity
63271,Huntley,PV,SUN,SUN,,N,2025,EIA923_Schedules_2_3_4_5_M_10_2025_17DEC2025.xlsx,NETGEN MAR,14707,MAR,2025-03-01,Solar,Photovoltaic,Solar,generation,Solar - Photovoltaic - Solar - Generation
63271,Huntley,PV,SUN,SUN,,N,2025,EIA923_Schedules_2_3_4_5_M_10_2025_17DEC2025.xlsx,NETGEN APR,17167,APR,2025-04-01,Solar,Photovoltaic,Solar,generation,Solar - Photovoltaic - Solar - Generation
63271,Huntley,PV,SUN,SUN,,N,2025,EIA923_Schedules_2_3_4_5_M_10_2025_17DEC2025.xlsx,TOT MMBTU APR,58574,APR,2025-04-01,Solar,Photovoltaic,Solar,total-fuel-consumed,Solar - Photovoltaic - Solar - Total Fuel Consumed
63271,Huntley,PV,SUN,SUN,,N,2025,EIA923_Schedules_2_3_4_5_M_10_2025_17DEC2025.xlsx,ELEC MMBTU APR,58574,APR,2025-04-01,Solar,Photovoltaic,Solar,quantity-consumed-electricity,Solar - Photovoltaic - Solar - Quantity Consumed For Electricity
63271,Huntley,PV,SUN,SUN,,N,2025,EIA923_Schedules_2_3_4_5_M_10_2025_17DEC2025.xlsx,ELEC MMBTU MAY,52398,MAY,2025-05-01,Solar,Photovoltaic,Solar,quantity-consumed-electricity,Solar - Photovoltaic - Solar - Quantity Consumed For Electricity
63271,Huntley,PV,SUN,SUN,,N,2025,EIA923_Schedules_2_3_4_5_M_10_2025_17DEC2025.xlsx,NETGEN MAY,15357,MAY,2025-05-01,Solar,Photovoltaic,Solar,generation,Solar - Photovoltaic - Solar - Generation
63271,Huntley,PV,SUN,SUN,,N,2025,EIA923_Schedules_2_3_4_5_M_10_2025_17DEC2025.xlsx,TOT MMBTU MAY,52398,MAY,2025-05-01,Solar,Photovoltaic,Solar,total-fuel-consumed,Solar - Photovoltaic - Solar - Total Fuel Consumed
63271,Huntley,PV,SUN,SUN,,N,2025,EIA923_Schedules_2_3_4_5_M_10_2025_17DEC2025.xlsx,NETGEN JUN,18461,JUN,2025-06-01,Solar,Photovoltaic,Solar,generation,Solar - Photovoltaic - Solar - Generation
63271,Huntley,PV,SUN,SUN,,N,2025,EIA923_Schedules_2_3_4_5_M_10_2025_17DEC2025.xlsx,TOT MMBTU JUN,62989,JUN,2025-06-01,Solar,Photovoltaic,Solar,total-fuel-consumed,Solar - Photovoltaic - Solar - Total Fuel Consumed
63271,Huntley,PV,SUN,SUN,,N,2025,EIA923_Schedules_2_3_4_5_M_10_2025_17DEC2025.xlsx,ELEC MMBTU JUN,62989,JUN,2025-06-01,Solar,Photovoltaic,Solar,quantity-consumed-electricity,Solar - Photovoltaic - Solar - Quantity Consumed For Electricity
63271,Huntley,PV,SUN,SUN,,N,2025,EIA923_Schedules_2_3_4_5_M_10_2025_17DEC2025.xlsx,NETGEN JUL,17369,JUL,2025-07-01,Solar,Photovoltaic,Solar,generation,Solar - Photovoltaic - Solar - Generation
63271,Huntley,PV,SUN,SUN,,N,2025,EIA923_Schedules_2_3_4_5_M_10_2025_17DEC2025.xlsx,TOT MMBTU JUL,59263,JUL,2025-07-01,Solar,Photovoltaic,Solar,total-fuel-consumed,Solar - Photovoltaic - Solar - Total Fuel Consumed
63271,Huntley,PV,SUN,SUN,,N,2025,EIA923_Schedules_2_3_4_5_M_10_2025_17DEC2025.xlsx,ELEC MMBTU JUL,59263,JUL,2025-07-01,Solar,Photovoltaic,Solar,quantity-consumed-electricity,Solar - Photovoltaic - Solar - Quantity Consumed For Electricity
63271,Huntley,PV,SUN,SUN,,N,2025,EIA923_Schedules_2_3_4_5_M_10_2025_17DEC2025.xlsx,TOT MMBTU AUG,44380,AUG,2025-08-01,Solar,Photovoltaic,Solar,total-fuel-consumed,Solar - Photovoltaic - Solar - Total Fuel Consumed
63271,Huntley,PV,SUN,SUN,,N,2025,EIA923_Schedules_2_3_4_5_M_10_2025_17DEC2025.xlsx,ELEC MMBTU AUG,44380,AUG,2025-08-01,Solar,Photovoltaic,Solar,quantity-consumed-electricity,Solar - Photovoltaic - Solar - Quantity Consumed For Electricity
63271,Huntley,PV,SUN,SUN,,N,2025,EIA923_Schedules_2_3_4_5_M_10_2025_17DEC2025.xlsx,NETGEN AUG,13007,AUG,2025-08-01,Solar,Photovoltaic,Solar,generation,Solar - Photovoltaic - Solar - Generation
63271,Huntley,PV,SUN,SUN,,N,2025,EIA923_Schedules_2_3_4_5_M_10_2025_17DEC2025.xlsx,TOT MMBTU SEP,52333,SEP,2025-09-01,Solar,Photovoltaic,Solar,total-fuel-consumed,Solar - Photovoltaic - Solar - Total Fuel Consumed
63271,Huntley,PV,SUN,SUN,,N,2025,EIA923_Schedules_2_3_4_5_M_10_2025_17DEC2025.xlsx,NETGEN SEP,15338,SEP,2025-09-01,Solar,Photovoltaic,Solar,generation,Solar - Photovoltaic - Solar - Generation
63271,Huntley,PV,SUN,SUN,,N,2025,EIA923_Schedules_2_3_4_5_M_10_2025_17DEC2025.xlsx,ELEC MMBTU SEP,52333,SEP,2025-09-01,Solar,Photovoltaic,Solar,quantity-consumed-electricity,Solar - Photovoltaic - Solar - Quantity Consumed For Electricity
63271,Huntley,PV,SUN,SUN,,N,2025,EIA923_Schedules_2_3_4_5_M_10_2025_17DEC2025.xlsx,NETGEN OCT,11239,OCT,2025-10-01,Solar,Photovoltaic,Solar,generation,Solar - Photovoltaic - Solar - Generation
63271,Huntley,PV,SUN,SUN,,N,2025,EIA923_Schedules_2_3_4_5_M_10_2025_17DEC2025.xlsx,ELEC MMBTU OCT,38347,OCT,2025-10-01,Solar,Photovoltaic,Solar,quantity-consumed-electricity,Solar - Photovoltaic - Solar - Quantity Consumed For Electricity
63271,Huntley,PV,SUN,SUN,,N,2025,EIA923_Schedules_2_3_4_5_M_10_2025_17DEC2025.xlsx,TOT MMBTU OCT,38347,OCT,2025-10-01,Solar,Photovoltaic,Solar,total-fuel-consumed,Solar - Photovoltaic - Solar - Total Fuel Consumed
