PLANT ID,PLANT NAME,REPORTED PRIME MOVER,REPORTED FUEL TYPE CODE,MER FUEL TYPE CODE,NUCLEAR UNIT ID,COMBINED HEAT AND POWER PLANT,YEAR,file,variable,value,MONTH,period,energy_type,prime_mover_type,mer_type,common_name,sensor_name
64352,Mtn Solar 6 LLC (CSG),PV,SUN,SUN,,N,2022,EIA923_Schedules_2_3_4_5_M_12_2022_Final_Revision.xlsx,ELEC MMBTU MAR,1098,MAR,2022-03-01,Solar,Photovoltaic,Solar,quantity-consumed-electricity,Solar - Photovoltaic - Solar - Quantity Consumed For Electricity
64352,Mtn Solar 6 LLC (CSG),PV,SUN,SUN,,N,2022,EIA923_Schedules_2_3_4_5_M_12_2022_Final_Revision.xlsx,TOT MMBTU MAR,1098,MAR,2022-03-01,Solar,Photovoltaic,Solar,total-fuel-consumed,Solar - Photovoltaic - Solar - Total Fuel Consumed
64352,Mtn Solar 6 LLC (CSG),PV,SUN,SUN,,N,2022,EIA923_Schedules_2_3_4_5_M_12_2022_Final_Revision.xlsx,NETGEN MAR,321.756,MAR,2022-03-01,Solar,Photovoltaic,Solar,generation,Solar - Photovoltaic - Solar - Generation
64352,Mtn Solar 6 LLC (CSG),PV,SUN,SUN,,N,2022,EIA923_Schedules_2_3_4_5_M_12_2022_Final_Revision.xlsx,NETGEN APR,389.574,APR,2022-04-01,Solar,Photovoltaic,Solar,generation,Solar - Photovoltaic - Solar - Generation
64352,Mtn Solar 6 LLC (CSG),PV,SUN,SUN,,N,2022,EIA923_Schedules_2_3_4_5_M_12_2022_Final_Revision.xlsx,ELEC MMBTU APR,1329,APR,2022-04-01,Solar,Photovoltaic,Solar,quantity-consumed-electricity,Solar - Photovoltaic - Solar - Quantity Consumed For Electricity
64352,Mtn Solar 6 LLC (CSG),PV,SUN,SUN,,N,2022,EIA923_Schedules_2_3_4_5_M_12_2022_Final_Revision.xlsx,TOT MMBTU APR,1329,APR,2022-04-01,Solar,Photovoltaic,Solar,total-fuel-consumed,Solar - Photovoltaic - Solar - Total Fuel Consumed
64352,Mtn Solar 6 LLC (CSG),PV,SUN,SUN,,N,2022,EIA923_Schedules_2_3_4_5_M_12_2022_Final_Revision.xlsx,TOT MMBTU MAY,1363,MAY,2022-05-01,Solar,Photovoltaic,Solar,total-fuel-consumed,Solar - Photovoltaic - Solar - Total Fuel Consumed
64352,Mtn Solar 6 LLC (CSG),PV,SUN,SUN,,N,2022,EIA923_Schedules_2_3_4_5_M_12_2022_Final_Revision.xlsx,ELEC MMBTU MAY,1363,MAY,2022-05-01,Solar,Photovoltaic,Solar,quantity-consumed-electricity,Solar - Photovoltaic - Solar - Quantity Consumed For Electricity
64352,Mtn Solar 6 LLC (CSG),PV,SUN,SUN,,N,2022,EIA923_Schedules_2_3_4_5_M_12_2022_Final_Revision.xlsx,NETGEN MAY,399.574,MAY,2022-05-01,Solar,Photovoltaic,Solar,generation,Solar - Photovoltaic - Solar - Generation
64352,Mtn Solar 6 LLC (CSG),PV,SUN,SUN,,N,2022,EIA923_Schedules_2_3_4_5_M_12_2022_Final_Revision.xlsx,NETGEN JUN,354.686,JUN,2022-06-01,Solar,Photovoltaic,Solar,generation,Solar - Photovoltaic - Solar - Generation
64352,Mtn Solar 6 LLC (CSG),PV,SUN,SUN,,N,2022,EIA923_Schedules_2_3_4_5_M_12_2022_Final_Revision.xlsx,ELEC MMBTU JUN,1210,JUN,2022-06-01,Solar,Photovoltaic,Solar,quantity-consumed-electricity,Solar - Photovoltaic - Solar - Quantity Consumed For Electricity
64352,Mtn Solar 6 LLC (CSG),PV,SUN,SUN,,N,2022,EIA923_Schedules_2_3_4_5_M_12_2022_Final_Revision.xlsx,TOT MMBTU JUN,1210,JUN,2022-06-01,Solar,Photovoltaic,Solar,total-fuel-consumed,Solar - Photovoltaic - Solar - Total Fuel Consumed
64352,Mtn Solar 6 LLC (CSG),PV,SUN,SUN,,N,2022,EIA923_Schedules_2_3_4_5_M_12_2022_Final_Revision.xlsx,ELEC MMBTU JUL,1402,JUL,2022-07-01,Solar,Photovoltaic,Solar,quantity-consumed-electricity,Solar - Photovoltaic - Solar - Quantity Consumed For Electricity
64352,Mtn Solar 6 LLC (CSG),PV,SUN,SUN,,N,2022,EIA923_Schedules_2_3_4_5_M_12_2022_Final_Revision.xlsx,TOT MMBTU JUL,1402,JUL,2022-07-01,Solar,Photovoltaic,Solar,total-fuel-consumed,Solar - Photovoltaic - Solar - Total Fuel Consumed
64352,Mtn Solar 6 LLC (CSG),PV,SUN,SUN,,N,2022,EIA923_Schedules_2_3_4_5_M_12_2022_Final_Revision.xlsx,NETGEN JUL,410.848,JUL,2022-07-01,Solar,Photovoltaic,Solar,generation,Solar - Photovoltaic - Solar - Generation
64352,Mtn Solar 6 LLC (CSG),PV,SUN,SUN,,N,2022,EIA923_Schedules_2_3_4_5_M_12_2022_Final_Revision.xlsx,TOT MMBTU AUG,1413,AUG,2022-08-01,Solar,Photovoltaic,Solar,total-fuel-consumed,Solar - Photovoltaic - Solar - Total Fuel Consumed
64352,Mtn Solar 6 LLC (CSG),PV,SUN,SUN,,N,2022,EIA923_Schedules_2_3_4_5_M_12_2022_Final_Revision.xlsx,ELEC MMBTU AUG,1413,AUG,2022-08-01,Solar,Photovoltaic,Solar,quantity-consumed-electricity,Solar - Photovoltaic - Solar - Quantity Consumed For Electricity
64352,Mtn Solar 6 LLC (CSG),PV,SUN,SUN,,N,2022,EIA923_Schedules_2_3_4_5_M_12_2022_Final_Revision.xlsx,NETGEN AUG,414.052,AUG,2022-08-01,Solar,Photovoltaic,Solar,generation,Solar - Photovoltaic - Solar - Generation
64352,Mtn Solar 6 LLC (CSG),PV,SUN,SUN,,N,2022,EIA923_Schedules_2_3_4_5_M_12_2022_Final_Revision.xlsx,NETGEN SEP,360.751,SEP,2022-09-01,Solar,Photovoltaic,Solar,generation,Solar - Photovoltaic - Solar - Generation
64352,Mtn Solar 6 LLC (CSG),PV,SUN,SUN,,N,2022,EIA923_Schedules_2_3_4_5_M_12_2022_Final_Revision.xlsx,ELEC MMBTU SEP,1231,SEP,2022-09-01,Solar,Photovoltaic,Solar,quantity-consumed-electricity,Solar - Photovoltaic - Solar - Quantity Consumed For Electricity
64352,Mtn Solar 6 LLC (CSG),PV,SUN,SUN,,N,2022,EIA923_Schedules_2_3_4_5_M_12_2022_Final_Revision.xlsx,TOT MMBTU SEP,1231,SEP,2022-09-01,Solar,Photovoltaic,Solar,total-fuel-consumed,Solar - Photovoltaic - Solar - Total Fuel Consumed
64352,Mtn Solar 6 LLC (CSG),PV,SUN,SUN,,N,2022,EIA923_Schedules_2_3_4_5_M_12_2022_Final_Revision.xlsx,ELEC MMBTU OCT,1016,OCT,2022-10-01,Solar,Photovoltaic,Solar,quantity-consumed-electricity,Solar - Photovoltaic - Solar - Quantity Consumed For Electricity
64352,Mtn Solar 6 LLC (CSG),PV,SUN,SUN,,N,2022,EIA923_Schedules_2_3_4_5_M_12_2022_Final_Revision.xlsx,NETGEN OCT,297.713,OCT,2022-10-01,Solar,Photovoltaic,Solar,generation,Solar - Photovoltaic - Solar - Generation
64352,Mtn Solar 6 LLC (CSG),PV,SUN,SUN,,N,2022,EIA923_Schedules_2_3_4_5_M_12_2022_Final_Revision.xlsx,TOT MMBTU OCT,1016,OCT,2022-10-01,Solar,Photovoltaic,Solar,total-fuel-consumed,Solar - Photovoltaic - Solar - Total Fuel Consumed
64352,Mtn Solar 6 LLC (CSG),PV,SUN,SUN,,N,2022,EIA923_Schedules_2_3_4_5_M_12_2022_Final_Revision.xlsx,TOT MMBTU NOV,745,NOV,2022-11-01,Solar,Photovoltaic,Solar,total-fuel-consumed,Solar - Photovoltaic - Solar - Total Fuel Consumed
64352,Mtn Solar 6 LLC (CSG),PV,SUN,SUN,,N,2022,EIA923_Schedules_2_3_4_5_M_12_2022_Final_Revision.xlsx,NETGEN NOV,218.235,NOV,2022-11-01,Solar,Photovoltaic,Solar,generation,Solar - Photovoltaic - Solar - Generation
64352,Mtn Solar 6 LLC (CSG),PV,SUN,SUN,,N,2022,EIA923_Schedules_2_3_4_5_M_12_2022_Final_Revision.xlsx,ELEC MMBTU NOV,745,NOV,2022-11-01,Solar,Photovoltaic,Solar,quantity-consumed-electricity,Solar - Photovoltaic - Solar - Quantity Consumed For Electricity
64352,Mtn Solar 6 LLC (CSG),PV,SUN,SUN,,N,2022,EIA923_Schedules_2_3_4_5_M_12_2022_Final_Revision.xlsx,ELEC MMBTU DEC,658,DEC,2022-12-01,Solar,Photovoltaic,Solar,quantity-consumed-electricity,Solar - Photovoltaic - Solar - Quantity Consumed For Electricity
64352,Mtn Solar 6 LLC (CSG),PV,SUN,SUN,,N,2022,EIA923_Schedules_2_3_4_5_M_12_2022_Final_Revision.xlsx,NETGEN DEC,192.811,DEC,2022-12-01,Solar,Photovoltaic,Solar,generation,Solar - Photovoltaic - Solar - Generation
64352,Mtn Solar 6 LLC (CSG),PV,SUN,SUN,,N,2022,EIA923_Schedules_2_3_4_5_M_12_2022_Final_Revision.xlsx,TOT MMBTU DEC,658,DEC,2022-12-01,Solar,Photovoltaic,Solar,total-fuel-consumed,Solar - Photovoltaic - Solar - Total Fuel Consumed
64352,Mtn Solar 6 LLC (CSG),PV,SUN,SUN,,N,2023,EIA923_Schedules_2_3_4_5_M_12_2023_Final_Revision.xlsx,ELEC MMBTU JAN,0,JAN,2023-01-01,Solar,Photovoltaic,Solar,quantity-consumed-electricity,Solar - Photovoltaic - Solar - Quantity Consumed For Electricity
64352,Mtn Solar 6 LLC (CSG),PV,SUN,SUN,,N,2023,EIA923_Schedules_2_3_4_5_M_12_2023_Final_Revision.xlsx,TOT MMBTU JAN,0,JAN,2023-01-01,Solar,Photovoltaic,Solar,total-fuel-consumed,Solar - Photovoltaic - Solar - Total Fuel Consumed
64352,Mtn Solar 6 LLC (CSG),PV,SUN,SUN,,N,2023,EIA923_Schedules_2_3_4_5_M_12_2023_Final_Revision.xlsx,NETGEN JAN,0,JAN,2023-01-01,Solar,Photovoltaic,Solar,generation,Solar - Photovoltaic - Solar - Generation
64352,Mtn Solar 6 LLC (CSG),PV,SUN,SUN,,N,2023,EIA923_Schedules_2_3_4_5_M_12_2023_Final_Revision.xlsx,TOT MMBTU FEB,539,FEB,2023-02-01,Solar,Photovoltaic,Solar,total-fuel-consumed,Solar - Photovoltaic - Solar - Total Fuel Consumed
64352,Mtn Solar 6 LLC (CSG),PV,SUN,SUN,,N,2023,EIA923_Schedules_2_3_4_5_M_12_2023_Final_Revision.xlsx,NETGEN FEB,158,FEB,2023-02-01,Solar,Photovoltaic,Solar,generation,Solar - Photovoltaic - Solar - Generation
64352,Mtn Solar 6 LLC (CSG),PV,SUN,SUN,,N,2023,EIA923_Schedules_2_3_4_5_M_12_2023_Final_Revision.xlsx,ELEC MMBTU FEB,539,FEB,2023-02-01,Solar,Photovoltaic,Solar,quantity-consumed-electricity,Solar - Photovoltaic - Solar - Quantity Consumed For Electricity
64352,Mtn Solar 6 LLC (CSG),PV,SUN,SUN,,N,2023,EIA923_Schedules_2_3_4_5_M_12_2023_Final_Revision.xlsx,ELEC MMBTU MAR,720,MAR,2023-03-01,Solar,Photovoltaic,Solar,quantity-consumed-electricity,Solar - Photovoltaic - Solar - Quantity Consumed For Electricity
64352,Mtn Solar 6 LLC (CSG),PV,SUN,SUN,,N,2023,EIA923_Schedules_2_3_4_5_M_12_2023_Final_Revision.xlsx,NETGEN MAR,211,MAR,2023-03-01,Solar,Photovoltaic,Solar,generation,Solar - Photovoltaic - Solar - Generation
64352,Mtn Solar 6 LLC (CSG),PV,SUN,SUN,,N,2023,EIA923_Schedules_2_3_4_5_M_12_2023_Final_Revision.xlsx,TOT MMBTU MAR,720,MAR,2023-03-01,Solar,Photovoltaic,Solar,total-fuel-consumed,Solar - Photovoltaic - Solar - Total Fuel Consumed
64352,Mtn Solar 6 LLC (CSG),PV,SUN,SUN,,N,2023,EIA923_Schedules_2_3_4_5_M_12_2023_Final_Revision.xlsx,ELEC MMBTU APR,1269,APR,2023-04-01,Solar,Photovoltaic,Solar,quantity-consumed-electricity,Solar - Photovoltaic - Solar - Quantity Consumed For Electricity
64352,Mtn Solar 6 LLC (CSG),PV,SUN,SUN,,N,2023,EIA923_Schedules_2_3_4_5_M_12_2023_Final_Revision.xlsx,NETGEN APR,372,APR,2023-04-01,Solar,Photovoltaic,Solar,generation,Solar - Photovoltaic - Solar - Generation
64352,Mtn Solar 6 LLC (CSG),PV,SUN,SUN,,N,2023,EIA923_Schedules_2_3_4_5_M_12_2023_Final_Revision.xlsx,TOT MMBTU APR,1269,APR,2023-04-01,Solar,Photovoltaic,Solar,total-fuel-consumed,Solar - Photovoltaic - Solar - Total Fuel Consumed
64352,Mtn Solar 6 LLC (CSG),PV,SUN,SUN,,N,2023,EIA923_Schedules_2_3_4_5_M_12_2023_Final_Revision.xlsx,NETGEN MAY,404,MAY,2023-05-01,Solar,Photovoltaic,Solar,generation,Solar - Photovoltaic - Solar - Generation
64352,Mtn Solar 6 LLC (CSG),PV,SUN,SUN,,N,2023,EIA923_Schedules_2_3_4_5_M_12_2023_Final_Revision.xlsx,TOT MMBTU MAY,1378,MAY,2023-05-01,Solar,Photovoltaic,Solar,total-fuel-consumed,Solar - Photovoltaic - Solar - Total Fuel Consumed
64352,Mtn Solar 6 LLC (CSG),PV,SUN,SUN,,N,2023,EIA923_Schedules_2_3_4_5_M_12_2023_Final_Revision.xlsx,ELEC MMBTU MAY,1378,MAY,2023-05-01,Solar,Photovoltaic,Solar,quantity-consumed-electricity,Solar - Photovoltaic - Solar - Quantity Consumed For Electricity
64352,Mtn Solar 6 LLC (CSG),PV,SUN,SUN,,N,2023,EIA923_Schedules_2_3_4_5_M_12_2023_Final_Revision.xlsx,NETGEN JUN,385,JUN,2023-06-01,Solar,Photovoltaic,Solar,generation,Solar - Photovoltaic - Solar - Generation
64352,Mtn Solar 6 LLC (CSG),PV,SUN,SUN,,N,2023,EIA923_Schedules_2_3_4_5_M_12_2023_Final_Revision.xlsx,ELEC MMBTU JUN,1314,JUN,2023-06-01,Solar,Photovoltaic,Solar,quantity-consumed-electricity,Solar - Photovoltaic - Solar - Quantity Consumed For Electricity
64352,Mtn Solar 6 LLC (CSG),PV,SUN,SUN,,N,2023,EIA923_Schedules_2_3_4_5_M_12_2023_Final_Revision.xlsx,TOT MMBTU JUN,1314,JUN,2023-06-01,Solar,Photovoltaic,Solar,total-fuel-consumed,Solar - Photovoltaic - Solar - Total Fuel Consumed
64352,Mtn Solar 6 LLC (CSG),PV,SUN,SUN,,N,2023,EIA923_Schedules_2_3_4_5_M_12_2023_Final_Revision.xlsx,ELEC MMBTU JUL,1375,JUL,2023-07-01,Solar,Photovoltaic,Solar,quantity-consumed-electricity,Solar - Photovoltaic - Solar - Quantity Consumed For Electricity
64352,Mtn Solar 6 LLC (CSG),PV,SUN,SUN,,N,2023,EIA923_Schedules_2_3_4_5_M_12_2023_Final_Revision.xlsx,NETGEN JUL,403,JUL,2023-07-01,Solar,Photovoltaic,Solar,generation,Solar - Photovoltaic - Solar - Generation
64352,Mtn Solar 6 LLC (CSG),PV,SUN,SUN,,N,2023,EIA923_Schedules_2_3_4_5_M_12_2023_Final_Revision.xlsx,TOT MMBTU JUL,1375,JUL,2023-07-01,Solar,Photovoltaic,Solar,total-fuel-consumed,Solar - Photovoltaic - Solar - Total Fuel Consumed
64352,Mtn Solar 6 LLC (CSG),PV,SUN,SUN,,N,2023,EIA923_Schedules_2_3_4_5_M_12_2023_Final_Revision.xlsx,TOT MMBTU AUG,1494,AUG,2023-08-01,Solar,Photovoltaic,Solar,total-fuel-consumed,Solar - Photovoltaic - Solar - Total Fuel Consumed
64352,Mtn Solar 6 LLC (CSG),PV,SUN,SUN,,N,2023,EIA923_Schedules_2_3_4_5_M_12_2023_Final_Revision.xlsx,ELEC MMBTU AUG,1494,AUG,2023-08-01,Solar,Photovoltaic,Solar,quantity-consumed-electricity,Solar - Photovoltaic - Solar - Quantity Consumed For Electricity
64352,Mtn Solar 6 LLC (CSG),PV,SUN,SUN,,N,2023,EIA923_Schedules_2_3_4_5_M_12_2023_Final_Revision.xlsx,NETGEN AUG,438,AUG,2023-08-01,Solar,Photovoltaic,Solar,generation,Solar - Photovoltaic - Solar - Generation
64352,Mtn Solar 6 LLC (CSG),PV,SUN,SUN,,N,2023,EIA923_Schedules_2_3_4_5_M_12_2023_Final_Revision.xlsx,ELEC MMBTU SEP,1317,SEP,2023-09-01,Solar,Photovoltaic,Solar,quantity-consumed-electricity,Solar - Photovoltaic - Solar - Quantity Consumed For Electricity
64352,Mtn Solar 6 LLC (CSG),PV,SUN,SUN,,N,2023,EIA923_Schedules_2_3_4_5_M_12_2023_Final_Revision.xlsx,TOT MMBTU SEP,1317,SEP,2023-09-01,Solar,Photovoltaic,Solar,total-fuel-consumed,Solar - Photovoltaic - Solar - Total Fuel Consumed
64352,Mtn Solar 6 LLC (CSG),PV,SUN,SUN,,N,2023,EIA923_Schedules_2_3_4_5_M_12_2023_Final_Revision.xlsx,NETGEN SEP,386,SEP,2023-09-01,Solar,Photovoltaic,Solar,generation,Solar - Photovoltaic - Solar - Generation
64352,Mtn Solar 6 LLC (CSG),PV,SUN,SUN,,N,2023,EIA923_Schedules_2_3_4_5_M_12_2023_Final_Revision.xlsx,NETGEN OCT,306,OCT,2023-10-01,Solar,Photovoltaic,Solar,generation,Solar - Photovoltaic - Solar - Generation
64352,Mtn Solar 6 LLC (CSG),PV,SUN,SUN,,N,2023,EIA923_Schedules_2_3_4_5_M_12_2023_Final_Revision.xlsx,TOT MMBTU OCT,1044,OCT,2023-10-01,Solar,Photovoltaic,Solar,total-fuel-consumed,Solar - Photovoltaic - Solar - Total Fuel Consumed
64352,Mtn Solar 6 LLC (CSG),PV,SUN,SUN,,N,2023,EIA923_Schedules_2_3_4_5_M_12_2023_Final_Revision.xlsx,ELEC MMBTU OCT,1044,OCT,2023-10-01,Solar,Photovoltaic,Solar,quantity-consumed-electricity,Solar - Photovoltaic - Solar - Quantity Consumed For Electricity
64352,Mtn Solar 6 LLC (CSG),PV,SUN,SUN,,N,2023,EIA923_Schedules_2_3_4_5_M_12_2023_Final_Revision.xlsx,TOT MMBTU NOV,764,NOV,2023-11-01,Solar,Photovoltaic,Solar,total-fuel-consumed,Solar - Photovoltaic - Solar - Total Fuel Consumed
64352,Mtn Solar 6 LLC (CSG),PV,SUN,SUN,,N,2023,EIA923_Schedules_2_3_4_5_M_12_2023_Final_Revision.xlsx,ELEC MMBTU NOV,764,NOV,2023-11-01,Solar,Photovoltaic,Solar,quantity-consumed-electricity,Solar - Photovoltaic - Solar - Quantity Consumed For Electricity
64352,Mtn Solar 6 LLC (CSG),PV,SUN,SUN,,N,2023,EIA923_Schedules_2_3_4_5_M_12_2023_Final_Revision.xlsx,NETGEN NOV,224,NOV,2023-11-01,Solar,Photovoltaic,Solar,generation,Solar - Photovoltaic - Solar - Generation
64352,Mtn Solar 6 LLC (CSG),PV,SUN,SUN,,N,2023,EIA923_Schedules_2_3_4_5_M_12_2023_Final_Revision.xlsx,TOT MMBTU DEC,594,DEC,2023-12-01,Solar,Photovoltaic,Solar,total-fuel-consumed,Solar - Photovoltaic - Solar - Total Fuel Consumed
64352,Mtn Solar 6 LLC (CSG),PV,SUN,SUN,,N,2023,EIA923_Schedules_2_3_4_5_M_12_2023_Final_Revision.xlsx,ELEC MMBTU DEC,594,DEC,2023-12-01,Solar,Photovoltaic,Solar,quantity-consumed-electricity,Solar - Photovoltaic - Solar - Quantity Consumed For Electricity
64352,Mtn Solar 6 LLC (CSG),PV,SUN,SUN,,N,2023,EIA923_Schedules_2_3_4_5_M_12_2023_Final_Revision.xlsx,NETGEN DEC,174,DEC,2023-12-01,Solar,Photovoltaic,Solar,generation,Solar - Photovoltaic - Solar - Generation
64352,Mtn Solar 6 LLC (CSG),PV,SUN,SUN,,N,2024,EIA923_Schedules_2_3_4_5_M_12_2024_Final.xlsx,ELEC MMBTU JAN,689,JAN,2024-01-01,Solar,Photovoltaic,Solar,quantity-consumed-electricity,Solar - Photovoltaic - Solar - Quantity Consumed For Electricity
64352,Mtn Solar 6 LLC (CSG),PV,SUN,SUN,,N,2024,EIA923_Schedules_2_3_4_5_M_12_2024_Final.xlsx,NETGEN JAN,202,JAN,2024-01-01,Solar,Photovoltaic,Solar,generation,Solar - Photovoltaic - Solar - Generation
64352,Mtn Solar 6 LLC (CSG),PV,SUN,SUN,,N,2024,EIA923_Schedules_2_3_4_5_M_12_2024_Final.xlsx,TOT MMBTU JAN,689,JAN,2024-01-01,Solar,Photovoltaic,Solar,total-fuel-consumed,Solar - Photovoltaic - Solar - Total Fuel Consumed
64352,Mtn Solar 6 LLC (CSG),PV,SUN,SUN,,N,2024,EIA923_Schedules_2_3_4_5_M_12_2024_Final.xlsx,NETGEN FEB,254,FEB,2024-02-01,Solar,Photovoltaic,Solar,generation,Solar - Photovoltaic - Solar - Generation
64352,Mtn Solar 6 LLC (CSG),PV,SUN,SUN,,N,2024,EIA923_Schedules_2_3_4_5_M_12_2024_Final.xlsx,TOT MMBTU FEB,867,FEB,2024-02-01,Solar,Photovoltaic,Solar,total-fuel-consumed,Solar - Photovoltaic - Solar - Total Fuel Consumed
64352,Mtn Solar 6 LLC (CSG),PV,SUN,SUN,,N,2024,EIA923_Schedules_2_3_4_5_M_12_2024_Final.xlsx,ELEC MMBTU FEB,867,FEB,2024-02-01,Solar,Photovoltaic,Solar,quantity-consumed-electricity,Solar - Photovoltaic - Solar - Quantity Consumed For Electricity
64352,Mtn Solar 6 LLC (CSG),PV,SUN,SUN,,N,2024,EIA923_Schedules_2_3_4_5_M_12_2024_Final.xlsx,NETGEN MAR,342,MAR,2024-03-01,Solar,Photovoltaic,Solar,generation,Solar - Photovoltaic - Solar - Generation
64352,Mtn Solar 6 LLC (CSG),PV,SUN,SUN,,N,2024,EIA923_Schedules_2_3_4_5_M_12_2024_Final.xlsx,TOT MMBTU MAR,1167,MAR,2024-03-01,Solar,Photovoltaic,Solar,total-fuel-consumed,Solar - Photovoltaic - Solar - Total Fuel Consumed
64352,Mtn Solar 6 LLC (CSG),PV,SUN,SUN,,N,2024,EIA923_Schedules_2_3_4_5_M_12_2024_Final.xlsx,ELEC MMBTU MAR,1167,MAR,2024-03-01,Solar,Photovoltaic,Solar,quantity-consumed-electricity,Solar - Photovoltaic - Solar - Quantity Consumed For Electricity
64352,Mtn Solar 6 LLC (CSG),PV,SUN,SUN,,N,2024,EIA923_Schedules_2_3_4_5_M_12_2024_Final.xlsx,NETGEN APR,350,APR,2024-04-01,Solar,Photovoltaic,Solar,generation,Solar - Photovoltaic - Solar - Generation
64352,Mtn Solar 6 LLC (CSG),PV,SUN,SUN,,N,2024,EIA923_Schedules_2_3_4_5_M_12_2024_Final.xlsx,TOT MMBTU APR,1194,APR,2024-04-01,Solar,Photovoltaic,Solar,total-fuel-consumed,Solar - Photovoltaic - Solar - Total Fuel Consumed
64352,Mtn Solar 6 LLC (CSG),PV,SUN,SUN,,N,2024,EIA923_Schedules_2_3_4_5_M_12_2024_Final.xlsx,ELEC MMBTU APR,1194,APR,2024-04-01,Solar,Photovoltaic,Solar,quantity-consumed-electricity,Solar - Photovoltaic - Solar - Quantity Consumed For Electricity
64352,Mtn Solar 6 LLC (CSG),PV,SUN,SUN,,N,2024,EIA923_Schedules_2_3_4_5_M_12_2024_Final.xlsx,NETGEN MAY,439,MAY,2024-05-01,Solar,Photovoltaic,Solar,generation,Solar - Photovoltaic - Solar - Generation
64352,Mtn Solar 6 LLC (CSG),PV,SUN,SUN,,N,2024,EIA923_Schedules_2_3_4_5_M_12_2024_Final.xlsx,TOT MMBTU MAY,1498,MAY,2024-05-01,Solar,Photovoltaic,Solar,total-fuel-consumed,Solar - Photovoltaic - Solar - Total Fuel Consumed
64352,Mtn Solar 6 LLC (CSG),PV,SUN,SUN,,N,2024,EIA923_Schedules_2_3_4_5_M_12_2024_Final.xlsx,ELEC MMBTU MAY,1498,MAY,2024-05-01,Solar,Photovoltaic,Solar,quantity-consumed-electricity,Solar - Photovoltaic - Solar - Quantity Consumed For Electricity
64352,Mtn Solar 6 LLC (CSG),PV,SUN,SUN,,N,2024,EIA923_Schedules_2_3_4_5_M_12_2024_Final.xlsx,NETGEN JUN,432,JUN,2024-06-01,Solar,Photovoltaic,Solar,generation,Solar - Photovoltaic - Solar - Generation
64352,Mtn Solar 6 LLC (CSG),PV,SUN,SUN,,N,2024,EIA923_Schedules_2_3_4_5_M_12_2024_Final.xlsx,ELEC MMBTU JUN,1474,JUN,2024-06-01,Solar,Photovoltaic,Solar,quantity-consumed-electricity,Solar - Photovoltaic - Solar - Quantity Consumed For Electricity
64352,Mtn Solar 6 LLC (CSG),PV,SUN,SUN,,N,2024,EIA923_Schedules_2_3_4_5_M_12_2024_Final.xlsx,TOT MMBTU JUN,1474,JUN,2024-06-01,Solar,Photovoltaic,Solar,total-fuel-consumed,Solar - Photovoltaic - Solar - Total Fuel Consumed
64352,Mtn Solar 6 LLC (CSG),PV,SUN,SUN,,N,2024,EIA923_Schedules_2_3_4_5_M_12_2024_Final.xlsx,NETGEN JUL,445,JUL,2024-07-01,Solar,Photovoltaic,Solar,generation,Solar - Photovoltaic - Solar - Generation
64352,Mtn Solar 6 LLC (CSG),PV,SUN,SUN,,N,2024,EIA923_Schedules_2_3_4_5_M_12_2024_Final.xlsx,TOT MMBTU JUL,1518,JUL,2024-07-01,Solar,Photovoltaic,Solar,total-fuel-consumed,Solar - Photovoltaic - Solar - Total Fuel Consumed
64352,Mtn Solar 6 LLC (CSG),PV,SUN,SUN,,N,2024,EIA923_Schedules_2_3_4_5_M_12_2024_Final.xlsx,ELEC MMBTU JUL,1518,JUL,2024-07-01,Solar,Photovoltaic,Solar,quantity-consumed-electricity,Solar - Photovoltaic - Solar - Quantity Consumed For Electricity
64352,Mtn Solar 6 LLC (CSG),PV,SUN,SUN,,N,2024,EIA923_Schedules_2_3_4_5_M_12_2024_Final.xlsx,NETGEN AUG,396,AUG,2024-08-01,Solar,Photovoltaic,Solar,generation,Solar - Photovoltaic - Solar - Generation
64352,Mtn Solar 6 LLC (CSG),PV,SUN,SUN,,N,2024,EIA923_Schedules_2_3_4_5_M_12_2024_Final.xlsx,ELEC MMBTU AUG,1351,AUG,2024-08-01,Solar,Photovoltaic,Solar,quantity-consumed-electricity,Solar - Photovoltaic - Solar - Quantity Consumed For Electricity
64352,Mtn Solar 6 LLC (CSG),PV,SUN,SUN,,N,2024,EIA923_Schedules_2_3_4_5_M_12_2024_Final.xlsx,TOT MMBTU AUG,1351,AUG,2024-08-01,Solar,Photovoltaic,Solar,total-fuel-consumed,Solar - Photovoltaic - Solar - Total Fuel Consumed
64352,Mtn Solar 6 LLC (CSG),PV,SUN,SUN,,N,2024,EIA923_Schedules_2_3_4_5_M_12_2024_Final.xlsx,TOT MMBTU SEP,1286,SEP,2024-09-01,Solar,Photovoltaic,Solar,total-fuel-consumed,Solar - Photovoltaic - Solar - Total Fuel Consumed
64352,Mtn Solar 6 LLC (CSG),PV,SUN,SUN,,N,2024,EIA923_Schedules_2_3_4_5_M_12_2024_Final.xlsx,NETGEN SEP,377,SEP,2024-09-01,Solar,Photovoltaic,Solar,generation,Solar - Photovoltaic - Solar - Generation
64352,Mtn Solar 6 LLC (CSG),PV,SUN,SUN,,N,2024,EIA923_Schedules_2_3_4_5_M_12_2024_Final.xlsx,ELEC MMBTU SEP,1286,SEP,2024-09-01,Solar,Photovoltaic,Solar,quantity-consumed-electricity,Solar - Photovoltaic - Solar - Quantity Consumed For Electricity
64352,Mtn Solar 6 LLC (CSG),PV,SUN,SUN,,N,2024,EIA923_Schedules_2_3_4_5_M_12_2024_Final.xlsx,TOT MMBTU OCT,1020,OCT,2024-10-01,Solar,Photovoltaic,Solar,total-fuel-consumed,Solar - Photovoltaic - Solar - Total Fuel Consumed
64352,Mtn Solar 6 LLC (CSG),PV,SUN,SUN,,N,2024,EIA923_Schedules_2_3_4_5_M_12_2024_Final.xlsx,ELEC MMBTU OCT,1020,OCT,2024-10-01,Solar,Photovoltaic,Solar,quantity-consumed-electricity,Solar - Photovoltaic - Solar - Quantity Consumed For Electricity
64352,Mtn Solar 6 LLC (CSG),PV,SUN,SUN,,N,2024,EIA923_Schedules_2_3_4_5_M_12_2024_Final.xlsx,NETGEN OCT,299,OCT,2024-10-01,Solar,Photovoltaic,Solar,generation,Solar - Photovoltaic - Solar - Generation
64352,Mtn Solar 6 LLC (CSG),PV,SUN,SUN,,N,2024,EIA923_Schedules_2_3_4_5_M_12_2024_Final.xlsx,NETGEN NOV,206,NOV,2024-11-01,Solar,Photovoltaic,Solar,generation,Solar - Photovoltaic - Solar - Generation
64352,Mtn Solar 6 LLC (CSG),PV,SUN,SUN,,N,2024,EIA923_Schedules_2_3_4_5_M_12_2024_Final.xlsx,TOT MMBTU NOV,703,NOV,2024-11-01,Solar,Photovoltaic,Solar,total-fuel-consumed,Solar - Photovoltaic - Solar - Total Fuel Consumed
64352,Mtn Solar 6 LLC (CSG),PV,SUN,SUN,,N,2024,EIA923_Schedules_2_3_4_5_M_12_2024_Final.xlsx,ELEC MMBTU NOV,703,NOV,2024-11-01,Solar,Photovoltaic,Solar,quantity-consumed-electricity,Solar - Photovoltaic - Solar - Quantity Consumed For Electricity
64352,Mtn Solar 6 LLC (CSG),PV,SUN,SUN,,N,2024,EIA923_Schedules_2_3_4_5_M_12_2024_Final.xlsx,TOT MMBTU DEC,645,DEC,2024-12-01,Solar,Photovoltaic,Solar,total-fuel-consumed,Solar - Photovoltaic - Solar - Total Fuel Consumed
64352,Mtn Solar 6 LLC (CSG),PV,SUN,SUN,,N,2024,EIA923_Schedules_2_3_4_5_M_12_2024_Final.xlsx,ELEC MMBTU DEC,645,DEC,2024-12-01,Solar,Photovoltaic,Solar,quantity-consumed-electricity,Solar - Photovoltaic - Solar - Quantity Consumed For Electricity
64352,Mtn Solar 6 LLC (CSG),PV,SUN,SUN,,N,2024,EIA923_Schedules_2_3_4_5_M_12_2024_Final.xlsx,NETGEN DEC,189,DEC,2024-12-01,Solar,Photovoltaic,Solar,generation,Solar - Photovoltaic - Solar - Generation
