PLANT ID,PLANT NAME,REPORTED PRIME MOVER,REPORTED FUEL TYPE CODE,MER FUEL TYPE CODE,NUCLEAR UNIT ID,COMBINED HEAT AND POWER PLANT,YEAR,file,variable,value,MONTH,period,energy_type,prime_mover_type,mer_type,common_name,sensor_name
64442,Mt Pleasant Community Center,PV,SUN,SUN,,N,2022,EIA923_Schedules_2_3_4_5_M_12_2022_Final_Revision.xlsx,NETGEN NOV,23.26,NOV,2022-11-01,Solar,Photovoltaic,Solar,generation,Solar - Photovoltaic - Solar - Generation
64442,Mt Pleasant Community Center,PV,SUN,SUN,,N,2022,EIA923_Schedules_2_3_4_5_M_12_2022_Final_Revision.xlsx,TOT MMBTU NOV,79,NOV,2022-11-01,Solar,Photovoltaic,Solar,total-fuel-consumed,Solar - Photovoltaic - Solar - Total Fuel Consumed
64442,Mt Pleasant Community Center,BA,MWH,OTH,,N,2022,EIA923_Schedules_2_3_4_5_M_12_2022_Final_Revision.xlsx,NETGEN NOV,0,NOV,2022-11-01,Electricity used for energy storage,"Energy Storage, Battery",Other,generation,"Electricity used for energy storage - Energy Storage, Battery - Other - Generation"
64442,Mt Pleasant Community Center,PV,SUN,SUN,,N,2022,EIA923_Schedules_2_3_4_5_M_12_2022_Final_Revision.xlsx,ELEC MMBTU NOV,79,NOV,2022-11-01,Solar,Photovoltaic,Solar,quantity-consumed-electricity,Solar - Photovoltaic - Solar - Quantity Consumed For Electricity
64442,Mt Pleasant Community Center,BA,MWH,OTH,,N,2022,EIA923_Schedules_2_3_4_5_M_12_2022_Final_Revision.xlsx,TOT MMBTU NOV,0,NOV,2022-11-01,Electricity used for energy storage,"Energy Storage, Battery",Other,total-fuel-consumed,"Electricity used for energy storage - Energy Storage, Battery - Other - Total Fuel Consumed"
64442,Mt Pleasant Community Center,BA,MWH,OTH,,N,2022,EIA923_Schedules_2_3_4_5_M_12_2022_Final_Revision.xlsx,ELEC MMBTU NOV,0,NOV,2022-11-01,Electricity used for energy storage,"Energy Storage, Battery",Other,quantity-consumed-electricity,"Electricity used for energy storage - Energy Storage, Battery - Other - Quantity Consumed For Electricity"
64442,Mt Pleasant Community Center,BA,MWH,OTH,,N,2022,EIA923_Schedules_2_3_4_5_M_12_2022_Final_Revision.xlsx,ELEC MMBTU DEC,0,DEC,2022-12-01,Electricity used for energy storage,"Energy Storage, Battery",Other,quantity-consumed-electricity,"Electricity used for energy storage - Energy Storage, Battery - Other - Quantity Consumed For Electricity"
64442,Mt Pleasant Community Center,PV,SUN,SUN,,N,2022,EIA923_Schedules_2_3_4_5_M_12_2022_Final_Revision.xlsx,ELEC MMBTU DEC,61,DEC,2022-12-01,Solar,Photovoltaic,Solar,quantity-consumed-electricity,Solar - Photovoltaic - Solar - Quantity Consumed For Electricity
64442,Mt Pleasant Community Center,PV,SUN,SUN,,N,2022,EIA923_Schedules_2_3_4_5_M_12_2022_Final_Revision.xlsx,NETGEN DEC,17.74,DEC,2022-12-01,Solar,Photovoltaic,Solar,generation,Solar - Photovoltaic - Solar - Generation
64442,Mt Pleasant Community Center,PV,SUN,SUN,,N,2022,EIA923_Schedules_2_3_4_5_M_12_2022_Final_Revision.xlsx,TOT MMBTU DEC,61,DEC,2022-12-01,Solar,Photovoltaic,Solar,total-fuel-consumed,Solar - Photovoltaic - Solar - Total Fuel Consumed
64442,Mt Pleasant Community Center,BA,MWH,OTH,,N,2022,EIA923_Schedules_2_3_4_5_M_12_2022_Final_Revision.xlsx,NETGEN DEC,0,DEC,2022-12-01,Electricity used for energy storage,"Energy Storage, Battery",Other,generation,"Electricity used for energy storage - Energy Storage, Battery - Other - Generation"
64442,Mt Pleasant Community Center,BA,MWH,OTH,,N,2022,EIA923_Schedules_2_3_4_5_M_12_2022_Final_Revision.xlsx,TOT MMBTU DEC,0,DEC,2022-12-01,Electricity used for energy storage,"Energy Storage, Battery",Other,total-fuel-consumed,"Electricity used for energy storage - Energy Storage, Battery - Other - Total Fuel Consumed"
64442,Mt Pleasant Community Center,BA,MWH,OTH,,N,2023,EIA923_Schedules_2_3_4_5_M_12_2023_Final_Revision.xlsx,TOT MMBTU JAN,0,JAN,2023-01-01,Electricity used for energy storage,"Energy Storage, Battery",Other,total-fuel-consumed,"Electricity used for energy storage - Energy Storage, Battery - Other - Total Fuel Consumed"
64442,Mt Pleasant Community Center,PV,SUN,SUN,,N,2023,EIA923_Schedules_2_3_4_5_M_12_2023_Final_Revision.xlsx,TOT MMBTU JAN,92,JAN,2023-01-01,Solar,Photovoltaic,Solar,total-fuel-consumed,Solar - Photovoltaic - Solar - Total Fuel Consumed
64442,Mt Pleasant Community Center,PV,SUN,SUN,,N,2023,EIA923_Schedules_2_3_4_5_M_12_2023_Final_Revision.xlsx,NETGEN JAN,27,JAN,2023-01-01,Solar,Photovoltaic,Solar,generation,Solar - Photovoltaic - Solar - Generation
64442,Mt Pleasant Community Center,BA,MWH,OTH,,N,2023,EIA923_Schedules_2_3_4_5_M_12_2023_Final_Revision.xlsx,NETGEN JAN,0,JAN,2023-01-01,Electricity used for energy storage,"Energy Storage, Battery",Other,generation,"Electricity used for energy storage - Energy Storage, Battery - Other - Generation"
64442,Mt Pleasant Community Center,PV,SUN,SUN,,N,2023,EIA923_Schedules_2_3_4_5_M_12_2023_Final_Revision.xlsx,ELEC MMBTU JAN,92,JAN,2023-01-01,Solar,Photovoltaic,Solar,quantity-consumed-electricity,Solar - Photovoltaic - Solar - Quantity Consumed For Electricity
64442,Mt Pleasant Community Center,BA,MWH,OTH,,N,2023,EIA923_Schedules_2_3_4_5_M_12_2023_Final_Revision.xlsx,ELEC MMBTU JAN,0,JAN,2023-01-01,Electricity used for energy storage,"Energy Storage, Battery",Other,quantity-consumed-electricity,"Electricity used for energy storage - Energy Storage, Battery - Other - Quantity Consumed For Electricity"
64442,Mt Pleasant Community Center,PV,SUN,SUN,,N,2023,EIA923_Schedules_2_3_4_5_M_12_2023_Final_Revision.xlsx,TOT MMBTU FEB,143,FEB,2023-02-01,Solar,Photovoltaic,Solar,total-fuel-consumed,Solar - Photovoltaic - Solar - Total Fuel Consumed
64442,Mt Pleasant Community Center,PV,SUN,SUN,,N,2023,EIA923_Schedules_2_3_4_5_M_12_2023_Final_Revision.xlsx,ELEC MMBTU FEB,143,FEB,2023-02-01,Solar,Photovoltaic,Solar,quantity-consumed-electricity,Solar - Photovoltaic - Solar - Quantity Consumed For Electricity
64442,Mt Pleasant Community Center,BA,MWH,OTH,,N,2023,EIA923_Schedules_2_3_4_5_M_12_2023_Final_Revision.xlsx,ELEC MMBTU FEB,0,FEB,2023-02-01,Electricity used for energy storage,"Energy Storage, Battery",Other,quantity-consumed-electricity,"Electricity used for energy storage - Energy Storage, Battery - Other - Quantity Consumed For Electricity"
64442,Mt Pleasant Community Center,BA,MWH,OTH,,N,2023,EIA923_Schedules_2_3_4_5_M_12_2023_Final_Revision.xlsx,TOT MMBTU FEB,0,FEB,2023-02-01,Electricity used for energy storage,"Energy Storage, Battery",Other,total-fuel-consumed,"Electricity used for energy storage - Energy Storage, Battery - Other - Total Fuel Consumed"
64442,Mt Pleasant Community Center,PV,SUN,SUN,,N,2023,EIA923_Schedules_2_3_4_5_M_12_2023_Final_Revision.xlsx,NETGEN FEB,42,FEB,2023-02-01,Solar,Photovoltaic,Solar,generation,Solar - Photovoltaic - Solar - Generation
64442,Mt Pleasant Community Center,BA,MWH,OTH,,N,2023,EIA923_Schedules_2_3_4_5_M_12_2023_Final_Revision.xlsx,NETGEN FEB,0,FEB,2023-02-01,Electricity used for energy storage,"Energy Storage, Battery",Other,generation,"Electricity used for energy storage - Energy Storage, Battery - Other - Generation"
64442,Mt Pleasant Community Center,PV,SUN,SUN,,N,2023,EIA923_Schedules_2_3_4_5_M_12_2023_Final_Revision.xlsx,NETGEN MAR,61,MAR,2023-03-01,Solar,Photovoltaic,Solar,generation,Solar - Photovoltaic - Solar - Generation
64442,Mt Pleasant Community Center,BA,MWH,OTH,,N,2023,EIA923_Schedules_2_3_4_5_M_12_2023_Final_Revision.xlsx,ELEC MMBTU MAR,0,MAR,2023-03-01,Electricity used for energy storage,"Energy Storage, Battery",Other,quantity-consumed-electricity,"Electricity used for energy storage - Energy Storage, Battery - Other - Quantity Consumed For Electricity"
64442,Mt Pleasant Community Center,BA,MWH,OTH,,N,2023,EIA923_Schedules_2_3_4_5_M_12_2023_Final_Revision.xlsx,NETGEN MAR,0,MAR,2023-03-01,Electricity used for energy storage,"Energy Storage, Battery",Other,generation,"Electricity used for energy storage - Energy Storage, Battery - Other - Generation"
64442,Mt Pleasant Community Center,PV,SUN,SUN,,N,2023,EIA923_Schedules_2_3_4_5_M_12_2023_Final_Revision.xlsx,TOT MMBTU MAR,208,MAR,2023-03-01,Solar,Photovoltaic,Solar,total-fuel-consumed,Solar - Photovoltaic - Solar - Total Fuel Consumed
64442,Mt Pleasant Community Center,PV,SUN,SUN,,N,2023,EIA923_Schedules_2_3_4_5_M_12_2023_Final_Revision.xlsx,ELEC MMBTU MAR,208,MAR,2023-03-01,Solar,Photovoltaic,Solar,quantity-consumed-electricity,Solar - Photovoltaic - Solar - Quantity Consumed For Electricity
64442,Mt Pleasant Community Center,BA,MWH,OTH,,N,2023,EIA923_Schedules_2_3_4_5_M_12_2023_Final_Revision.xlsx,TOT MMBTU MAR,0,MAR,2023-03-01,Electricity used for energy storage,"Energy Storage, Battery",Other,total-fuel-consumed,"Electricity used for energy storage - Energy Storage, Battery - Other - Total Fuel Consumed"
64442,Mt Pleasant Community Center,PV,SUN,SUN,,N,2023,EIA923_Schedules_2_3_4_5_M_12_2023_Final_Revision.xlsx,TOT MMBTU APR,242,APR,2023-04-01,Solar,Photovoltaic,Solar,total-fuel-consumed,Solar - Photovoltaic - Solar - Total Fuel Consumed
64442,Mt Pleasant Community Center,PV,SUN,SUN,,N,2023,EIA923_Schedules_2_3_4_5_M_12_2023_Final_Revision.xlsx,NETGEN APR,71,APR,2023-04-01,Solar,Photovoltaic,Solar,generation,Solar - Photovoltaic - Solar - Generation
64442,Mt Pleasant Community Center,PV,SUN,SUN,,N,2023,EIA923_Schedules_2_3_4_5_M_12_2023_Final_Revision.xlsx,ELEC MMBTU APR,242,APR,2023-04-01,Solar,Photovoltaic,Solar,quantity-consumed-electricity,Solar - Photovoltaic - Solar - Quantity Consumed For Electricity
64442,Mt Pleasant Community Center,BA,MWH,OTH,,N,2023,EIA923_Schedules_2_3_4_5_M_12_2023_Final_Revision.xlsx,NETGEN APR,0,APR,2023-04-01,Electricity used for energy storage,"Energy Storage, Battery",Other,generation,"Electricity used for energy storage - Energy Storage, Battery - Other - Generation"
64442,Mt Pleasant Community Center,BA,MWH,OTH,,N,2023,EIA923_Schedules_2_3_4_5_M_12_2023_Final_Revision.xlsx,TOT MMBTU APR,0,APR,2023-04-01,Electricity used for energy storage,"Energy Storage, Battery",Other,total-fuel-consumed,"Electricity used for energy storage - Energy Storage, Battery - Other - Total Fuel Consumed"
64442,Mt Pleasant Community Center,BA,MWH,OTH,,N,2023,EIA923_Schedules_2_3_4_5_M_12_2023_Final_Revision.xlsx,ELEC MMBTU APR,0,APR,2023-04-01,Electricity used for energy storage,"Energy Storage, Battery",Other,quantity-consumed-electricity,"Electricity used for energy storage - Energy Storage, Battery - Other - Quantity Consumed For Electricity"
64442,Mt Pleasant Community Center,BA,MWH,OTH,,N,2023,EIA923_Schedules_2_3_4_5_M_12_2023_Final_Revision.xlsx,NETGEN MAY,0,MAY,2023-05-01,Electricity used for energy storage,"Energy Storage, Battery",Other,generation,"Electricity used for energy storage - Energy Storage, Battery - Other - Generation"
64442,Mt Pleasant Community Center,PV,SUN,SUN,,N,2023,EIA923_Schedules_2_3_4_5_M_12_2023_Final_Revision.xlsx,NETGEN MAY,101,MAY,2023-05-01,Solar,Photovoltaic,Solar,generation,Solar - Photovoltaic - Solar - Generation
64442,Mt Pleasant Community Center,PV,SUN,SUN,,N,2023,EIA923_Schedules_2_3_4_5_M_12_2023_Final_Revision.xlsx,ELEC MMBTU MAY,345,MAY,2023-05-01,Solar,Photovoltaic,Solar,quantity-consumed-electricity,Solar - Photovoltaic - Solar - Quantity Consumed For Electricity
64442,Mt Pleasant Community Center,BA,MWH,OTH,,N,2023,EIA923_Schedules_2_3_4_5_M_12_2023_Final_Revision.xlsx,ELEC MMBTU MAY,0,MAY,2023-05-01,Electricity used for energy storage,"Energy Storage, Battery",Other,quantity-consumed-electricity,"Electricity used for energy storage - Energy Storage, Battery - Other - Quantity Consumed For Electricity"
64442,Mt Pleasant Community Center,BA,MWH,OTH,,N,2023,EIA923_Schedules_2_3_4_5_M_12_2023_Final_Revision.xlsx,TOT MMBTU MAY,0,MAY,2023-05-01,Electricity used for energy storage,"Energy Storage, Battery",Other,total-fuel-consumed,"Electricity used for energy storage - Energy Storage, Battery - Other - Total Fuel Consumed"
64442,Mt Pleasant Community Center,PV,SUN,SUN,,N,2023,EIA923_Schedules_2_3_4_5_M_12_2023_Final_Revision.xlsx,TOT MMBTU MAY,345,MAY,2023-05-01,Solar,Photovoltaic,Solar,total-fuel-consumed,Solar - Photovoltaic - Solar - Total Fuel Consumed
64442,Mt Pleasant Community Center,BA,MWH,OTH,,N,2023,EIA923_Schedules_2_3_4_5_M_12_2023_Final_Revision.xlsx,ELEC MMBTU JUN,0,JUN,2023-06-01,Electricity used for energy storage,"Energy Storage, Battery",Other,quantity-consumed-electricity,"Electricity used for energy storage - Energy Storage, Battery - Other - Quantity Consumed For Electricity"
64442,Mt Pleasant Community Center,BA,MWH,OTH,,N,2023,EIA923_Schedules_2_3_4_5_M_12_2023_Final_Revision.xlsx,NETGEN JUN,0,JUN,2023-06-01,Electricity used for energy storage,"Energy Storage, Battery",Other,generation,"Electricity used for energy storage - Energy Storage, Battery - Other - Generation"
64442,Mt Pleasant Community Center,PV,SUN,SUN,,N,2023,EIA923_Schedules_2_3_4_5_M_12_2023_Final_Revision.xlsx,NETGEN JUN,77,JUN,2023-06-01,Solar,Photovoltaic,Solar,generation,Solar - Photovoltaic - Solar - Generation
64442,Mt Pleasant Community Center,PV,SUN,SUN,,N,2023,EIA923_Schedules_2_3_4_5_M_12_2023_Final_Revision.xlsx,TOT MMBTU JUN,263,JUN,2023-06-01,Solar,Photovoltaic,Solar,total-fuel-consumed,Solar - Photovoltaic - Solar - Total Fuel Consumed
64442,Mt Pleasant Community Center,PV,SUN,SUN,,N,2023,EIA923_Schedules_2_3_4_5_M_12_2023_Final_Revision.xlsx,ELEC MMBTU JUN,263,JUN,2023-06-01,Solar,Photovoltaic,Solar,quantity-consumed-electricity,Solar - Photovoltaic - Solar - Quantity Consumed For Electricity
64442,Mt Pleasant Community Center,BA,MWH,OTH,,N,2023,EIA923_Schedules_2_3_4_5_M_12_2023_Final_Revision.xlsx,TOT MMBTU JUN,0,JUN,2023-06-01,Electricity used for energy storage,"Energy Storage, Battery",Other,total-fuel-consumed,"Electricity used for energy storage - Energy Storage, Battery - Other - Total Fuel Consumed"
64442,Mt Pleasant Community Center,BA,MWH,OTH,,N,2023,EIA923_Schedules_2_3_4_5_M_12_2023_Final_Revision.xlsx,TOT MMBTU JUL,0,JUL,2023-07-01,Electricity used for energy storage,"Energy Storage, Battery",Other,total-fuel-consumed,"Electricity used for energy storage - Energy Storage, Battery - Other - Total Fuel Consumed"
64442,Mt Pleasant Community Center,PV,SUN,SUN,,N,2023,EIA923_Schedules_2_3_4_5_M_12_2023_Final_Revision.xlsx,TOT MMBTU JUL,293,JUL,2023-07-01,Solar,Photovoltaic,Solar,total-fuel-consumed,Solar - Photovoltaic - Solar - Total Fuel Consumed
64442,Mt Pleasant Community Center,PV,SUN,SUN,,N,2023,EIA923_Schedules_2_3_4_5_M_12_2023_Final_Revision.xlsx,ELEC MMBTU JUL,293,JUL,2023-07-01,Solar,Photovoltaic,Solar,quantity-consumed-electricity,Solar - Photovoltaic - Solar - Quantity Consumed For Electricity
64442,Mt Pleasant Community Center,BA,MWH,OTH,,N,2023,EIA923_Schedules_2_3_4_5_M_12_2023_Final_Revision.xlsx,NETGEN JUL,0,JUL,2023-07-01,Electricity used for energy storage,"Energy Storage, Battery",Other,generation,"Electricity used for energy storage - Energy Storage, Battery - Other - Generation"
64442,Mt Pleasant Community Center,BA,MWH,OTH,,N,2023,EIA923_Schedules_2_3_4_5_M_12_2023_Final_Revision.xlsx,ELEC MMBTU JUL,0,JUL,2023-07-01,Electricity used for energy storage,"Energy Storage, Battery",Other,quantity-consumed-electricity,"Electricity used for energy storage - Energy Storage, Battery - Other - Quantity Consumed For Electricity"
64442,Mt Pleasant Community Center,PV,SUN,SUN,,N,2023,EIA923_Schedules_2_3_4_5_M_12_2023_Final_Revision.xlsx,NETGEN JUL,86,JUL,2023-07-01,Solar,Photovoltaic,Solar,generation,Solar - Photovoltaic - Solar - Generation
64442,Mt Pleasant Community Center,BA,MWH,OTH,,N,2023,EIA923_Schedules_2_3_4_5_M_12_2023_Final_Revision.xlsx,NETGEN AUG,0,AUG,2023-08-01,Electricity used for energy storage,"Energy Storage, Battery",Other,generation,"Electricity used for energy storage - Energy Storage, Battery - Other - Generation"
64442,Mt Pleasant Community Center,PV,SUN,SUN,,N,2023,EIA923_Schedules_2_3_4_5_M_12_2023_Final_Revision.xlsx,NETGEN AUG,75,AUG,2023-08-01,Solar,Photovoltaic,Solar,generation,Solar - Photovoltaic - Solar - Generation
64442,Mt Pleasant Community Center,PV,SUN,SUN,,N,2023,EIA923_Schedules_2_3_4_5_M_12_2023_Final_Revision.xlsx,ELEC MMBTU AUG,256,AUG,2023-08-01,Solar,Photovoltaic,Solar,quantity-consumed-electricity,Solar - Photovoltaic - Solar - Quantity Consumed For Electricity
64442,Mt Pleasant Community Center,BA,MWH,OTH,,N,2023,EIA923_Schedules_2_3_4_5_M_12_2023_Final_Revision.xlsx,ELEC MMBTU AUG,0,AUG,2023-08-01,Electricity used for energy storage,"Energy Storage, Battery",Other,quantity-consumed-electricity,"Electricity used for energy storage - Energy Storage, Battery - Other - Quantity Consumed For Electricity"
64442,Mt Pleasant Community Center,PV,SUN,SUN,,N,2023,EIA923_Schedules_2_3_4_5_M_12_2023_Final_Revision.xlsx,TOT MMBTU AUG,256,AUG,2023-08-01,Solar,Photovoltaic,Solar,total-fuel-consumed,Solar - Photovoltaic - Solar - Total Fuel Consumed
64442,Mt Pleasant Community Center,BA,MWH,OTH,,N,2023,EIA923_Schedules_2_3_4_5_M_12_2023_Final_Revision.xlsx,TOT MMBTU AUG,0,AUG,2023-08-01,Electricity used for energy storage,"Energy Storage, Battery",Other,total-fuel-consumed,"Electricity used for energy storage - Energy Storage, Battery - Other - Total Fuel Consumed"
64442,Mt Pleasant Community Center,BA,MWH,OTH,,N,2023,EIA923_Schedules_2_3_4_5_M_12_2023_Final_Revision.xlsx,ELEC MMBTU SEP,0,SEP,2023-09-01,Electricity used for energy storage,"Energy Storage, Battery",Other,quantity-consumed-electricity,"Electricity used for energy storage - Energy Storage, Battery - Other - Quantity Consumed For Electricity"
64442,Mt Pleasant Community Center,PV,SUN,SUN,,N,2023,EIA923_Schedules_2_3_4_5_M_12_2023_Final_Revision.xlsx,ELEC MMBTU SEP,198,SEP,2023-09-01,Solar,Photovoltaic,Solar,quantity-consumed-electricity,Solar - Photovoltaic - Solar - Quantity Consumed For Electricity
64442,Mt Pleasant Community Center,PV,SUN,SUN,,N,2023,EIA923_Schedules_2_3_4_5_M_12_2023_Final_Revision.xlsx,TOT MMBTU SEP,198,SEP,2023-09-01,Solar,Photovoltaic,Solar,total-fuel-consumed,Solar - Photovoltaic - Solar - Total Fuel Consumed
64442,Mt Pleasant Community Center,PV,SUN,SUN,,N,2023,EIA923_Schedules_2_3_4_5_M_12_2023_Final_Revision.xlsx,NETGEN SEP,58,SEP,2023-09-01,Solar,Photovoltaic,Solar,generation,Solar - Photovoltaic - Solar - Generation
64442,Mt Pleasant Community Center,BA,MWH,OTH,,N,2023,EIA923_Schedules_2_3_4_5_M_12_2023_Final_Revision.xlsx,TOT MMBTU SEP,0,SEP,2023-09-01,Electricity used for energy storage,"Energy Storage, Battery",Other,total-fuel-consumed,"Electricity used for energy storage - Energy Storage, Battery - Other - Total Fuel Consumed"
64442,Mt Pleasant Community Center,BA,MWH,OTH,,N,2023,EIA923_Schedules_2_3_4_5_M_12_2023_Final_Revision.xlsx,NETGEN SEP,0,SEP,2023-09-01,Electricity used for energy storage,"Energy Storage, Battery",Other,generation,"Electricity used for energy storage - Energy Storage, Battery - Other - Generation"
64442,Mt Pleasant Community Center,PV,SUN,SUN,,N,2023,EIA923_Schedules_2_3_4_5_M_12_2023_Final_Revision.xlsx,ELEC MMBTU OCT,157,OCT,2023-10-01,Solar,Photovoltaic,Solar,quantity-consumed-electricity,Solar - Photovoltaic - Solar - Quantity Consumed For Electricity
64442,Mt Pleasant Community Center,PV,SUN,SUN,,N,2023,EIA923_Schedules_2_3_4_5_M_12_2023_Final_Revision.xlsx,NETGEN OCT,46,OCT,2023-10-01,Solar,Photovoltaic,Solar,generation,Solar - Photovoltaic - Solar - Generation
64442,Mt Pleasant Community Center,BA,MWH,OTH,,N,2023,EIA923_Schedules_2_3_4_5_M_12_2023_Final_Revision.xlsx,ELEC MMBTU OCT,0,OCT,2023-10-01,Electricity used for energy storage,"Energy Storage, Battery",Other,quantity-consumed-electricity,"Electricity used for energy storage - Energy Storage, Battery - Other - Quantity Consumed For Electricity"
64442,Mt Pleasant Community Center,BA,MWH,OTH,,N,2023,EIA923_Schedules_2_3_4_5_M_12_2023_Final_Revision.xlsx,NETGEN OCT,0,OCT,2023-10-01,Electricity used for energy storage,"Energy Storage, Battery",Other,generation,"Electricity used for energy storage - Energy Storage, Battery - Other - Generation"
64442,Mt Pleasant Community Center,PV,SUN,SUN,,N,2023,EIA923_Schedules_2_3_4_5_M_12_2023_Final_Revision.xlsx,TOT MMBTU OCT,157,OCT,2023-10-01,Solar,Photovoltaic,Solar,total-fuel-consumed,Solar - Photovoltaic - Solar - Total Fuel Consumed
64442,Mt Pleasant Community Center,BA,MWH,OTH,,N,2023,EIA923_Schedules_2_3_4_5_M_12_2023_Final_Revision.xlsx,TOT MMBTU OCT,0,OCT,2023-10-01,Electricity used for energy storage,"Energy Storage, Battery",Other,total-fuel-consumed,"Electricity used for energy storage - Energy Storage, Battery - Other - Total Fuel Consumed"
64442,Mt Pleasant Community Center,PV,SUN,SUN,,N,2023,EIA923_Schedules_2_3_4_5_M_12_2023_Final_Revision.xlsx,TOT MMBTU NOV,140,NOV,2023-11-01,Solar,Photovoltaic,Solar,total-fuel-consumed,Solar - Photovoltaic - Solar - Total Fuel Consumed
64442,Mt Pleasant Community Center,BA,MWH,OTH,,N,2023,EIA923_Schedules_2_3_4_5_M_12_2023_Final_Revision.xlsx,TOT MMBTU NOV,0,NOV,2023-11-01,Electricity used for energy storage,"Energy Storage, Battery",Other,total-fuel-consumed,"Electricity used for energy storage - Energy Storage, Battery - Other - Total Fuel Consumed"
64442,Mt Pleasant Community Center,BA,MWH,OTH,,N,2023,EIA923_Schedules_2_3_4_5_M_12_2023_Final_Revision.xlsx,ELEC MMBTU NOV,0,NOV,2023-11-01,Electricity used for energy storage,"Energy Storage, Battery",Other,quantity-consumed-electricity,"Electricity used for energy storage - Energy Storage, Battery - Other - Quantity Consumed For Electricity"
64442,Mt Pleasant Community Center,PV,SUN,SUN,,N,2023,EIA923_Schedules_2_3_4_5_M_12_2023_Final_Revision.xlsx,ELEC MMBTU NOV,140,NOV,2023-11-01,Solar,Photovoltaic,Solar,quantity-consumed-electricity,Solar - Photovoltaic - Solar - Quantity Consumed For Electricity
64442,Mt Pleasant Community Center,BA,MWH,OTH,,N,2023,EIA923_Schedules_2_3_4_5_M_12_2023_Final_Revision.xlsx,NETGEN NOV,0,NOV,2023-11-01,Electricity used for energy storage,"Energy Storage, Battery",Other,generation,"Electricity used for energy storage - Energy Storage, Battery - Other - Generation"
64442,Mt Pleasant Community Center,PV,SUN,SUN,,N,2023,EIA923_Schedules_2_3_4_5_M_12_2023_Final_Revision.xlsx,NETGEN NOV,41,NOV,2023-11-01,Solar,Photovoltaic,Solar,generation,Solar - Photovoltaic - Solar - Generation
64442,Mt Pleasant Community Center,BA,MWH,OTH,,N,2023,EIA923_Schedules_2_3_4_5_M_12_2023_Final_Revision.xlsx,TOT MMBTU DEC,0,DEC,2023-12-01,Electricity used for energy storage,"Energy Storage, Battery",Other,total-fuel-consumed,"Electricity used for energy storage - Energy Storage, Battery - Other - Total Fuel Consumed"
64442,Mt Pleasant Community Center,BA,MWH,OTH,,N,2023,EIA923_Schedules_2_3_4_5_M_12_2023_Final_Revision.xlsx,ELEC MMBTU DEC,0,DEC,2023-12-01,Electricity used for energy storage,"Energy Storage, Battery",Other,quantity-consumed-electricity,"Electricity used for energy storage - Energy Storage, Battery - Other - Quantity Consumed For Electricity"
64442,Mt Pleasant Community Center,PV,SUN,SUN,,N,2023,EIA923_Schedules_2_3_4_5_M_12_2023_Final_Revision.xlsx,ELEC MMBTU DEC,85,DEC,2023-12-01,Solar,Photovoltaic,Solar,quantity-consumed-electricity,Solar - Photovoltaic - Solar - Quantity Consumed For Electricity
64442,Mt Pleasant Community Center,PV,SUN,SUN,,N,2023,EIA923_Schedules_2_3_4_5_M_12_2023_Final_Revision.xlsx,TOT MMBTU DEC,85,DEC,2023-12-01,Solar,Photovoltaic,Solar,total-fuel-consumed,Solar - Photovoltaic - Solar - Total Fuel Consumed
64442,Mt Pleasant Community Center,PV,SUN,SUN,,N,2023,EIA923_Schedules_2_3_4_5_M_12_2023_Final_Revision.xlsx,NETGEN DEC,25,DEC,2023-12-01,Solar,Photovoltaic,Solar,generation,Solar - Photovoltaic - Solar - Generation
64442,Mt Pleasant Community Center,BA,MWH,OTH,,N,2023,EIA923_Schedules_2_3_4_5_M_12_2023_Final_Revision.xlsx,NETGEN DEC,0,DEC,2023-12-01,Electricity used for energy storage,"Energy Storage, Battery",Other,generation,"Electricity used for energy storage - Energy Storage, Battery - Other - Generation"
64442,Mt Pleasant Community Center,PV,SUN,SUN,,N,2024,EIA923_Schedules_2_3_4_5_M_12_2024_Final.xlsx,NETGEN JAN,18,JAN,2024-01-01,Solar,Photovoltaic,Solar,generation,Solar - Photovoltaic - Solar - Generation
64442,Mt Pleasant Community Center,BA,MWH,OTH,,N,2024,EIA923_Schedules_2_3_4_5_M_12_2024_Final.xlsx,NETGEN JAN,0,JAN,2024-01-01,Electricity used for energy storage,"Energy Storage, Battery",Other,generation,"Electricity used for energy storage - Energy Storage, Battery - Other - Generation"
64442,Mt Pleasant Community Center,BA,MWH,OTH,,N,2024,EIA923_Schedules_2_3_4_5_M_12_2024_Final.xlsx,TOT MMBTU JAN,0,JAN,2024-01-01,Electricity used for energy storage,"Energy Storage, Battery",Other,total-fuel-consumed,"Electricity used for energy storage - Energy Storage, Battery - Other - Total Fuel Consumed"
64442,Mt Pleasant Community Center,PV,SUN,SUN,,N,2024,EIA923_Schedules_2_3_4_5_M_12_2024_Final.xlsx,TOT MMBTU JAN,61,JAN,2024-01-01,Solar,Photovoltaic,Solar,total-fuel-consumed,Solar - Photovoltaic - Solar - Total Fuel Consumed
64442,Mt Pleasant Community Center,PV,SUN,SUN,,N,2024,EIA923_Schedules_2_3_4_5_M_12_2024_Final.xlsx,ELEC MMBTU JAN,61,JAN,2024-01-01,Solar,Photovoltaic,Solar,quantity-consumed-electricity,Solar - Photovoltaic - Solar - Quantity Consumed For Electricity
64442,Mt Pleasant Community Center,BA,MWH,OTH,,N,2024,EIA923_Schedules_2_3_4_5_M_12_2024_Final.xlsx,ELEC MMBTU JAN,0,JAN,2024-01-01,Electricity used for energy storage,"Energy Storage, Battery",Other,quantity-consumed-electricity,"Electricity used for energy storage - Energy Storage, Battery - Other - Quantity Consumed For Electricity"
64442,Mt Pleasant Community Center,PV,SUN,SUN,,N,2024,EIA923_Schedules_2_3_4_5_M_12_2024_Final.xlsx,NETGEN FEB,38,FEB,2024-02-01,Solar,Photovoltaic,Solar,generation,Solar - Photovoltaic - Solar - Generation
64442,Mt Pleasant Community Center,BA,MWH,OTH,,N,2024,EIA923_Schedules_2_3_4_5_M_12_2024_Final.xlsx,ELEC MMBTU FEB,0,FEB,2024-02-01,Electricity used for energy storage,"Energy Storage, Battery",Other,quantity-consumed-electricity,"Electricity used for energy storage - Energy Storage, Battery - Other - Quantity Consumed For Electricity"
64442,Mt Pleasant Community Center,PV,SUN,SUN,,N,2024,EIA923_Schedules_2_3_4_5_M_12_2024_Final.xlsx,ELEC MMBTU FEB,130,FEB,2024-02-01,Solar,Photovoltaic,Solar,quantity-consumed-electricity,Solar - Photovoltaic - Solar - Quantity Consumed For Electricity
64442,Mt Pleasant Community Center,BA,MWH,OTH,,N,2024,EIA923_Schedules_2_3_4_5_M_12_2024_Final.xlsx,NETGEN FEB,0,FEB,2024-02-01,Electricity used for energy storage,"Energy Storage, Battery",Other,generation,"Electricity used for energy storage - Energy Storage, Battery - Other - Generation"
64442,Mt Pleasant Community Center,BA,MWH,OTH,,N,2024,EIA923_Schedules_2_3_4_5_M_12_2024_Final.xlsx,TOT MMBTU FEB,0,FEB,2024-02-01,Electricity used for energy storage,"Energy Storage, Battery",Other,total-fuel-consumed,"Electricity used for energy storage - Energy Storage, Battery - Other - Total Fuel Consumed"
64442,Mt Pleasant Community Center,PV,SUN,SUN,,N,2024,EIA923_Schedules_2_3_4_5_M_12_2024_Final.xlsx,TOT MMBTU FEB,130,FEB,2024-02-01,Solar,Photovoltaic,Solar,total-fuel-consumed,Solar - Photovoltaic - Solar - Total Fuel Consumed
64442,Mt Pleasant Community Center,BA,MWH,OTH,,N,2024,EIA923_Schedules_2_3_4_5_M_12_2024_Final.xlsx,TOT MMBTU MAR,0,MAR,2024-03-01,Electricity used for energy storage,"Energy Storage, Battery",Other,total-fuel-consumed,"Electricity used for energy storage - Energy Storage, Battery - Other - Total Fuel Consumed"
64442,Mt Pleasant Community Center,BA,MWH,OTH,,N,2024,EIA923_Schedules_2_3_4_5_M_12_2024_Final.xlsx,ELEC MMBTU MAR,0,MAR,2024-03-01,Electricity used for energy storage,"Energy Storage, Battery",Other,quantity-consumed-electricity,"Electricity used for energy storage - Energy Storage, Battery - Other - Quantity Consumed For Electricity"
64442,Mt Pleasant Community Center,PV,SUN,SUN,,N,2024,EIA923_Schedules_2_3_4_5_M_12_2024_Final.xlsx,ELEC MMBTU MAR,215,MAR,2024-03-01,Solar,Photovoltaic,Solar,quantity-consumed-electricity,Solar - Photovoltaic - Solar - Quantity Consumed For Electricity
64442,Mt Pleasant Community Center,PV,SUN,SUN,,N,2024,EIA923_Schedules_2_3_4_5_M_12_2024_Final.xlsx,TOT MMBTU MAR,215,MAR,2024-03-01,Solar,Photovoltaic,Solar,total-fuel-consumed,Solar - Photovoltaic - Solar - Total Fuel Consumed
64442,Mt Pleasant Community Center,BA,MWH,OTH,,N,2024,EIA923_Schedules_2_3_4_5_M_12_2024_Final.xlsx,NETGEN MAR,0,MAR,2024-03-01,Electricity used for energy storage,"Energy Storage, Battery",Other,generation,"Electricity used for energy storage - Energy Storage, Battery - Other - Generation"
64442,Mt Pleasant Community Center,PV,SUN,SUN,,N,2024,EIA923_Schedules_2_3_4_5_M_12_2024_Final.xlsx,NETGEN MAR,63,MAR,2024-03-01,Solar,Photovoltaic,Solar,generation,Solar - Photovoltaic - Solar - Generation
64442,Mt Pleasant Community Center,BA,MWH,OTH,,N,2024,EIA923_Schedules_2_3_4_5_M_12_2024_Final.xlsx,NETGEN APR,0,APR,2024-04-01,Electricity used for energy storage,"Energy Storage, Battery",Other,generation,"Electricity used for energy storage - Energy Storage, Battery - Other - Generation"
64442,Mt Pleasant Community Center,PV,SUN,SUN,,N,2024,EIA923_Schedules_2_3_4_5_M_12_2024_Final.xlsx,NETGEN APR,70,APR,2024-04-01,Solar,Photovoltaic,Solar,generation,Solar - Photovoltaic - Solar - Generation
64442,Mt Pleasant Community Center,PV,SUN,SUN,,N,2024,EIA923_Schedules_2_3_4_5_M_12_2024_Final.xlsx,TOT MMBTU APR,239,APR,2024-04-01,Solar,Photovoltaic,Solar,total-fuel-consumed,Solar - Photovoltaic - Solar - Total Fuel Consumed
64442,Mt Pleasant Community Center,BA,MWH,OTH,,N,2024,EIA923_Schedules_2_3_4_5_M_12_2024_Final.xlsx,TOT MMBTU APR,0,APR,2024-04-01,Electricity used for energy storage,"Energy Storage, Battery",Other,total-fuel-consumed,"Electricity used for energy storage - Energy Storage, Battery - Other - Total Fuel Consumed"
64442,Mt Pleasant Community Center,PV,SUN,SUN,,N,2024,EIA923_Schedules_2_3_4_5_M_12_2024_Final.xlsx,ELEC MMBTU APR,239,APR,2024-04-01,Solar,Photovoltaic,Solar,quantity-consumed-electricity,Solar - Photovoltaic - Solar - Quantity Consumed For Electricity
64442,Mt Pleasant Community Center,BA,MWH,OTH,,N,2024,EIA923_Schedules_2_3_4_5_M_12_2024_Final.xlsx,ELEC MMBTU APR,0,APR,2024-04-01,Electricity used for energy storage,"Energy Storage, Battery",Other,quantity-consumed-electricity,"Electricity used for energy storage - Energy Storage, Battery - Other - Quantity Consumed For Electricity"
64442,Mt Pleasant Community Center,PV,SUN,SUN,,N,2024,EIA923_Schedules_2_3_4_5_M_12_2024_Final.xlsx,TOT MMBTU MAY,273,MAY,2024-05-01,Solar,Photovoltaic,Solar,total-fuel-consumed,Solar - Photovoltaic - Solar - Total Fuel Consumed
64442,Mt Pleasant Community Center,BA,MWH,OTH,,N,2024,EIA923_Schedules_2_3_4_5_M_12_2024_Final.xlsx,TOT MMBTU MAY,0,MAY,2024-05-01,Electricity used for energy storage,"Energy Storage, Battery",Other,total-fuel-consumed,"Electricity used for energy storage - Energy Storage, Battery - Other - Total Fuel Consumed"
64442,Mt Pleasant Community Center,BA,MWH,OTH,,N,2024,EIA923_Schedules_2_3_4_5_M_12_2024_Final.xlsx,NETGEN MAY,0,MAY,2024-05-01,Electricity used for energy storage,"Energy Storage, Battery",Other,generation,"Electricity used for energy storage - Energy Storage, Battery - Other - Generation"
64442,Mt Pleasant Community Center,BA,MWH,OTH,,N,2024,EIA923_Schedules_2_3_4_5_M_12_2024_Final.xlsx,ELEC MMBTU MAY,0,MAY,2024-05-01,Electricity used for energy storage,"Energy Storage, Battery",Other,quantity-consumed-electricity,"Electricity used for energy storage - Energy Storage, Battery - Other - Quantity Consumed For Electricity"
64442,Mt Pleasant Community Center,PV,SUN,SUN,,N,2024,EIA923_Schedules_2_3_4_5_M_12_2024_Final.xlsx,ELEC MMBTU MAY,273,MAY,2024-05-01,Solar,Photovoltaic,Solar,quantity-consumed-electricity,Solar - Photovoltaic - Solar - Quantity Consumed For Electricity
64442,Mt Pleasant Community Center,PV,SUN,SUN,,N,2024,EIA923_Schedules_2_3_4_5_M_12_2024_Final.xlsx,NETGEN MAY,80,MAY,2024-05-01,Solar,Photovoltaic,Solar,generation,Solar - Photovoltaic - Solar - Generation
64442,Mt Pleasant Community Center,PV,SUN,SUN,,N,2024,EIA923_Schedules_2_3_4_5_M_12_2024_Final.xlsx,TOT MMBTU JUN,317,JUN,2024-06-01,Solar,Photovoltaic,Solar,total-fuel-consumed,Solar - Photovoltaic - Solar - Total Fuel Consumed
64442,Mt Pleasant Community Center,BA,MWH,OTH,,N,2024,EIA923_Schedules_2_3_4_5_M_12_2024_Final.xlsx,TOT MMBTU JUN,0,JUN,2024-06-01,Electricity used for energy storage,"Energy Storage, Battery",Other,total-fuel-consumed,"Electricity used for energy storage - Energy Storage, Battery - Other - Total Fuel Consumed"
64442,Mt Pleasant Community Center,BA,MWH,OTH,,N,2024,EIA923_Schedules_2_3_4_5_M_12_2024_Final.xlsx,NETGEN JUN,0,JUN,2024-06-01,Electricity used for energy storage,"Energy Storage, Battery",Other,generation,"Electricity used for energy storage - Energy Storage, Battery - Other - Generation"
64442,Mt Pleasant Community Center,PV,SUN,SUN,,N,2024,EIA923_Schedules_2_3_4_5_M_12_2024_Final.xlsx,NETGEN JUN,93,JUN,2024-06-01,Solar,Photovoltaic,Solar,generation,Solar - Photovoltaic - Solar - Generation
64442,Mt Pleasant Community Center,BA,MWH,OTH,,N,2024,EIA923_Schedules_2_3_4_5_M_12_2024_Final.xlsx,ELEC MMBTU JUN,0,JUN,2024-06-01,Electricity used for energy storage,"Energy Storage, Battery",Other,quantity-consumed-electricity,"Electricity used for energy storage - Energy Storage, Battery - Other - Quantity Consumed For Electricity"
64442,Mt Pleasant Community Center,PV,SUN,SUN,,N,2024,EIA923_Schedules_2_3_4_5_M_12_2024_Final.xlsx,ELEC MMBTU JUN,317,JUN,2024-06-01,Solar,Photovoltaic,Solar,quantity-consumed-electricity,Solar - Photovoltaic - Solar - Quantity Consumed For Electricity
64442,Mt Pleasant Community Center,PV,SUN,SUN,,N,2024,EIA923_Schedules_2_3_4_5_M_12_2024_Final.xlsx,NETGEN JUL,87,JUL,2024-07-01,Solar,Photovoltaic,Solar,generation,Solar - Photovoltaic - Solar - Generation
64442,Mt Pleasant Community Center,BA,MWH,OTH,,N,2024,EIA923_Schedules_2_3_4_5_M_12_2024_Final.xlsx,NETGEN JUL,0,JUL,2024-07-01,Electricity used for energy storage,"Energy Storage, Battery",Other,generation,"Electricity used for energy storage - Energy Storage, Battery - Other - Generation"
64442,Mt Pleasant Community Center,BA,MWH,OTH,,N,2024,EIA923_Schedules_2_3_4_5_M_12_2024_Final.xlsx,TOT MMBTU JUL,0,JUL,2024-07-01,Electricity used for energy storage,"Energy Storage, Battery",Other,total-fuel-consumed,"Electricity used for energy storage - Energy Storage, Battery - Other - Total Fuel Consumed"
64442,Mt Pleasant Community Center,PV,SUN,SUN,,N,2024,EIA923_Schedules_2_3_4_5_M_12_2024_Final.xlsx,TOT MMBTU JUL,297,JUL,2024-07-01,Solar,Photovoltaic,Solar,total-fuel-consumed,Solar - Photovoltaic - Solar - Total Fuel Consumed
64442,Mt Pleasant Community Center,BA,MWH,OTH,,N,2024,EIA923_Schedules_2_3_4_5_M_12_2024_Final.xlsx,ELEC MMBTU JUL,0,JUL,2024-07-01,Electricity used for energy storage,"Energy Storage, Battery",Other,quantity-consumed-electricity,"Electricity used for energy storage - Energy Storage, Battery - Other - Quantity Consumed For Electricity"
64442,Mt Pleasant Community Center,PV,SUN,SUN,,N,2024,EIA923_Schedules_2_3_4_5_M_12_2024_Final.xlsx,ELEC MMBTU JUL,297,JUL,2024-07-01,Solar,Photovoltaic,Solar,quantity-consumed-electricity,Solar - Photovoltaic - Solar - Quantity Consumed For Electricity
64442,Mt Pleasant Community Center,PV,SUN,SUN,,N,2024,EIA923_Schedules_2_3_4_5_M_12_2024_Final.xlsx,NETGEN AUG,75,AUG,2024-08-01,Solar,Photovoltaic,Solar,generation,Solar - Photovoltaic - Solar - Generation
64442,Mt Pleasant Community Center,PV,SUN,SUN,,N,2024,EIA923_Schedules_2_3_4_5_M_12_2024_Final.xlsx,TOT MMBTU AUG,256,AUG,2024-08-01,Solar,Photovoltaic,Solar,total-fuel-consumed,Solar - Photovoltaic - Solar - Total Fuel Consumed
64442,Mt Pleasant Community Center,BA,MWH,OTH,,N,2024,EIA923_Schedules_2_3_4_5_M_12_2024_Final.xlsx,ELEC MMBTU AUG,0,AUG,2024-08-01,Electricity used for energy storage,"Energy Storage, Battery",Other,quantity-consumed-electricity,"Electricity used for energy storage - Energy Storage, Battery - Other - Quantity Consumed For Electricity"
64442,Mt Pleasant Community Center,BA,MWH,OTH,,N,2024,EIA923_Schedules_2_3_4_5_M_12_2024_Final.xlsx,TOT MMBTU AUG,0,AUG,2024-08-01,Electricity used for energy storage,"Energy Storage, Battery",Other,total-fuel-consumed,"Electricity used for energy storage - Energy Storage, Battery - Other - Total Fuel Consumed"
64442,Mt Pleasant Community Center,BA,MWH,OTH,,N,2024,EIA923_Schedules_2_3_4_5_M_12_2024_Final.xlsx,NETGEN AUG,0,AUG,2024-08-01,Electricity used for energy storage,"Energy Storage, Battery",Other,generation,"Electricity used for energy storage - Energy Storage, Battery - Other - Generation"
64442,Mt Pleasant Community Center,PV,SUN,SUN,,N,2024,EIA923_Schedules_2_3_4_5_M_12_2024_Final.xlsx,ELEC MMBTU AUG,256,AUG,2024-08-01,Solar,Photovoltaic,Solar,quantity-consumed-electricity,Solar - Photovoltaic - Solar - Quantity Consumed For Electricity
64442,Mt Pleasant Community Center,PV,SUN,SUN,,N,2024,EIA923_Schedules_2_3_4_5_M_12_2024_Final.xlsx,ELEC MMBTU SEP,218,SEP,2024-09-01,Solar,Photovoltaic,Solar,quantity-consumed-electricity,Solar - Photovoltaic - Solar - Quantity Consumed For Electricity
64442,Mt Pleasant Community Center,PV,SUN,SUN,,N,2024,EIA923_Schedules_2_3_4_5_M_12_2024_Final.xlsx,NETGEN SEP,64,SEP,2024-09-01,Solar,Photovoltaic,Solar,generation,Solar - Photovoltaic - Solar - Generation
64442,Mt Pleasant Community Center,BA,MWH,OTH,,N,2024,EIA923_Schedules_2_3_4_5_M_12_2024_Final.xlsx,TOT MMBTU SEP,0,SEP,2024-09-01,Electricity used for energy storage,"Energy Storage, Battery",Other,total-fuel-consumed,"Electricity used for energy storage - Energy Storage, Battery - Other - Total Fuel Consumed"
64442,Mt Pleasant Community Center,BA,MWH,OTH,,N,2024,EIA923_Schedules_2_3_4_5_M_12_2024_Final.xlsx,ELEC MMBTU SEP,0,SEP,2024-09-01,Electricity used for energy storage,"Energy Storage, Battery",Other,quantity-consumed-electricity,"Electricity used for energy storage - Energy Storage, Battery - Other - Quantity Consumed For Electricity"
64442,Mt Pleasant Community Center,BA,MWH,OTH,,N,2024,EIA923_Schedules_2_3_4_5_M_12_2024_Final.xlsx,NETGEN SEP,0,SEP,2024-09-01,Electricity used for energy storage,"Energy Storage, Battery",Other,generation,"Electricity used for energy storage - Energy Storage, Battery - Other - Generation"
64442,Mt Pleasant Community Center,PV,SUN,SUN,,N,2024,EIA923_Schedules_2_3_4_5_M_12_2024_Final.xlsx,TOT MMBTU SEP,218,SEP,2024-09-01,Solar,Photovoltaic,Solar,total-fuel-consumed,Solar - Photovoltaic - Solar - Total Fuel Consumed
64442,Mt Pleasant Community Center,PV,SUN,SUN,,N,2024,EIA923_Schedules_2_3_4_5_M_12_2024_Final.xlsx,NETGEN OCT,62,OCT,2024-10-01,Solar,Photovoltaic,Solar,generation,Solar - Photovoltaic - Solar - Generation
64442,Mt Pleasant Community Center,BA,MWH,OTH,,N,2024,EIA923_Schedules_2_3_4_5_M_12_2024_Final.xlsx,NETGEN OCT,0,OCT,2024-10-01,Electricity used for energy storage,"Energy Storage, Battery",Other,generation,"Electricity used for energy storage - Energy Storage, Battery - Other - Generation"
64442,Mt Pleasant Community Center,PV,SUN,SUN,,N,2024,EIA923_Schedules_2_3_4_5_M_12_2024_Final.xlsx,TOT MMBTU OCT,212,OCT,2024-10-01,Solar,Photovoltaic,Solar,total-fuel-consumed,Solar - Photovoltaic - Solar - Total Fuel Consumed
64442,Mt Pleasant Community Center,BA,MWH,OTH,,N,2024,EIA923_Schedules_2_3_4_5_M_12_2024_Final.xlsx,TOT MMBTU OCT,0,OCT,2024-10-01,Electricity used for energy storage,"Energy Storage, Battery",Other,total-fuel-consumed,"Electricity used for energy storage - Energy Storage, Battery - Other - Total Fuel Consumed"
64442,Mt Pleasant Community Center,BA,MWH,OTH,,N,2024,EIA923_Schedules_2_3_4_5_M_12_2024_Final.xlsx,ELEC MMBTU OCT,0,OCT,2024-10-01,Electricity used for energy storage,"Energy Storage, Battery",Other,quantity-consumed-electricity,"Electricity used for energy storage - Energy Storage, Battery - Other - Quantity Consumed For Electricity"
64442,Mt Pleasant Community Center,PV,SUN,SUN,,N,2024,EIA923_Schedules_2_3_4_5_M_12_2024_Final.xlsx,ELEC MMBTU OCT,212,OCT,2024-10-01,Solar,Photovoltaic,Solar,quantity-consumed-electricity,Solar - Photovoltaic - Solar - Quantity Consumed For Electricity
64442,Mt Pleasant Community Center,PV,SUN,SUN,,N,2024,EIA923_Schedules_2_3_4_5_M_12_2024_Final.xlsx,NETGEN NOV,39,NOV,2024-11-01,Solar,Photovoltaic,Solar,generation,Solar - Photovoltaic - Solar - Generation
64442,Mt Pleasant Community Center,BA,MWH,OTH,,N,2024,EIA923_Schedules_2_3_4_5_M_12_2024_Final.xlsx,NETGEN NOV,0,NOV,2024-11-01,Electricity used for energy storage,"Energy Storage, Battery",Other,generation,"Electricity used for energy storage - Energy Storage, Battery - Other - Generation"
64442,Mt Pleasant Community Center,PV,SUN,SUN,,N,2024,EIA923_Schedules_2_3_4_5_M_12_2024_Final.xlsx,ELEC MMBTU NOV,133,NOV,2024-11-01,Solar,Photovoltaic,Solar,quantity-consumed-electricity,Solar - Photovoltaic - Solar - Quantity Consumed For Electricity
64442,Mt Pleasant Community Center,BA,MWH,OTH,,N,2024,EIA923_Schedules_2_3_4_5_M_12_2024_Final.xlsx,ELEC MMBTU NOV,0,NOV,2024-11-01,Electricity used for energy storage,"Energy Storage, Battery",Other,quantity-consumed-electricity,"Electricity used for energy storage - Energy Storage, Battery - Other - Quantity Consumed For Electricity"
64442,Mt Pleasant Community Center,PV,SUN,SUN,,N,2024,EIA923_Schedules_2_3_4_5_M_12_2024_Final.xlsx,TOT MMBTU NOV,133,NOV,2024-11-01,Solar,Photovoltaic,Solar,total-fuel-consumed,Solar - Photovoltaic - Solar - Total Fuel Consumed
64442,Mt Pleasant Community Center,BA,MWH,OTH,,N,2024,EIA923_Schedules_2_3_4_5_M_12_2024_Final.xlsx,TOT MMBTU NOV,0,NOV,2024-11-01,Electricity used for energy storage,"Energy Storage, Battery",Other,total-fuel-consumed,"Electricity used for energy storage - Energy Storage, Battery - Other - Total Fuel Consumed"
64442,Mt Pleasant Community Center,PV,SUN,SUN,,N,2024,EIA923_Schedules_2_3_4_5_M_12_2024_Final.xlsx,ELEC MMBTU DEC,99,DEC,2024-12-01,Solar,Photovoltaic,Solar,quantity-consumed-electricity,Solar - Photovoltaic - Solar - Quantity Consumed For Electricity
64442,Mt Pleasant Community Center,BA,MWH,OTH,,N,2024,EIA923_Schedules_2_3_4_5_M_12_2024_Final.xlsx,NETGEN DEC,0,DEC,2024-12-01,Electricity used for energy storage,"Energy Storage, Battery",Other,generation,"Electricity used for energy storage - Energy Storage, Battery - Other - Generation"
64442,Mt Pleasant Community Center,PV,SUN,SUN,,N,2024,EIA923_Schedules_2_3_4_5_M_12_2024_Final.xlsx,NETGEN DEC,29,DEC,2024-12-01,Solar,Photovoltaic,Solar,generation,Solar - Photovoltaic - Solar - Generation
64442,Mt Pleasant Community Center,PV,SUN,SUN,,N,2024,EIA923_Schedules_2_3_4_5_M_12_2024_Final.xlsx,TOT MMBTU DEC,99,DEC,2024-12-01,Solar,Photovoltaic,Solar,total-fuel-consumed,Solar - Photovoltaic - Solar - Total Fuel Consumed
64442,Mt Pleasant Community Center,BA,MWH,OTH,,N,2024,EIA923_Schedules_2_3_4_5_M_12_2024_Final.xlsx,ELEC MMBTU DEC,0,DEC,2024-12-01,Electricity used for energy storage,"Energy Storage, Battery",Other,quantity-consumed-electricity,"Electricity used for energy storage - Energy Storage, Battery - Other - Quantity Consumed For Electricity"
64442,Mt Pleasant Community Center,BA,MWH,OTH,,N,2024,EIA923_Schedules_2_3_4_5_M_12_2024_Final.xlsx,TOT MMBTU DEC,0,DEC,2024-12-01,Electricity used for energy storage,"Energy Storage, Battery",Other,total-fuel-consumed,"Electricity used for energy storage - Energy Storage, Battery - Other - Total Fuel Consumed"
