PLANT ID,PLANT NAME,REPORTED PRIME MOVER,REPORTED FUEL TYPE CODE,MER FUEL TYPE CODE,NUCLEAR UNIT ID,COMBINED HEAT AND POWER PLANT,YEAR,file,variable,value,MONTH,period,energy_type,prime_mover_type,mer_type,common_name,sensor_name
66405,Chaves County Solar II,PV,SUN,SUN,,N,2023,EIA923_Schedules_2_3_4_5_M_12_2023_Final_Revision.xlsx,NETGEN MAR,37,MAR,2023-03-01,Solar,Photovoltaic,Solar,generation,Solar - Photovoltaic - Solar - Generation
66405,Chaves County Solar II,PV,SUN,SUN,,N,2023,EIA923_Schedules_2_3_4_5_M_12_2023_Final_Revision.xlsx,ELEC MMBTU MAR,126,MAR,2023-03-01,Solar,Photovoltaic,Solar,quantity-consumed-electricity,Solar - Photovoltaic - Solar - Quantity Consumed For Electricity
66405,Chaves County Solar II,PV,SUN,SUN,,N,2023,EIA923_Schedules_2_3_4_5_M_12_2023_Final_Revision.xlsx,TOT MMBTU MAR,126,MAR,2023-03-01,Solar,Photovoltaic,Solar,total-fuel-consumed,Solar - Photovoltaic - Solar - Total Fuel Consumed
66405,Chaves County Solar II,PV,SUN,SUN,,N,2023,EIA923_Schedules_2_3_4_5_M_12_2023_Final_Revision.xlsx,ELEC MMBTU APR,5217,APR,2023-04-01,Solar,Photovoltaic,Solar,quantity-consumed-electricity,Solar - Photovoltaic - Solar - Quantity Consumed For Electricity
66405,Chaves County Solar II,PV,SUN,SUN,,N,2023,EIA923_Schedules_2_3_4_5_M_12_2023_Final_Revision.xlsx,NETGEN APR,1529,APR,2023-04-01,Solar,Photovoltaic,Solar,generation,Solar - Photovoltaic - Solar - Generation
66405,Chaves County Solar II,PV,SUN,SUN,,N,2023,EIA923_Schedules_2_3_4_5_M_12_2023_Final_Revision.xlsx,TOT MMBTU APR,5217,APR,2023-04-01,Solar,Photovoltaic,Solar,total-fuel-consumed,Solar - Photovoltaic - Solar - Total Fuel Consumed
66405,Chaves County Solar II,PV,SUN,SUN,,N,2023,EIA923_Schedules_2_3_4_5_M_12_2023_Final_Revision.xlsx,ELEC MMBTU MAY,24167,MAY,2023-05-01,Solar,Photovoltaic,Solar,quantity-consumed-electricity,Solar - Photovoltaic - Solar - Quantity Consumed For Electricity
66405,Chaves County Solar II,PV,SUN,SUN,,N,2023,EIA923_Schedules_2_3_4_5_M_12_2023_Final_Revision.xlsx,NETGEN MAY,7083,MAY,2023-05-01,Solar,Photovoltaic,Solar,generation,Solar - Photovoltaic - Solar - Generation
66405,Chaves County Solar II,PV,SUN,SUN,,N,2023,EIA923_Schedules_2_3_4_5_M_12_2023_Final_Revision.xlsx,TOT MMBTU MAY,24167,MAY,2023-05-01,Solar,Photovoltaic,Solar,total-fuel-consumed,Solar - Photovoltaic - Solar - Total Fuel Consumed
66405,Chaves County Solar II,PV,SUN,SUN,,N,2023,EIA923_Schedules_2_3_4_5_M_12_2023_Final_Revision.xlsx,TOT MMBTU JUN,22454,JUN,2023-06-01,Solar,Photovoltaic,Solar,total-fuel-consumed,Solar - Photovoltaic - Solar - Total Fuel Consumed
66405,Chaves County Solar II,PV,SUN,SUN,,N,2023,EIA923_Schedules_2_3_4_5_M_12_2023_Final_Revision.xlsx,ELEC MMBTU JUN,22454,JUN,2023-06-01,Solar,Photovoltaic,Solar,quantity-consumed-electricity,Solar - Photovoltaic - Solar - Quantity Consumed For Electricity
66405,Chaves County Solar II,PV,SUN,SUN,,N,2023,EIA923_Schedules_2_3_4_5_M_12_2023_Final_Revision.xlsx,NETGEN JUN,6581,JUN,2023-06-01,Solar,Photovoltaic,Solar,generation,Solar - Photovoltaic - Solar - Generation
66405,Chaves County Solar II,PV,SUN,SUN,,N,2023,EIA923_Schedules_2_3_4_5_M_12_2023_Final_Revision.xlsx,NETGEN JUL,8533,JUL,2023-07-01,Solar,Photovoltaic,Solar,generation,Solar - Photovoltaic - Solar - Generation
66405,Chaves County Solar II,PV,SUN,SUN,,N,2023,EIA923_Schedules_2_3_4_5_M_12_2023_Final_Revision.xlsx,TOT MMBTU JUL,29115,JUL,2023-07-01,Solar,Photovoltaic,Solar,total-fuel-consumed,Solar - Photovoltaic - Solar - Total Fuel Consumed
66405,Chaves County Solar II,PV,SUN,SUN,,N,2023,EIA923_Schedules_2_3_4_5_M_12_2023_Final_Revision.xlsx,ELEC MMBTU JUL,29115,JUL,2023-07-01,Solar,Photovoltaic,Solar,quantity-consumed-electricity,Solar - Photovoltaic - Solar - Quantity Consumed For Electricity
66405,Chaves County Solar II,PV,SUN,SUN,,N,2023,EIA923_Schedules_2_3_4_5_M_12_2023_Final_Revision.xlsx,TOT MMBTU AUG,29794,AUG,2023-08-01,Solar,Photovoltaic,Solar,total-fuel-consumed,Solar - Photovoltaic - Solar - Total Fuel Consumed
66405,Chaves County Solar II,PV,SUN,SUN,,N,2023,EIA923_Schedules_2_3_4_5_M_12_2023_Final_Revision.xlsx,NETGEN AUG,8732,AUG,2023-08-01,Solar,Photovoltaic,Solar,generation,Solar - Photovoltaic - Solar - Generation
66405,Chaves County Solar II,PV,SUN,SUN,,N,2023,EIA923_Schedules_2_3_4_5_M_12_2023_Final_Revision.xlsx,ELEC MMBTU AUG,29794,AUG,2023-08-01,Solar,Photovoltaic,Solar,quantity-consumed-electricity,Solar - Photovoltaic - Solar - Quantity Consumed For Electricity
66405,Chaves County Solar II,PV,SUN,SUN,,N,2023,EIA923_Schedules_2_3_4_5_M_12_2023_Final_Revision.xlsx,TOT MMBTU SEP,24447,SEP,2023-09-01,Solar,Photovoltaic,Solar,total-fuel-consumed,Solar - Photovoltaic - Solar - Total Fuel Consumed
66405,Chaves County Solar II,PV,SUN,SUN,,N,2023,EIA923_Schedules_2_3_4_5_M_12_2023_Final_Revision.xlsx,ELEC MMBTU SEP,24447,SEP,2023-09-01,Solar,Photovoltaic,Solar,quantity-consumed-electricity,Solar - Photovoltaic - Solar - Quantity Consumed For Electricity
66405,Chaves County Solar II,PV,SUN,SUN,,N,2023,EIA923_Schedules_2_3_4_5_M_12_2023_Final_Revision.xlsx,NETGEN SEP,7165,SEP,2023-09-01,Solar,Photovoltaic,Solar,generation,Solar - Photovoltaic - Solar - Generation
66405,Chaves County Solar II,PV,SUN,SUN,,N,2023,EIA923_Schedules_2_3_4_5_M_12_2023_Final_Revision.xlsx,TOT MMBTU OCT,20295,OCT,2023-10-01,Solar,Photovoltaic,Solar,total-fuel-consumed,Solar - Photovoltaic - Solar - Total Fuel Consumed
66405,Chaves County Solar II,PV,SUN,SUN,,N,2023,EIA923_Schedules_2_3_4_5_M_12_2023_Final_Revision.xlsx,ELEC MMBTU OCT,20295,OCT,2023-10-01,Solar,Photovoltaic,Solar,quantity-consumed-electricity,Solar - Photovoltaic - Solar - Quantity Consumed For Electricity
66405,Chaves County Solar II,PV,SUN,SUN,,N,2023,EIA923_Schedules_2_3_4_5_M_12_2023_Final_Revision.xlsx,NETGEN OCT,5948,OCT,2023-10-01,Solar,Photovoltaic,Solar,generation,Solar - Photovoltaic - Solar - Generation
66405,Chaves County Solar II,PV,SUN,SUN,,N,2023,EIA923_Schedules_2_3_4_5_M_12_2023_Final_Revision.xlsx,TOT MMBTU NOV,14095,NOV,2023-11-01,Solar,Photovoltaic,Solar,total-fuel-consumed,Solar - Photovoltaic - Solar - Total Fuel Consumed
66405,Chaves County Solar II,PV,SUN,SUN,,N,2023,EIA923_Schedules_2_3_4_5_M_12_2023_Final_Revision.xlsx,ELEC MMBTU NOV,14095,NOV,2023-11-01,Solar,Photovoltaic,Solar,quantity-consumed-electricity,Solar - Photovoltaic - Solar - Quantity Consumed For Electricity
66405,Chaves County Solar II,PV,SUN,SUN,,N,2023,EIA923_Schedules_2_3_4_5_M_12_2023_Final_Revision.xlsx,NETGEN NOV,4131,NOV,2023-11-01,Solar,Photovoltaic,Solar,generation,Solar - Photovoltaic - Solar - Generation
66405,Chaves County Solar II,PV,SUN,SUN,,N,2023,EIA923_Schedules_2_3_4_5_M_12_2023_Final_Revision.xlsx,ELEC MMBTU DEC,12822,DEC,2023-12-01,Solar,Photovoltaic,Solar,quantity-consumed-electricity,Solar - Photovoltaic - Solar - Quantity Consumed For Electricity
66405,Chaves County Solar II,PV,SUN,SUN,,N,2023,EIA923_Schedules_2_3_4_5_M_12_2023_Final_Revision.xlsx,TOT MMBTU DEC,12822,DEC,2023-12-01,Solar,Photovoltaic,Solar,total-fuel-consumed,Solar - Photovoltaic - Solar - Total Fuel Consumed
66405,Chaves County Solar II,PV,SUN,SUN,,N,2023,EIA923_Schedules_2_3_4_5_M_12_2023_Final_Revision.xlsx,NETGEN DEC,3758,DEC,2023-12-01,Solar,Photovoltaic,Solar,generation,Solar - Photovoltaic - Solar - Generation
66405,Chaves County Solar II,PV,SUN,SUN,,N,2024,EIA923_Schedules_2_3_4_5_M_12_2024_Final.xlsx,NETGEN JAN,3595,JAN,2024-01-01,Solar,Photovoltaic,Solar,generation,Solar - Photovoltaic - Solar - Generation
66405,Chaves County Solar II,PV,SUN,SUN,,N,2024,EIA923_Schedules_2_3_4_5_M_12_2024_Final.xlsx,ELEC MMBTU JAN,12266,JAN,2024-01-01,Solar,Photovoltaic,Solar,quantity-consumed-electricity,Solar - Photovoltaic - Solar - Quantity Consumed For Electricity
66405,Chaves County Solar II,PV,SUN,SUN,,N,2024,EIA923_Schedules_2_3_4_5_M_12_2024_Final.xlsx,TOT MMBTU JAN,12266,JAN,2024-01-01,Solar,Photovoltaic,Solar,total-fuel-consumed,Solar - Photovoltaic - Solar - Total Fuel Consumed
66405,Chaves County Solar II,PV,SUN,SUN,,N,2024,EIA923_Schedules_2_3_4_5_M_12_2024_Final.xlsx,TOT MMBTU FEB,13187,FEB,2024-02-01,Solar,Photovoltaic,Solar,total-fuel-consumed,Solar - Photovoltaic - Solar - Total Fuel Consumed
66405,Chaves County Solar II,PV,SUN,SUN,,N,2024,EIA923_Schedules_2_3_4_5_M_12_2024_Final.xlsx,NETGEN FEB,3865,FEB,2024-02-01,Solar,Photovoltaic,Solar,generation,Solar - Photovoltaic - Solar - Generation
66405,Chaves County Solar II,PV,SUN,SUN,,N,2024,EIA923_Schedules_2_3_4_5_M_12_2024_Final.xlsx,ELEC MMBTU FEB,13187,FEB,2024-02-01,Solar,Photovoltaic,Solar,quantity-consumed-electricity,Solar - Photovoltaic - Solar - Quantity Consumed For Electricity
66405,Chaves County Solar II,PV,SUN,SUN,,N,2024,EIA923_Schedules_2_3_4_5_M_12_2024_Final.xlsx,ELEC MMBTU MAR,17132,MAR,2024-03-01,Solar,Photovoltaic,Solar,quantity-consumed-electricity,Solar - Photovoltaic - Solar - Quantity Consumed For Electricity
66405,Chaves County Solar II,PV,SUN,SUN,,N,2024,EIA923_Schedules_2_3_4_5_M_12_2024_Final.xlsx,TOT MMBTU MAR,17132,MAR,2024-03-01,Solar,Photovoltaic,Solar,total-fuel-consumed,Solar - Photovoltaic - Solar - Total Fuel Consumed
66405,Chaves County Solar II,PV,SUN,SUN,,N,2024,EIA923_Schedules_2_3_4_5_M_12_2024_Final.xlsx,NETGEN MAR,5021,MAR,2024-03-01,Solar,Photovoltaic,Solar,generation,Solar - Photovoltaic - Solar - Generation
66405,Chaves County Solar II,PV,SUN,SUN,,N,2024,EIA923_Schedules_2_3_4_5_M_12_2024_Final.xlsx,TOT MMBTU APR,10205,APR,2024-04-01,Solar,Photovoltaic,Solar,total-fuel-consumed,Solar - Photovoltaic - Solar - Total Fuel Consumed
66405,Chaves County Solar II,PV,SUN,SUN,,N,2024,EIA923_Schedules_2_3_4_5_M_12_2024_Final.xlsx,ELEC MMBTU APR,10205,APR,2024-04-01,Solar,Photovoltaic,Solar,quantity-consumed-electricity,Solar - Photovoltaic - Solar - Quantity Consumed For Electricity
66405,Chaves County Solar II,PV,SUN,SUN,,N,2024,EIA923_Schedules_2_3_4_5_M_12_2024_Final.xlsx,NETGEN APR,2991,APR,2024-04-01,Solar,Photovoltaic,Solar,generation,Solar - Photovoltaic - Solar - Generation
66405,Chaves County Solar II,PV,SUN,SUN,,N,2024,EIA923_Schedules_2_3_4_5_M_12_2024_Final.xlsx,ELEC MMBTU MAY,25733,MAY,2024-05-01,Solar,Photovoltaic,Solar,quantity-consumed-electricity,Solar - Photovoltaic - Solar - Quantity Consumed For Electricity
66405,Chaves County Solar II,PV,SUN,SUN,,N,2024,EIA923_Schedules_2_3_4_5_M_12_2024_Final.xlsx,TOT MMBTU MAY,25733,MAY,2024-05-01,Solar,Photovoltaic,Solar,total-fuel-consumed,Solar - Photovoltaic - Solar - Total Fuel Consumed
66405,Chaves County Solar II,PV,SUN,SUN,,N,2024,EIA923_Schedules_2_3_4_5_M_12_2024_Final.xlsx,NETGEN MAY,7542,MAY,2024-05-01,Solar,Photovoltaic,Solar,generation,Solar - Photovoltaic - Solar - Generation
66405,Chaves County Solar II,PV,SUN,SUN,,N,2024,EIA923_Schedules_2_3_4_5_M_12_2024_Final.xlsx,ELEC MMBTU JUN,24416,JUN,2024-06-01,Solar,Photovoltaic,Solar,quantity-consumed-electricity,Solar - Photovoltaic - Solar - Quantity Consumed For Electricity
66405,Chaves County Solar II,PV,SUN,SUN,,N,2024,EIA923_Schedules_2_3_4_5_M_12_2024_Final.xlsx,TOT MMBTU JUN,24416,JUN,2024-06-01,Solar,Photovoltaic,Solar,total-fuel-consumed,Solar - Photovoltaic - Solar - Total Fuel Consumed
66405,Chaves County Solar II,PV,SUN,SUN,,N,2024,EIA923_Schedules_2_3_4_5_M_12_2024_Final.xlsx,NETGEN JUN,7156,JUN,2024-06-01,Solar,Photovoltaic,Solar,generation,Solar - Photovoltaic - Solar - Generation
66405,Chaves County Solar II,PV,SUN,SUN,,N,2024,EIA923_Schedules_2_3_4_5_M_12_2024_Final.xlsx,NETGEN JUL,8427,JUL,2024-07-01,Solar,Photovoltaic,Solar,generation,Solar - Photovoltaic - Solar - Generation
66405,Chaves County Solar II,PV,SUN,SUN,,N,2024,EIA923_Schedules_2_3_4_5_M_12_2024_Final.xlsx,ELEC MMBTU JUL,28753,JUL,2024-07-01,Solar,Photovoltaic,Solar,quantity-consumed-electricity,Solar - Photovoltaic - Solar - Quantity Consumed For Electricity
66405,Chaves County Solar II,PV,SUN,SUN,,N,2024,EIA923_Schedules_2_3_4_5_M_12_2024_Final.xlsx,TOT MMBTU JUL,28753,JUL,2024-07-01,Solar,Photovoltaic,Solar,total-fuel-consumed,Solar - Photovoltaic - Solar - Total Fuel Consumed
66405,Chaves County Solar II,PV,SUN,SUN,,N,2024,EIA923_Schedules_2_3_4_5_M_12_2024_Final.xlsx,NETGEN AUG,8970,AUG,2024-08-01,Solar,Photovoltaic,Solar,generation,Solar - Photovoltaic - Solar - Generation
66405,Chaves County Solar II,PV,SUN,SUN,,N,2024,EIA923_Schedules_2_3_4_5_M_12_2024_Final.xlsx,TOT MMBTU AUG,30606,AUG,2024-08-01,Solar,Photovoltaic,Solar,total-fuel-consumed,Solar - Photovoltaic - Solar - Total Fuel Consumed
66405,Chaves County Solar II,PV,SUN,SUN,,N,2024,EIA923_Schedules_2_3_4_5_M_12_2024_Final.xlsx,ELEC MMBTU AUG,30606,AUG,2024-08-01,Solar,Photovoltaic,Solar,quantity-consumed-electricity,Solar - Photovoltaic - Solar - Quantity Consumed For Electricity
66405,Chaves County Solar II,PV,SUN,SUN,,N,2024,EIA923_Schedules_2_3_4_5_M_12_2024_Final.xlsx,TOT MMBTU SEP,25460,SEP,2024-09-01,Solar,Photovoltaic,Solar,total-fuel-consumed,Solar - Photovoltaic - Solar - Total Fuel Consumed
66405,Chaves County Solar II,PV,SUN,SUN,,N,2024,EIA923_Schedules_2_3_4_5_M_12_2024_Final.xlsx,NETGEN SEP,7462,SEP,2024-09-01,Solar,Photovoltaic,Solar,generation,Solar - Photovoltaic - Solar - Generation
66405,Chaves County Solar II,PV,SUN,SUN,,N,2024,EIA923_Schedules_2_3_4_5_M_12_2024_Final.xlsx,ELEC MMBTU SEP,25460,SEP,2024-09-01,Solar,Photovoltaic,Solar,quantity-consumed-electricity,Solar - Photovoltaic - Solar - Quantity Consumed For Electricity
66405,Chaves County Solar II,PV,SUN,SUN,,N,2024,EIA923_Schedules_2_3_4_5_M_12_2024_Final.xlsx,ELEC MMBTU OCT,19083,OCT,2024-10-01,Solar,Photovoltaic,Solar,quantity-consumed-electricity,Solar - Photovoltaic - Solar - Quantity Consumed For Electricity
66405,Chaves County Solar II,PV,SUN,SUN,,N,2024,EIA923_Schedules_2_3_4_5_M_12_2024_Final.xlsx,TOT MMBTU OCT,19083,OCT,2024-10-01,Solar,Photovoltaic,Solar,total-fuel-consumed,Solar - Photovoltaic - Solar - Total Fuel Consumed
66405,Chaves County Solar II,PV,SUN,SUN,,N,2024,EIA923_Schedules_2_3_4_5_M_12_2024_Final.xlsx,NETGEN OCT,5593,OCT,2024-10-01,Solar,Photovoltaic,Solar,generation,Solar - Photovoltaic - Solar - Generation
66405,Chaves County Solar II,PV,SUN,SUN,,N,2024,EIA923_Schedules_2_3_4_5_M_12_2024_Final.xlsx,TOT MMBTU NOV,12027,NOV,2024-11-01,Solar,Photovoltaic,Solar,total-fuel-consumed,Solar - Photovoltaic - Solar - Total Fuel Consumed
66405,Chaves County Solar II,PV,SUN,SUN,,N,2024,EIA923_Schedules_2_3_4_5_M_12_2024_Final.xlsx,ELEC MMBTU NOV,12027,NOV,2024-11-01,Solar,Photovoltaic,Solar,quantity-consumed-electricity,Solar - Photovoltaic - Solar - Quantity Consumed For Electricity
66405,Chaves County Solar II,PV,SUN,SUN,,N,2024,EIA923_Schedules_2_3_4_5_M_12_2024_Final.xlsx,NETGEN NOV,3525,NOV,2024-11-01,Solar,Photovoltaic,Solar,generation,Solar - Photovoltaic - Solar - Generation
66405,Chaves County Solar II,PV,SUN,SUN,,N,2024,EIA923_Schedules_2_3_4_5_M_12_2024_Final.xlsx,ELEC MMBTU DEC,14098,DEC,2024-12-01,Solar,Photovoltaic,Solar,quantity-consumed-electricity,Solar - Photovoltaic - Solar - Quantity Consumed For Electricity
66405,Chaves County Solar II,PV,SUN,SUN,,N,2024,EIA923_Schedules_2_3_4_5_M_12_2024_Final.xlsx,NETGEN DEC,4132,DEC,2024-12-01,Solar,Photovoltaic,Solar,generation,Solar - Photovoltaic - Solar - Generation
66405,Chaves County Solar II,PV,SUN,SUN,,N,2024,EIA923_Schedules_2_3_4_5_M_12_2024_Final.xlsx,TOT MMBTU DEC,14098,DEC,2024-12-01,Solar,Photovoltaic,Solar,total-fuel-consumed,Solar - Photovoltaic - Solar - Total Fuel Consumed
66405,Chaves County Solar II,PV,SUN,SUN,,N,2025,EIA923_Schedules_2_3_4_5_M_10_2025_17DEC2025.xlsx,TOT MMBTU JAN,16634,JAN,2025-01-01,Solar,Photovoltaic,Solar,total-fuel-consumed,Solar - Photovoltaic - Solar - Total Fuel Consumed
66405,Chaves County Solar II,PV,SUN,SUN,,N,2025,EIA923_Schedules_2_3_4_5_M_10_2025_17DEC2025.xlsx,NETGEN JAN,4875,JAN,2025-01-01,Solar,Photovoltaic,Solar,generation,Solar - Photovoltaic - Solar - Generation
66405,Chaves County Solar II,PV,SUN,SUN,,N,2025,EIA923_Schedules_2_3_4_5_M_10_2025_17DEC2025.xlsx,ELEC MMBTU JAN,16634,JAN,2025-01-01,Solar,Photovoltaic,Solar,quantity-consumed-electricity,Solar - Photovoltaic - Solar - Quantity Consumed For Electricity
66405,Chaves County Solar II,PV,SUN,SUN,,N,2025,EIA923_Schedules_2_3_4_5_M_10_2025_17DEC2025.xlsx,TOT MMBTU FEB,17381,FEB,2025-02-01,Solar,Photovoltaic,Solar,total-fuel-consumed,Solar - Photovoltaic - Solar - Total Fuel Consumed
66405,Chaves County Solar II,PV,SUN,SUN,,N,2025,EIA923_Schedules_2_3_4_5_M_10_2025_17DEC2025.xlsx,NETGEN FEB,5094,FEB,2025-02-01,Solar,Photovoltaic,Solar,generation,Solar - Photovoltaic - Solar - Generation
66405,Chaves County Solar II,PV,SUN,SUN,,N,2025,EIA923_Schedules_2_3_4_5_M_10_2025_17DEC2025.xlsx,ELEC MMBTU FEB,17381,FEB,2025-02-01,Solar,Photovoltaic,Solar,quantity-consumed-electricity,Solar - Photovoltaic - Solar - Quantity Consumed For Electricity
66405,Chaves County Solar II,PV,SUN,SUN,,N,2025,EIA923_Schedules_2_3_4_5_M_10_2025_17DEC2025.xlsx,TOT MMBTU MAR,19213,MAR,2025-03-01,Solar,Photovoltaic,Solar,total-fuel-consumed,Solar - Photovoltaic - Solar - Total Fuel Consumed
66405,Chaves County Solar II,PV,SUN,SUN,,N,2025,EIA923_Schedules_2_3_4_5_M_10_2025_17DEC2025.xlsx,ELEC MMBTU MAR,19213,MAR,2025-03-01,Solar,Photovoltaic,Solar,quantity-consumed-electricity,Solar - Photovoltaic - Solar - Quantity Consumed For Electricity
66405,Chaves County Solar II,PV,SUN,SUN,,N,2025,EIA923_Schedules_2_3_4_5_M_10_2025_17DEC2025.xlsx,NETGEN MAR,5631,MAR,2025-03-01,Solar,Photovoltaic,Solar,generation,Solar - Photovoltaic - Solar - Generation
66405,Chaves County Solar II,PV,SUN,SUN,,N,2025,EIA923_Schedules_2_3_4_5_M_10_2025_17DEC2025.xlsx,ELEC MMBTU APR,20991,APR,2025-04-01,Solar,Photovoltaic,Solar,quantity-consumed-electricity,Solar - Photovoltaic - Solar - Quantity Consumed For Electricity
66405,Chaves County Solar II,PV,SUN,SUN,,N,2025,EIA923_Schedules_2_3_4_5_M_10_2025_17DEC2025.xlsx,TOT MMBTU APR,20991,APR,2025-04-01,Solar,Photovoltaic,Solar,total-fuel-consumed,Solar - Photovoltaic - Solar - Total Fuel Consumed
66405,Chaves County Solar II,PV,SUN,SUN,,N,2025,EIA923_Schedules_2_3_4_5_M_10_2025_17DEC2025.xlsx,NETGEN APR,6152,APR,2025-04-01,Solar,Photovoltaic,Solar,generation,Solar - Photovoltaic - Solar - Generation
66405,Chaves County Solar II,PV,SUN,SUN,,N,2025,EIA923_Schedules_2_3_4_5_M_10_2025_17DEC2025.xlsx,TOT MMBTU MAY,28129,MAY,2025-05-01,Solar,Photovoltaic,Solar,total-fuel-consumed,Solar - Photovoltaic - Solar - Total Fuel Consumed
66405,Chaves County Solar II,PV,SUN,SUN,,N,2025,EIA923_Schedules_2_3_4_5_M_10_2025_17DEC2025.xlsx,ELEC MMBTU MAY,28129,MAY,2025-05-01,Solar,Photovoltaic,Solar,quantity-consumed-electricity,Solar - Photovoltaic - Solar - Quantity Consumed For Electricity
66405,Chaves County Solar II,PV,SUN,SUN,,N,2025,EIA923_Schedules_2_3_4_5_M_10_2025_17DEC2025.xlsx,NETGEN MAY,8244,MAY,2025-05-01,Solar,Photovoltaic,Solar,generation,Solar - Photovoltaic - Solar - Generation
66405,Chaves County Solar II,PV,SUN,SUN,,N,2025,EIA923_Schedules_2_3_4_5_M_10_2025_17DEC2025.xlsx,TOT MMBTU JUN,23717,JUN,2025-06-01,Solar,Photovoltaic,Solar,total-fuel-consumed,Solar - Photovoltaic - Solar - Total Fuel Consumed
66405,Chaves County Solar II,PV,SUN,SUN,,N,2025,EIA923_Schedules_2_3_4_5_M_10_2025_17DEC2025.xlsx,ELEC MMBTU JUN,23717,JUN,2025-06-01,Solar,Photovoltaic,Solar,quantity-consumed-electricity,Solar - Photovoltaic - Solar - Quantity Consumed For Electricity
66405,Chaves County Solar II,PV,SUN,SUN,,N,2025,EIA923_Schedules_2_3_4_5_M_10_2025_17DEC2025.xlsx,NETGEN JUN,6951,JUN,2025-06-01,Solar,Photovoltaic,Solar,generation,Solar - Photovoltaic - Solar - Generation
66405,Chaves County Solar II,PV,SUN,SUN,,N,2025,EIA923_Schedules_2_3_4_5_M_10_2025_17DEC2025.xlsx,NETGEN JUL,6726,JUL,2025-07-01,Solar,Photovoltaic,Solar,generation,Solar - Photovoltaic - Solar - Generation
66405,Chaves County Solar II,PV,SUN,SUN,,N,2025,EIA923_Schedules_2_3_4_5_M_10_2025_17DEC2025.xlsx,TOT MMBTU JUL,22949,JUL,2025-07-01,Solar,Photovoltaic,Solar,total-fuel-consumed,Solar - Photovoltaic - Solar - Total Fuel Consumed
66405,Chaves County Solar II,PV,SUN,SUN,,N,2025,EIA923_Schedules_2_3_4_5_M_10_2025_17DEC2025.xlsx,ELEC MMBTU JUL,22949,JUL,2025-07-01,Solar,Photovoltaic,Solar,quantity-consumed-electricity,Solar - Photovoltaic - Solar - Quantity Consumed For Electricity
66405,Chaves County Solar II,PV,SUN,SUN,,N,2025,EIA923_Schedules_2_3_4_5_M_10_2025_17DEC2025.xlsx,ELEC MMBTU AUG,26590,AUG,2025-08-01,Solar,Photovoltaic,Solar,quantity-consumed-electricity,Solar - Photovoltaic - Solar - Quantity Consumed For Electricity
66405,Chaves County Solar II,PV,SUN,SUN,,N,2025,EIA923_Schedules_2_3_4_5_M_10_2025_17DEC2025.xlsx,TOT MMBTU AUG,26590,AUG,2025-08-01,Solar,Photovoltaic,Solar,total-fuel-consumed,Solar - Photovoltaic - Solar - Total Fuel Consumed
66405,Chaves County Solar II,PV,SUN,SUN,,N,2025,EIA923_Schedules_2_3_4_5_M_10_2025_17DEC2025.xlsx,NETGEN AUG,7793,AUG,2025-08-01,Solar,Photovoltaic,Solar,generation,Solar - Photovoltaic - Solar - Generation
66405,Chaves County Solar II,PV,SUN,SUN,,N,2025,EIA923_Schedules_2_3_4_5_M_10_2025_17DEC2025.xlsx,ELEC MMBTU SEP,20591,SEP,2025-09-01,Solar,Photovoltaic,Solar,quantity-consumed-electricity,Solar - Photovoltaic - Solar - Quantity Consumed For Electricity
66405,Chaves County Solar II,PV,SUN,SUN,,N,2025,EIA923_Schedules_2_3_4_5_M_10_2025_17DEC2025.xlsx,TOT MMBTU SEP,20591,SEP,2025-09-01,Solar,Photovoltaic,Solar,total-fuel-consumed,Solar - Photovoltaic - Solar - Total Fuel Consumed
66405,Chaves County Solar II,PV,SUN,SUN,,N,2025,EIA923_Schedules_2_3_4_5_M_10_2025_17DEC2025.xlsx,NETGEN SEP,6035,SEP,2025-09-01,Solar,Photovoltaic,Solar,generation,Solar - Photovoltaic - Solar - Generation
66405,Chaves County Solar II,PV,SUN,SUN,,N,2025,EIA923_Schedules_2_3_4_5_M_10_2025_17DEC2025.xlsx,NETGEN OCT,5113,OCT,2025-10-01,Solar,Photovoltaic,Solar,generation,Solar - Photovoltaic - Solar - Generation
66405,Chaves County Solar II,PV,SUN,SUN,,N,2025,EIA923_Schedules_2_3_4_5_M_10_2025_17DEC2025.xlsx,ELEC MMBTU OCT,17446,OCT,2025-10-01,Solar,Photovoltaic,Solar,quantity-consumed-electricity,Solar - Photovoltaic - Solar - Quantity Consumed For Electricity
66405,Chaves County Solar II,PV,SUN,SUN,,N,2025,EIA923_Schedules_2_3_4_5_M_10_2025_17DEC2025.xlsx,TOT MMBTU OCT,17446,OCT,2025-10-01,Solar,Photovoltaic,Solar,total-fuel-consumed,Solar - Photovoltaic - Solar - Total Fuel Consumed
