PLANT ID,PLANT NAME,REPORTED PRIME MOVER,REPORTED FUEL TYPE CODE,MER FUEL TYPE CODE,NUCLEAR UNIT ID,COMBINED HEAT AND POWER PLANT,YEAR,file,variable,value,MONTH,period,energy_type,prime_mover_type,mer_type,common_name,sensor_name
67147,South Cheyenne Solar,PV,SUN,SUN,,N,2024,EIA923_Schedules_2_3_4_5_M_12_2024_Final.xlsx,ELEC MMBTU APR,15821,APR,2024-04-01,Solar,Photovoltaic,Solar,quantity-consumed-electricity,Solar - Photovoltaic - Solar - Quantity Consumed For Electricity
67147,South Cheyenne Solar,PV,SUN,SUN,,N,2024,EIA923_Schedules_2_3_4_5_M_12_2024_Final.xlsx,TOT MMBTU APR,15821,APR,2024-04-01,Solar,Photovoltaic,Solar,total-fuel-consumed,Solar - Photovoltaic - Solar - Total Fuel Consumed
67147,South Cheyenne Solar,PV,SUN,SUN,,N,2024,EIA923_Schedules_2_3_4_5_M_12_2024_Final.xlsx,NETGEN APR,4637,APR,2024-04-01,Solar,Photovoltaic,Solar,generation,Solar - Photovoltaic - Solar - Generation
67147,South Cheyenne Solar,PV,SUN,SUN,,N,2024,EIA923_Schedules_2_3_4_5_M_12_2024_Final.xlsx,TOT MMBTU MAY,118710,MAY,2024-05-01,Solar,Photovoltaic,Solar,total-fuel-consumed,Solar - Photovoltaic - Solar - Total Fuel Consumed
67147,South Cheyenne Solar,PV,SUN,SUN,,N,2024,EIA923_Schedules_2_3_4_5_M_12_2024_Final.xlsx,ELEC MMBTU MAY,118710,MAY,2024-05-01,Solar,Photovoltaic,Solar,quantity-consumed-electricity,Solar - Photovoltaic - Solar - Quantity Consumed For Electricity
67147,South Cheyenne Solar,PV,SUN,SUN,,N,2024,EIA923_Schedules_2_3_4_5_M_12_2024_Final.xlsx,NETGEN MAY,34792,MAY,2024-05-01,Solar,Photovoltaic,Solar,generation,Solar - Photovoltaic - Solar - Generation
67147,South Cheyenne Solar,PV,SUN,SUN,,N,2024,EIA923_Schedules_2_3_4_5_M_12_2024_Final.xlsx,ELEC MMBTU JUN,119130,JUN,2024-06-01,Solar,Photovoltaic,Solar,quantity-consumed-electricity,Solar - Photovoltaic - Solar - Quantity Consumed For Electricity
67147,South Cheyenne Solar,PV,SUN,SUN,,N,2024,EIA923_Schedules_2_3_4_5_M_12_2024_Final.xlsx,NETGEN JUN,34915,JUN,2024-06-01,Solar,Photovoltaic,Solar,generation,Solar - Photovoltaic - Solar - Generation
67147,South Cheyenne Solar,PV,SUN,SUN,,N,2024,EIA923_Schedules_2_3_4_5_M_12_2024_Final.xlsx,TOT MMBTU JUN,119130,JUN,2024-06-01,Solar,Photovoltaic,Solar,total-fuel-consumed,Solar - Photovoltaic - Solar - Total Fuel Consumed
67147,South Cheyenne Solar,PV,SUN,SUN,,N,2024,EIA923_Schedules_2_3_4_5_M_12_2024_Final.xlsx,TOT MMBTU JUL,128933,JUL,2024-07-01,Solar,Photovoltaic,Solar,total-fuel-consumed,Solar - Photovoltaic - Solar - Total Fuel Consumed
67147,South Cheyenne Solar,PV,SUN,SUN,,N,2024,EIA923_Schedules_2_3_4_5_M_12_2024_Final.xlsx,NETGEN JUL,37788,JUL,2024-07-01,Solar,Photovoltaic,Solar,generation,Solar - Photovoltaic - Solar - Generation
67147,South Cheyenne Solar,PV,SUN,SUN,,N,2024,EIA923_Schedules_2_3_4_5_M_12_2024_Final.xlsx,ELEC MMBTU JUL,128933,JUL,2024-07-01,Solar,Photovoltaic,Solar,quantity-consumed-electricity,Solar - Photovoltaic - Solar - Quantity Consumed For Electricity
67147,South Cheyenne Solar,PV,SUN,SUN,,N,2024,EIA923_Schedules_2_3_4_5_M_12_2024_Final.xlsx,NETGEN AUG,35550,AUG,2024-08-01,Solar,Photovoltaic,Solar,generation,Solar - Photovoltaic - Solar - Generation
67147,South Cheyenne Solar,PV,SUN,SUN,,N,2024,EIA923_Schedules_2_3_4_5_M_12_2024_Final.xlsx,ELEC MMBTU AUG,121297,AUG,2024-08-01,Solar,Photovoltaic,Solar,quantity-consumed-electricity,Solar - Photovoltaic - Solar - Quantity Consumed For Electricity
67147,South Cheyenne Solar,PV,SUN,SUN,,N,2024,EIA923_Schedules_2_3_4_5_M_12_2024_Final.xlsx,TOT MMBTU AUG,121297,AUG,2024-08-01,Solar,Photovoltaic,Solar,total-fuel-consumed,Solar - Photovoltaic - Solar - Total Fuel Consumed
67147,South Cheyenne Solar,PV,SUN,SUN,,N,2024,EIA923_Schedules_2_3_4_5_M_12_2024_Final.xlsx,TOT MMBTU SEP,120631,SEP,2024-09-01,Solar,Photovoltaic,Solar,total-fuel-consumed,Solar - Photovoltaic - Solar - Total Fuel Consumed
67147,South Cheyenne Solar,PV,SUN,SUN,,N,2024,EIA923_Schedules_2_3_4_5_M_12_2024_Final.xlsx,ELEC MMBTU SEP,120631,SEP,2024-09-01,Solar,Photovoltaic,Solar,quantity-consumed-electricity,Solar - Photovoltaic - Solar - Quantity Consumed For Electricity
67147,South Cheyenne Solar,PV,SUN,SUN,,N,2024,EIA923_Schedules_2_3_4_5_M_12_2024_Final.xlsx,NETGEN SEP,35355,SEP,2024-09-01,Solar,Photovoltaic,Solar,generation,Solar - Photovoltaic - Solar - Generation
67147,South Cheyenne Solar,PV,SUN,SUN,,N,2024,EIA923_Schedules_2_3_4_5_M_12_2024_Final.xlsx,ELEC MMBTU OCT,88320,OCT,2024-10-01,Solar,Photovoltaic,Solar,quantity-consumed-electricity,Solar - Photovoltaic - Solar - Quantity Consumed For Electricity
67147,South Cheyenne Solar,PV,SUN,SUN,,N,2024,EIA923_Schedules_2_3_4_5_M_12_2024_Final.xlsx,TOT MMBTU OCT,88320,OCT,2024-10-01,Solar,Photovoltaic,Solar,total-fuel-consumed,Solar - Photovoltaic - Solar - Total Fuel Consumed
67147,South Cheyenne Solar,PV,SUN,SUN,,N,2024,EIA923_Schedules_2_3_4_5_M_12_2024_Final.xlsx,NETGEN OCT,25885,OCT,2024-10-01,Solar,Photovoltaic,Solar,generation,Solar - Photovoltaic - Solar - Generation
67147,South Cheyenne Solar,PV,SUN,SUN,,N,2024,EIA923_Schedules_2_3_4_5_M_12_2024_Final.xlsx,TOT MMBTU NOV,62986,NOV,2024-11-01,Solar,Photovoltaic,Solar,total-fuel-consumed,Solar - Photovoltaic - Solar - Total Fuel Consumed
67147,South Cheyenne Solar,PV,SUN,SUN,,N,2024,EIA923_Schedules_2_3_4_5_M_12_2024_Final.xlsx,ELEC MMBTU NOV,62986,NOV,2024-11-01,Solar,Photovoltaic,Solar,quantity-consumed-electricity,Solar - Photovoltaic - Solar - Quantity Consumed For Electricity
67147,South Cheyenne Solar,PV,SUN,SUN,,N,2024,EIA923_Schedules_2_3_4_5_M_12_2024_Final.xlsx,NETGEN NOV,18460,NOV,2024-11-01,Solar,Photovoltaic,Solar,generation,Solar - Photovoltaic - Solar - Generation
67147,South Cheyenne Solar,PV,SUN,SUN,,N,2024,EIA923_Schedules_2_3_4_5_M_12_2024_Final.xlsx,ELEC MMBTU DEC,50760,DEC,2024-12-01,Solar,Photovoltaic,Solar,quantity-consumed-electricity,Solar - Photovoltaic - Solar - Quantity Consumed For Electricity
67147,South Cheyenne Solar,PV,SUN,SUN,,N,2024,EIA923_Schedules_2_3_4_5_M_12_2024_Final.xlsx,TOT MMBTU DEC,50760,DEC,2024-12-01,Solar,Photovoltaic,Solar,total-fuel-consumed,Solar - Photovoltaic - Solar - Total Fuel Consumed
67147,South Cheyenne Solar,PV,SUN,SUN,,N,2024,EIA923_Schedules_2_3_4_5_M_12_2024_Final.xlsx,NETGEN DEC,14877,DEC,2024-12-01,Solar,Photovoltaic,Solar,generation,Solar - Photovoltaic - Solar - Generation
67147,South Cheyenne Solar,PV,SUN,SUN,,N,2025,EIA923_Schedules_2_3_4_5_M_10_2025_17DEC2025.xlsx,ELEC MMBTU JAN,60256,JAN,2025-01-01,Solar,Photovoltaic,Solar,quantity-consumed-electricity,Solar - Photovoltaic - Solar - Quantity Consumed For Electricity
67147,South Cheyenne Solar,PV,SUN,SUN,,N,2025,EIA923_Schedules_2_3_4_5_M_10_2025_17DEC2025.xlsx,NETGEN JAN,17660,JAN,2025-01-01,Solar,Photovoltaic,Solar,generation,Solar - Photovoltaic - Solar - Generation
67147,South Cheyenne Solar,PV,SUN,SUN,,N,2025,EIA923_Schedules_2_3_4_5_M_10_2025_17DEC2025.xlsx,TOT MMBTU JAN,60256,JAN,2025-01-01,Solar,Photovoltaic,Solar,total-fuel-consumed,Solar - Photovoltaic - Solar - Total Fuel Consumed
67147,South Cheyenne Solar,PV,SUN,SUN,,N,2025,EIA923_Schedules_2_3_4_5_M_10_2025_17DEC2025.xlsx,NETGEN FEB,20955,FEB,2025-02-01,Solar,Photovoltaic,Solar,generation,Solar - Photovoltaic - Solar - Generation
67147,South Cheyenne Solar,PV,SUN,SUN,,N,2025,EIA923_Schedules_2_3_4_5_M_10_2025_17DEC2025.xlsx,ELEC MMBTU FEB,71498,FEB,2025-02-01,Solar,Photovoltaic,Solar,quantity-consumed-electricity,Solar - Photovoltaic - Solar - Quantity Consumed For Electricity
67147,South Cheyenne Solar,PV,SUN,SUN,,N,2025,EIA923_Schedules_2_3_4_5_M_10_2025_17DEC2025.xlsx,TOT MMBTU FEB,71498,FEB,2025-02-01,Solar,Photovoltaic,Solar,total-fuel-consumed,Solar - Photovoltaic - Solar - Total Fuel Consumed
67147,South Cheyenne Solar,PV,SUN,SUN,,N,2025,EIA923_Schedules_2_3_4_5_M_10_2025_17DEC2025.xlsx,ELEC MMBTU MAR,99910,MAR,2025-03-01,Solar,Photovoltaic,Solar,quantity-consumed-electricity,Solar - Photovoltaic - Solar - Quantity Consumed For Electricity
67147,South Cheyenne Solar,PV,SUN,SUN,,N,2025,EIA923_Schedules_2_3_4_5_M_10_2025_17DEC2025.xlsx,TOT MMBTU MAR,99910,MAR,2025-03-01,Solar,Photovoltaic,Solar,total-fuel-consumed,Solar - Photovoltaic - Solar - Total Fuel Consumed
67147,South Cheyenne Solar,PV,SUN,SUN,,N,2025,EIA923_Schedules_2_3_4_5_M_10_2025_17DEC2025.xlsx,NETGEN MAR,29282,MAR,2025-03-01,Solar,Photovoltaic,Solar,generation,Solar - Photovoltaic - Solar - Generation
67147,South Cheyenne Solar,PV,SUN,SUN,,N,2025,EIA923_Schedules_2_3_4_5_M_10_2025_17DEC2025.xlsx,ELEC MMBTU APR,111405,APR,2025-04-01,Solar,Photovoltaic,Solar,quantity-consumed-electricity,Solar - Photovoltaic - Solar - Quantity Consumed For Electricity
67147,South Cheyenne Solar,PV,SUN,SUN,,N,2025,EIA923_Schedules_2_3_4_5_M_10_2025_17DEC2025.xlsx,TOT MMBTU APR,111405,APR,2025-04-01,Solar,Photovoltaic,Solar,total-fuel-consumed,Solar - Photovoltaic - Solar - Total Fuel Consumed
67147,South Cheyenne Solar,PV,SUN,SUN,,N,2025,EIA923_Schedules_2_3_4_5_M_10_2025_17DEC2025.xlsx,NETGEN APR,32651,APR,2025-04-01,Solar,Photovoltaic,Solar,generation,Solar - Photovoltaic - Solar - Generation
67147,South Cheyenne Solar,PV,SUN,SUN,,N,2025,EIA923_Schedules_2_3_4_5_M_10_2025_17DEC2025.xlsx,ELEC MMBTU MAY,113613,MAY,2025-05-01,Solar,Photovoltaic,Solar,quantity-consumed-electricity,Solar - Photovoltaic - Solar - Quantity Consumed For Electricity
67147,South Cheyenne Solar,PV,SUN,SUN,,N,2025,EIA923_Schedules_2_3_4_5_M_10_2025_17DEC2025.xlsx,NETGEN MAY,33298,MAY,2025-05-01,Solar,Photovoltaic,Solar,generation,Solar - Photovoltaic - Solar - Generation
67147,South Cheyenne Solar,PV,SUN,SUN,,N,2025,EIA923_Schedules_2_3_4_5_M_10_2025_17DEC2025.xlsx,TOT MMBTU MAY,113613,MAY,2025-05-01,Solar,Photovoltaic,Solar,total-fuel-consumed,Solar - Photovoltaic - Solar - Total Fuel Consumed
67147,South Cheyenne Solar,PV,SUN,SUN,,N,2025,EIA923_Schedules_2_3_4_5_M_10_2025_17DEC2025.xlsx,ELEC MMBTU JUN,129260,JUN,2025-06-01,Solar,Photovoltaic,Solar,quantity-consumed-electricity,Solar - Photovoltaic - Solar - Quantity Consumed For Electricity
67147,South Cheyenne Solar,PV,SUN,SUN,,N,2025,EIA923_Schedules_2_3_4_5_M_10_2025_17DEC2025.xlsx,TOT MMBTU JUN,129260,JUN,2025-06-01,Solar,Photovoltaic,Solar,total-fuel-consumed,Solar - Photovoltaic - Solar - Total Fuel Consumed
67147,South Cheyenne Solar,PV,SUN,SUN,,N,2025,EIA923_Schedules_2_3_4_5_M_10_2025_17DEC2025.xlsx,NETGEN JUN,37884,JUN,2025-06-01,Solar,Photovoltaic,Solar,generation,Solar - Photovoltaic - Solar - Generation
67147,South Cheyenne Solar,PV,SUN,SUN,,N,2025,EIA923_Schedules_2_3_4_5_M_10_2025_17DEC2025.xlsx,TOT MMBTU JUL,123235,JUL,2025-07-01,Solar,Photovoltaic,Solar,total-fuel-consumed,Solar - Photovoltaic - Solar - Total Fuel Consumed
67147,South Cheyenne Solar,PV,SUN,SUN,,N,2025,EIA923_Schedules_2_3_4_5_M_10_2025_17DEC2025.xlsx,ELEC MMBTU JUL,123235,JUL,2025-07-01,Solar,Photovoltaic,Solar,quantity-consumed-electricity,Solar - Photovoltaic - Solar - Quantity Consumed For Electricity
67147,South Cheyenne Solar,PV,SUN,SUN,,N,2025,EIA923_Schedules_2_3_4_5_M_10_2025_17DEC2025.xlsx,NETGEN JUL,36118,JUL,2025-07-01,Solar,Photovoltaic,Solar,generation,Solar - Photovoltaic - Solar - Generation
67147,South Cheyenne Solar,PV,SUN,SUN,,N,2025,EIA923_Schedules_2_3_4_5_M_10_2025_17DEC2025.xlsx,NETGEN AUG,34104,AUG,2025-08-01,Solar,Photovoltaic,Solar,generation,Solar - Photovoltaic - Solar - Generation
67147,South Cheyenne Solar,PV,SUN,SUN,,N,2025,EIA923_Schedules_2_3_4_5_M_10_2025_17DEC2025.xlsx,TOT MMBTU AUG,116363,AUG,2025-08-01,Solar,Photovoltaic,Solar,total-fuel-consumed,Solar - Photovoltaic - Solar - Total Fuel Consumed
67147,South Cheyenne Solar,PV,SUN,SUN,,N,2025,EIA923_Schedules_2_3_4_5_M_10_2025_17DEC2025.xlsx,ELEC MMBTU AUG,116363,AUG,2025-08-01,Solar,Photovoltaic,Solar,quantity-consumed-electricity,Solar - Photovoltaic - Solar - Quantity Consumed For Electricity
67147,South Cheyenne Solar,PV,SUN,SUN,,N,2025,EIA923_Schedules_2_3_4_5_M_10_2025_17DEC2025.xlsx,TOT MMBTU SEP,98747,SEP,2025-09-01,Solar,Photovoltaic,Solar,total-fuel-consumed,Solar - Photovoltaic - Solar - Total Fuel Consumed
67147,South Cheyenne Solar,PV,SUN,SUN,,N,2025,EIA923_Schedules_2_3_4_5_M_10_2025_17DEC2025.xlsx,NETGEN SEP,28941,SEP,2025-09-01,Solar,Photovoltaic,Solar,generation,Solar - Photovoltaic - Solar - Generation
67147,South Cheyenne Solar,PV,SUN,SUN,,N,2025,EIA923_Schedules_2_3_4_5_M_10_2025_17DEC2025.xlsx,ELEC MMBTU SEP,98747,SEP,2025-09-01,Solar,Photovoltaic,Solar,quantity-consumed-electricity,Solar - Photovoltaic - Solar - Quantity Consumed For Electricity
67147,South Cheyenne Solar,PV,SUN,SUN,,N,2025,EIA923_Schedules_2_3_4_5_M_10_2025_17DEC2025.xlsx,NETGEN OCT,22182,OCT,2025-10-01,Solar,Photovoltaic,Solar,generation,Solar - Photovoltaic - Solar - Generation
67147,South Cheyenne Solar,PV,SUN,SUN,,N,2025,EIA923_Schedules_2_3_4_5_M_10_2025_17DEC2025.xlsx,TOT MMBTU OCT,75685,OCT,2025-10-01,Solar,Photovoltaic,Solar,total-fuel-consumed,Solar - Photovoltaic - Solar - Total Fuel Consumed
67147,South Cheyenne Solar,PV,SUN,SUN,,N,2025,EIA923_Schedules_2_3_4_5_M_10_2025_17DEC2025.xlsx,ELEC MMBTU OCT,75685,OCT,2025-10-01,Solar,Photovoltaic,Solar,quantity-consumed-electricity,Solar - Photovoltaic - Solar - Quantity Consumed For Electricity
