PLANT ID,PLANT NAME,REPORTED PRIME MOVER,REPORTED FUEL TYPE CODE,MER FUEL TYPE CODE,NUCLEAR UNIT ID,COMBINED HEAT AND POWER PLANT,YEAR,file,variable,value,MONTH,period,energy_type,prime_mover_type,mer_type,common_name,sensor_name
68725,Tri County - TenK,PV,SUN,SUN,,N,2024,EIA923_Schedules_2_3_4_5_M_12_2024_Final.xlsx,TOT MMBTU JAN,314,JAN,2024-01-01,Solar,Photovoltaic,Solar,total-fuel-consumed,Solar - Photovoltaic - Solar - Total Fuel Consumed
68725,Tri County - TenK,PV,SUN,SUN,,N,2024,EIA923_Schedules_2_3_4_5_M_12_2024_Final.xlsx,NETGEN JAN,92,JAN,2024-01-01,Solar,Photovoltaic,Solar,generation,Solar - Photovoltaic - Solar - Generation
68725,Tri County - TenK,PV,SUN,SUN,,N,2024,EIA923_Schedules_2_3_4_5_M_12_2024_Final.xlsx,ELEC MMBTU JAN,314,JAN,2024-01-01,Solar,Photovoltaic,Solar,quantity-consumed-electricity,Solar - Photovoltaic - Solar - Quantity Consumed For Electricity
68725,Tri County - TenK,PV,SUN,SUN,,N,2024,EIA923_Schedules_2_3_4_5_M_12_2024_Final.xlsx,NETGEN FEB,115,FEB,2024-02-01,Solar,Photovoltaic,Solar,generation,Solar - Photovoltaic - Solar - Generation
68725,Tri County - TenK,PV,SUN,SUN,,N,2024,EIA923_Schedules_2_3_4_5_M_12_2024_Final.xlsx,ELEC MMBTU FEB,392,FEB,2024-02-01,Solar,Photovoltaic,Solar,quantity-consumed-electricity,Solar - Photovoltaic - Solar - Quantity Consumed For Electricity
68725,Tri County - TenK,PV,SUN,SUN,,N,2024,EIA923_Schedules_2_3_4_5_M_12_2024_Final.xlsx,TOT MMBTU FEB,392,FEB,2024-02-01,Solar,Photovoltaic,Solar,total-fuel-consumed,Solar - Photovoltaic - Solar - Total Fuel Consumed
68725,Tri County - TenK,PV,SUN,SUN,,N,2024,EIA923_Schedules_2_3_4_5_M_12_2024_Final.xlsx,NETGEN MAR,159,MAR,2024-03-01,Solar,Photovoltaic,Solar,generation,Solar - Photovoltaic - Solar - Generation
68725,Tri County - TenK,PV,SUN,SUN,,N,2024,EIA923_Schedules_2_3_4_5_M_12_2024_Final.xlsx,TOT MMBTU MAR,543,MAR,2024-03-01,Solar,Photovoltaic,Solar,total-fuel-consumed,Solar - Photovoltaic - Solar - Total Fuel Consumed
68725,Tri County - TenK,PV,SUN,SUN,,N,2024,EIA923_Schedules_2_3_4_5_M_12_2024_Final.xlsx,ELEC MMBTU MAR,543,MAR,2024-03-01,Solar,Photovoltaic,Solar,quantity-consumed-electricity,Solar - Photovoltaic - Solar - Quantity Consumed For Electricity
68725,Tri County - TenK,PV,SUN,SUN,,N,2024,EIA923_Schedules_2_3_4_5_M_12_2024_Final.xlsx,TOT MMBTU APR,641,APR,2024-04-01,Solar,Photovoltaic,Solar,total-fuel-consumed,Solar - Photovoltaic - Solar - Total Fuel Consumed
68725,Tri County - TenK,PV,SUN,SUN,,N,2024,EIA923_Schedules_2_3_4_5_M_12_2024_Final.xlsx,ELEC MMBTU APR,641,APR,2024-04-01,Solar,Photovoltaic,Solar,quantity-consumed-electricity,Solar - Photovoltaic - Solar - Quantity Consumed For Electricity
68725,Tri County - TenK,PV,SUN,SUN,,N,2024,EIA923_Schedules_2_3_4_5_M_12_2024_Final.xlsx,NETGEN APR,188,APR,2024-04-01,Solar,Photovoltaic,Solar,generation,Solar - Photovoltaic - Solar - Generation
68725,Tri County - TenK,PV,SUN,SUN,,N,2024,EIA923_Schedules_2_3_4_5_M_12_2024_Final.xlsx,TOT MMBTU MAY,693,MAY,2024-05-01,Solar,Photovoltaic,Solar,total-fuel-consumed,Solar - Photovoltaic - Solar - Total Fuel Consumed
68725,Tri County - TenK,PV,SUN,SUN,,N,2024,EIA923_Schedules_2_3_4_5_M_12_2024_Final.xlsx,ELEC MMBTU MAY,693,MAY,2024-05-01,Solar,Photovoltaic,Solar,quantity-consumed-electricity,Solar - Photovoltaic - Solar - Quantity Consumed For Electricity
68725,Tri County - TenK,PV,SUN,SUN,,N,2024,EIA923_Schedules_2_3_4_5_M_12_2024_Final.xlsx,NETGEN MAY,203,MAY,2024-05-01,Solar,Photovoltaic,Solar,generation,Solar - Photovoltaic - Solar - Generation
68725,Tri County - TenK,PV,SUN,SUN,,N,2024,EIA923_Schedules_2_3_4_5_M_12_2024_Final.xlsx,ELEC MMBTU JUN,672,JUN,2024-06-01,Solar,Photovoltaic,Solar,quantity-consumed-electricity,Solar - Photovoltaic - Solar - Quantity Consumed For Electricity
68725,Tri County - TenK,PV,SUN,SUN,,N,2024,EIA923_Schedules_2_3_4_5_M_12_2024_Final.xlsx,TOT MMBTU JUN,672,JUN,2024-06-01,Solar,Photovoltaic,Solar,total-fuel-consumed,Solar - Photovoltaic - Solar - Total Fuel Consumed
68725,Tri County - TenK,PV,SUN,SUN,,N,2024,EIA923_Schedules_2_3_4_5_M_12_2024_Final.xlsx,NETGEN JUN,197,JUN,2024-06-01,Solar,Photovoltaic,Solar,generation,Solar - Photovoltaic - Solar - Generation
68725,Tri County - TenK,PV,SUN,SUN,,N,2024,EIA923_Schedules_2_3_4_5_M_12_2024_Final.xlsx,NETGEN JUL,0,JUL,2024-07-01,Solar,Photovoltaic,Solar,generation,Solar - Photovoltaic - Solar - Generation
68725,Tri County - TenK,PV,SUN,SUN,,N,2024,EIA923_Schedules_2_3_4_5_M_12_2024_Final.xlsx,ELEC MMBTU JUL,0,JUL,2024-07-01,Solar,Photovoltaic,Solar,quantity-consumed-electricity,Solar - Photovoltaic - Solar - Quantity Consumed For Electricity
68725,Tri County - TenK,PV,SUN,SUN,,N,2024,EIA923_Schedules_2_3_4_5_M_12_2024_Final.xlsx,TOT MMBTU JUL,0,JUL,2024-07-01,Solar,Photovoltaic,Solar,total-fuel-consumed,Solar - Photovoltaic - Solar - Total Fuel Consumed
68725,Tri County - TenK,PV,SUN,SUN,,N,2024,EIA923_Schedules_2_3_4_5_M_12_2024_Final.xlsx,NETGEN AUG,0,AUG,2024-08-01,Solar,Photovoltaic,Solar,generation,Solar - Photovoltaic - Solar - Generation
68725,Tri County - TenK,PV,SUN,SUN,,N,2024,EIA923_Schedules_2_3_4_5_M_12_2024_Final.xlsx,ELEC MMBTU AUG,0,AUG,2024-08-01,Solar,Photovoltaic,Solar,quantity-consumed-electricity,Solar - Photovoltaic - Solar - Quantity Consumed For Electricity
68725,Tri County - TenK,PV,SUN,SUN,,N,2024,EIA923_Schedules_2_3_4_5_M_12_2024_Final.xlsx,TOT MMBTU AUG,0,AUG,2024-08-01,Solar,Photovoltaic,Solar,total-fuel-consumed,Solar - Photovoltaic - Solar - Total Fuel Consumed
68725,Tri County - TenK,PV,SUN,SUN,,N,2024,EIA923_Schedules_2_3_4_5_M_12_2024_Final.xlsx,ELEC MMBTU SEP,0,SEP,2024-09-01,Solar,Photovoltaic,Solar,quantity-consumed-electricity,Solar - Photovoltaic - Solar - Quantity Consumed For Electricity
68725,Tri County - TenK,PV,SUN,SUN,,N,2024,EIA923_Schedules_2_3_4_5_M_12_2024_Final.xlsx,TOT MMBTU SEP,0,SEP,2024-09-01,Solar,Photovoltaic,Solar,total-fuel-consumed,Solar - Photovoltaic - Solar - Total Fuel Consumed
68725,Tri County - TenK,PV,SUN,SUN,,N,2024,EIA923_Schedules_2_3_4_5_M_12_2024_Final.xlsx,NETGEN SEP,0,SEP,2024-09-01,Solar,Photovoltaic,Solar,generation,Solar - Photovoltaic - Solar - Generation
68725,Tri County - TenK,PV,SUN,SUN,,N,2024,EIA923_Schedules_2_3_4_5_M_12_2024_Final.xlsx,NETGEN OCT,0,OCT,2024-10-01,Solar,Photovoltaic,Solar,generation,Solar - Photovoltaic - Solar - Generation
68725,Tri County - TenK,PV,SUN,SUN,,N,2024,EIA923_Schedules_2_3_4_5_M_12_2024_Final.xlsx,TOT MMBTU OCT,0,OCT,2024-10-01,Solar,Photovoltaic,Solar,total-fuel-consumed,Solar - Photovoltaic - Solar - Total Fuel Consumed
68725,Tri County - TenK,PV,SUN,SUN,,N,2024,EIA923_Schedules_2_3_4_5_M_12_2024_Final.xlsx,ELEC MMBTU OCT,0,OCT,2024-10-01,Solar,Photovoltaic,Solar,quantity-consumed-electricity,Solar - Photovoltaic - Solar - Quantity Consumed For Electricity
68725,Tri County - TenK,PV,SUN,SUN,,N,2024,EIA923_Schedules_2_3_4_5_M_12_2024_Final.xlsx,ELEC MMBTU NOV,0,NOV,2024-11-01,Solar,Photovoltaic,Solar,quantity-consumed-electricity,Solar - Photovoltaic - Solar - Quantity Consumed For Electricity
68725,Tri County - TenK,PV,SUN,SUN,,N,2024,EIA923_Schedules_2_3_4_5_M_12_2024_Final.xlsx,NETGEN NOV,0,NOV,2024-11-01,Solar,Photovoltaic,Solar,generation,Solar - Photovoltaic - Solar - Generation
68725,Tri County - TenK,PV,SUN,SUN,,N,2024,EIA923_Schedules_2_3_4_5_M_12_2024_Final.xlsx,TOT MMBTU NOV,0,NOV,2024-11-01,Solar,Photovoltaic,Solar,total-fuel-consumed,Solar - Photovoltaic - Solar - Total Fuel Consumed
68725,Tri County - TenK,PV,SUN,SUN,,N,2024,EIA923_Schedules_2_3_4_5_M_12_2024_Final.xlsx,TOT MMBTU DEC,0,DEC,2024-12-01,Solar,Photovoltaic,Solar,total-fuel-consumed,Solar - Photovoltaic - Solar - Total Fuel Consumed
68725,Tri County - TenK,PV,SUN,SUN,,N,2024,EIA923_Schedules_2_3_4_5_M_12_2024_Final.xlsx,ELEC MMBTU DEC,0,DEC,2024-12-01,Solar,Photovoltaic,Solar,quantity-consumed-electricity,Solar - Photovoltaic - Solar - Quantity Consumed For Electricity
68725,Tri County - TenK,PV,SUN,SUN,,N,2024,EIA923_Schedules_2_3_4_5_M_12_2024_Final.xlsx,NETGEN DEC,0,DEC,2024-12-01,Solar,Photovoltaic,Solar,generation,Solar - Photovoltaic - Solar - Generation
